A,B,C,fit,strange,score,text
A01,B01,C01,2,3,6,Agents that can pay per request (x402 / stablecoin micropayments) || SMEs answer many differently-worded sustainability requests from banks/customers || Airline yield management: price changes by demand minute to minute
A01,B01,C02,1,3,3,"Agents that can pay per request (x402 / stablecoin micropayments) || SMEs answer many differently-worded sustainability requests from banks/customers || Chess/Elo rating: ranking from pairwise outcomes, no absolute measure needed"
A01,B01,C03,1,3,3,Agents that can pay per request (x402 / stablecoin micropayments) || SMEs answer many differently-worded sustainability requests from banks/customers || Blood-bank / organ matching: time-critical allocation of scarce perishable supply
A01,B01,C04,1,2,2,Agents that can pay per request (x402 / stablecoin micropayments) || SMEs answer many differently-worded sustainability requests from banks/customers || Reinsurance: pooling many small risks and selling slices to big capital
A01,B01,C05,1,3,3,Agents that can pay per request (x402 / stablecoin micropayments) || SMEs answer many differently-worded sustainability requests from banks/customers || Air-traffic control: live deconfliction of many actors in shared space
A01,B01,C06,2,3,6,Agents that can pay per request (x402 / stablecoin micropayments) || SMEs answer many differently-worded sustainability requests from banks/customers || Spotify royalties: tiny usage events settled into automatic payouts
A01,B01,C07,1,3,3,Agents that can pay per request (x402 / stablecoin micropayments) || SMEs answer many differently-worded sustainability requests from banks/customers || Carfax-style history report built from many third-party events
A01,B01,C08,1,3,3,Agents that can pay per request (x402 / stablecoin micropayments) || SMEs answer many differently-worded sustainability requests from banks/customers || Ant colony / stigmergy: coordination through traces left in the environment
A01,B01,C09,1,3,3,Agents that can pay per request (x402 / stablecoin micropayments) || SMEs answer many differently-worded sustainability requests from banks/customers || Clinical triage: route cases by urgency with a short standard question set
A01,B01,C10,1,2,2,Agents that can pay per request (x402 / stablecoin micropayments) || SMEs answer many differently-worded sustainability requests from banks/customers || Futures market: sell next season's output today to lock a price
A01,B01,C11,2,3,6,"Agents that can pay per request (x402 / stablecoin micropayments) || SMEs answer many differently-worded sustainability requests from banks/customers || Container shipping standard (TEU): one box fits every ship, truck, crane"
A01,B01,C12,1,3,3,Agents that can pay per request (x402 / stablecoin micropayments) || SMEs answer many differently-worded sustainability requests from banks/customers || Speedrun/leaderboard gaming: public live competition drives behaviour
A01,B01,C13,2,2,4,Agents that can pay per request (x402 / stablecoin micropayments) || SMEs answer many differently-worded sustainability requests from banks/customers || Tontine / rotating savings club (ROSCA): members fund each other in turn
A01,B01,C14,2,2,4,Agents that can pay per request (x402 / stablecoin micropayments) || SMEs answer many differently-worded sustainability requests from banks/customers || Prediction market: price aggregates dispersed knowledge into a probability
A01,B01,C15,1,3,3,Agents that can pay per request (x402 / stablecoin micropayments) || SMEs answer many differently-worded sustainability requests from banks/customers || Pharmacovigilance: tiny signals from many reports detect rare problems early
A01,B02,C01,4,3,12,Agents that can pay per request (x402 / stablecoin micropayments) || Energy cost is a major barrier for ~50% of EU firms; SMEs under-invest in efficiency || Airline yield management: price changes by demand minute to minute
A01,B02,C02,1,3,3,"Agents that can pay per request (x402 / stablecoin micropayments) || Energy cost is a major barrier for ~50% of EU firms; SMEs under-invest in efficiency || Chess/Elo rating: ranking from pairwise outcomes, no absolute measure needed"
A01,B02,C03,2,3,6,Agents that can pay per request (x402 / stablecoin micropayments) || Energy cost is a major barrier for ~50% of EU firms; SMEs under-invest in efficiency || Blood-bank / organ matching: time-critical allocation of scarce perishable supply
A01,B02,C04,2,2,4,Agents that can pay per request (x402 / stablecoin micropayments) || Energy cost is a major barrier for ~50% of EU firms; SMEs under-invest in efficiency || Reinsurance: pooling many small risks and selling slices to big capital
A01,B02,C05,2,3,6,Agents that can pay per request (x402 / stablecoin micropayments) || Energy cost is a major barrier for ~50% of EU firms; SMEs under-invest in efficiency || Air-traffic control: live deconfliction of many actors in shared space
A01,B02,C06,3,3,9,Agents that can pay per request (x402 / stablecoin micropayments) || Energy cost is a major barrier for ~50% of EU firms; SMEs under-invest in efficiency || Spotify royalties: tiny usage events settled into automatic payouts
A01,B02,C07,1,3,3,Agents that can pay per request (x402 / stablecoin micropayments) || Energy cost is a major barrier for ~50% of EU firms; SMEs under-invest in efficiency || Carfax-style history report built from many third-party events
A01,B02,C08,2,3,6,Agents that can pay per request (x402 / stablecoin micropayments) || Energy cost is a major barrier for ~50% of EU firms; SMEs under-invest in efficiency || Ant colony / stigmergy: coordination through traces left in the environment
A01,B02,C09,1,3,3,Agents that can pay per request (x402 / stablecoin micropayments) || Energy cost is a major barrier for ~50% of EU firms; SMEs under-invest in efficiency || Clinical triage: route cases by urgency with a short standard question set
A01,B02,C10,3,2,6,Agents that can pay per request (x402 / stablecoin micropayments) || Energy cost is a major barrier for ~50% of EU firms; SMEs under-invest in efficiency || Futures market: sell next season's output today to lock a price
A01,B02,C11,1,3,3,"Agents that can pay per request (x402 / stablecoin micropayments) || Energy cost is a major barrier for ~50% of EU firms; SMEs under-invest in efficiency || Container shipping standard (TEU): one box fits every ship, truck, crane"
A01,B02,C12,2,3,6,Agents that can pay per request (x402 / stablecoin micropayments) || Energy cost is a major barrier for ~50% of EU firms; SMEs under-invest in efficiency || Speedrun/leaderboard gaming: public live competition drives behaviour
A01,B02,C13,4,2,8,Agents that can pay per request (x402 / stablecoin micropayments) || Energy cost is a major barrier for ~50% of EU firms; SMEs under-invest in efficiency || Tontine / rotating savings club (ROSCA): members fund each other in turn
A01,B02,C14,3,2,6,Agents that can pay per request (x402 / stablecoin micropayments) || Energy cost is a major barrier for ~50% of EU firms; SMEs under-invest in efficiency || Prediction market: price aggregates dispersed knowledge into a probability
A01,B02,C15,1,3,3,Agents that can pay per request (x402 / stablecoin micropayments) || Energy cost is a major barrier for ~50% of EU firms; SMEs under-invest in efficiency || Pharmacovigilance: tiny signals from many reports detect rare problems early
A01,B03,C01,4,2,8,Agents that can pay per request (x402 / stablecoin micropayments) || Late payment: ~50% of EU invoices paid late; SMEs hit hardest || Airline yield management: price changes by demand minute to minute
A01,B03,C02,1,2,2,"Agents that can pay per request (x402 / stablecoin micropayments) || Late payment: ~50% of EU invoices paid late; SMEs hit hardest || Chess/Elo rating: ranking from pairwise outcomes, no absolute measure needed"
A01,B03,C03,2,2,4,Agents that can pay per request (x402 / stablecoin micropayments) || Late payment: ~50% of EU invoices paid late; SMEs hit hardest || Blood-bank / organ matching: time-critical allocation of scarce perishable supply
A01,B03,C04,2,0,0,Agents that can pay per request (x402 / stablecoin micropayments) || Late payment: ~50% of EU invoices paid late; SMEs hit hardest || Reinsurance: pooling many small risks and selling slices to big capital
A01,B03,C05,2,2,4,Agents that can pay per request (x402 / stablecoin micropayments) || Late payment: ~50% of EU invoices paid late; SMEs hit hardest || Air-traffic control: live deconfliction of many actors in shared space
A01,B03,C06,3,2,6,Agents that can pay per request (x402 / stablecoin micropayments) || Late payment: ~50% of EU invoices paid late; SMEs hit hardest || Spotify royalties: tiny usage events settled into automatic payouts
A01,B03,C07,1,2,2,Agents that can pay per request (x402 / stablecoin micropayments) || Late payment: ~50% of EU invoices paid late; SMEs hit hardest || Carfax-style history report built from many third-party events
A01,B03,C08,2,2,4,Agents that can pay per request (x402 / stablecoin micropayments) || Late payment: ~50% of EU invoices paid late; SMEs hit hardest || Ant colony / stigmergy: coordination through traces left in the environment
A01,B03,C09,1,2,2,Agents that can pay per request (x402 / stablecoin micropayments) || Late payment: ~50% of EU invoices paid late; SMEs hit hardest || Clinical triage: route cases by urgency with a short standard question set
A01,B03,C10,3,0,0,Agents that can pay per request (x402 / stablecoin micropayments) || Late payment: ~50% of EU invoices paid late; SMEs hit hardest || Futures market: sell next season's output today to lock a price
A01,B03,C11,1,2,2,"Agents that can pay per request (x402 / stablecoin micropayments) || Late payment: ~50% of EU invoices paid late; SMEs hit hardest || Container shipping standard (TEU): one box fits every ship, truck, crane"
A01,B03,C12,2,2,4,Agents that can pay per request (x402 / stablecoin micropayments) || Late payment: ~50% of EU invoices paid late; SMEs hit hardest || Speedrun/leaderboard gaming: public live competition drives behaviour
A01,B03,C13,4,0,0,Agents that can pay per request (x402 / stablecoin micropayments) || Late payment: ~50% of EU invoices paid late; SMEs hit hardest || Tontine / rotating savings club (ROSCA): members fund each other in turn
A01,B03,C14,3,0,0,Agents that can pay per request (x402 / stablecoin micropayments) || Late payment: ~50% of EU invoices paid late; SMEs hit hardest || Prediction market: price aggregates dispersed knowledge into a probability
A01,B03,C15,1,2,2,Agents that can pay per request (x402 / stablecoin micropayments) || Late payment: ~50% of EU invoices paid late; SMEs hit hardest || Pharmacovigilance: tiny signals from many reports detect rare problems early
A01,B04,C01,2,3,6,"Agents that can pay per request (x402 / stablecoin micropayments) || Cyprus water scarcity: desalination dependence, reservoirs below 20% (2025) || Airline yield management: price changes by demand minute to minute"
A01,B04,C02,0,3,0,"Agents that can pay per request (x402 / stablecoin micropayments) || Cyprus water scarcity: desalination dependence, reservoirs below 20% (2025) || Chess/Elo rating: ranking from pairwise outcomes, no absolute measure needed"
A01,B04,C03,1,3,3,"Agents that can pay per request (x402 / stablecoin micropayments) || Cyprus water scarcity: desalination dependence, reservoirs below 20% (2025) || Blood-bank / organ matching: time-critical allocation of scarce perishable supply"
A01,B04,C04,0,2,0,"Agents that can pay per request (x402 / stablecoin micropayments) || Cyprus water scarcity: desalination dependence, reservoirs below 20% (2025) || Reinsurance: pooling many small risks and selling slices to big capital"
A01,B04,C05,2,3,6,"Agents that can pay per request (x402 / stablecoin micropayments) || Cyprus water scarcity: desalination dependence, reservoirs below 20% (2025) || Air-traffic control: live deconfliction of many actors in shared space"
A01,B04,C06,1,3,3,"Agents that can pay per request (x402 / stablecoin micropayments) || Cyprus water scarcity: desalination dependence, reservoirs below 20% (2025) || Spotify royalties: tiny usage events settled into automatic payouts"
A01,B04,C07,0,3,0,"Agents that can pay per request (x402 / stablecoin micropayments) || Cyprus water scarcity: desalination dependence, reservoirs below 20% (2025) || Carfax-style history report built from many third-party events"
A01,B04,C08,2,3,6,"Agents that can pay per request (x402 / stablecoin micropayments) || Cyprus water scarcity: desalination dependence, reservoirs below 20% (2025) || Ant colony / stigmergy: coordination through traces left in the environment"
A01,B04,C09,0,3,0,"Agents that can pay per request (x402 / stablecoin micropayments) || Cyprus water scarcity: desalination dependence, reservoirs below 20% (2025) || Clinical triage: route cases by urgency with a short standard question set"
A01,B04,C10,2,2,4,"Agents that can pay per request (x402 / stablecoin micropayments) || Cyprus water scarcity: desalination dependence, reservoirs below 20% (2025) || Futures market: sell next season's output today to lock a price"
A01,B04,C11,0,3,0,"Agents that can pay per request (x402 / stablecoin micropayments) || Cyprus water scarcity: desalination dependence, reservoirs below 20% (2025) || Container shipping standard (TEU): one box fits every ship, truck, crane"
A01,B04,C12,1,3,3,"Agents that can pay per request (x402 / stablecoin micropayments) || Cyprus water scarcity: desalination dependence, reservoirs below 20% (2025) || Speedrun/leaderboard gaming: public live competition drives behaviour"
A01,B04,C13,1,2,2,"Agents that can pay per request (x402 / stablecoin micropayments) || Cyprus water scarcity: desalination dependence, reservoirs below 20% (2025) || Tontine / rotating savings club (ROSCA): members fund each other in turn"
A01,B04,C14,1,2,2,"Agents that can pay per request (x402 / stablecoin micropayments) || Cyprus water scarcity: desalination dependence, reservoirs below 20% (2025) || Prediction market: price aggregates dispersed knowledge into a probability"
A01,B04,C15,0,3,0,"Agents that can pay per request (x402 / stablecoin micropayments) || Cyprus water scarcity: desalination dependence, reservoirs below 20% (2025) || Pharmacovigilance: tiny signals from many reports detect rare problems early"
A01,B05,C01,6,3,18,Agents that can pay per request (x402 / stablecoin micropayments) || Tourism seasonality: Cyprus hotels/staff idle half the year || Airline yield management: price changes by demand minute to minute
A01,B05,C02,2,3,6,"Agents that can pay per request (x402 / stablecoin micropayments) || Tourism seasonality: Cyprus hotels/staff idle half the year || Chess/Elo rating: ranking from pairwise outcomes, no absolute measure needed"
A01,B05,C03,4,3,12,Agents that can pay per request (x402 / stablecoin micropayments) || Tourism seasonality: Cyprus hotels/staff idle half the year || Blood-bank / organ matching: time-critical allocation of scarce perishable supply
A01,B05,C04,2,2,4,Agents that can pay per request (x402 / stablecoin micropayments) || Tourism seasonality: Cyprus hotels/staff idle half the year || Reinsurance: pooling many small risks and selling slices to big capital
A01,B05,C05,4,3,12,Agents that can pay per request (x402 / stablecoin micropayments) || Tourism seasonality: Cyprus hotels/staff idle half the year || Air-traffic control: live deconfliction of many actors in shared space
A01,B05,C06,4,3,12,Agents that can pay per request (x402 / stablecoin micropayments) || Tourism seasonality: Cyprus hotels/staff idle half the year || Spotify royalties: tiny usage events settled into automatic payouts
A01,B05,C07,2,3,6,Agents that can pay per request (x402 / stablecoin micropayments) || Tourism seasonality: Cyprus hotels/staff idle half the year || Carfax-style history report built from many third-party events
A01,B05,C08,4,3,12,Agents that can pay per request (x402 / stablecoin micropayments) || Tourism seasonality: Cyprus hotels/staff idle half the year || Ant colony / stigmergy: coordination through traces left in the environment
A01,B05,C09,2,3,6,Agents that can pay per request (x402 / stablecoin micropayments) || Tourism seasonality: Cyprus hotels/staff idle half the year || Clinical triage: route cases by urgency with a short standard question set
A01,B05,C10,4,2,8,Agents that can pay per request (x402 / stablecoin micropayments) || Tourism seasonality: Cyprus hotels/staff idle half the year || Futures market: sell next season's output today to lock a price
A01,B05,C11,2,3,6,"Agents that can pay per request (x402 / stablecoin micropayments) || Tourism seasonality: Cyprus hotels/staff idle half the year || Container shipping standard (TEU): one box fits every ship, truck, crane"
A01,B05,C12,5,3,15,Agents that can pay per request (x402 / stablecoin micropayments) || Tourism seasonality: Cyprus hotels/staff idle half the year || Speedrun/leaderboard gaming: public live competition drives behaviour
A01,B05,C13,4,2,8,Agents that can pay per request (x402 / stablecoin micropayments) || Tourism seasonality: Cyprus hotels/staff idle half the year || Tontine / rotating savings club (ROSCA): members fund each other in turn
A01,B05,C14,4,2,8,Agents that can pay per request (x402 / stablecoin micropayments) || Tourism seasonality: Cyprus hotels/staff idle half the year || Prediction market: price aggregates dispersed knowledge into a probability
A01,B05,C15,2,3,6,Agents that can pay per request (x402 / stablecoin micropayments) || Tourism seasonality: Cyprus hotels/staff idle half the year || Pharmacovigilance: tiny signals from many reports detect rare problems early
A01,B06,C01,2,3,6,Agents that can pay per request (x402 / stablecoin micropayments) || Red tape: EU SMEs cite administrative burden as top obstacle (Eurobarometer 2023) || Airline yield management: price changes by demand minute to minute
A01,B06,C02,0,3,0,"Agents that can pay per request (x402 / stablecoin micropayments) || Red tape: EU SMEs cite administrative burden as top obstacle (Eurobarometer 2023) || Chess/Elo rating: ranking from pairwise outcomes, no absolute measure needed"
A01,B06,C03,1,3,3,Agents that can pay per request (x402 / stablecoin micropayments) || Red tape: EU SMEs cite administrative burden as top obstacle (Eurobarometer 2023) || Blood-bank / organ matching: time-critical allocation of scarce perishable supply
A01,B06,C04,0,2,0,Agents that can pay per request (x402 / stablecoin micropayments) || Red tape: EU SMEs cite administrative burden as top obstacle (Eurobarometer 2023) || Reinsurance: pooling many small risks and selling slices to big capital
A01,B06,C05,1,3,3,Agents that can pay per request (x402 / stablecoin micropayments) || Red tape: EU SMEs cite administrative burden as top obstacle (Eurobarometer 2023) || Air-traffic control: live deconfliction of many actors in shared space
A01,B06,C06,1,3,3,Agents that can pay per request (x402 / stablecoin micropayments) || Red tape: EU SMEs cite administrative burden as top obstacle (Eurobarometer 2023) || Spotify royalties: tiny usage events settled into automatic payouts
A01,B06,C07,0,3,0,Agents that can pay per request (x402 / stablecoin micropayments) || Red tape: EU SMEs cite administrative burden as top obstacle (Eurobarometer 2023) || Carfax-style history report built from many third-party events
A01,B06,C08,1,3,3,Agents that can pay per request (x402 / stablecoin micropayments) || Red tape: EU SMEs cite administrative burden as top obstacle (Eurobarometer 2023) || Ant colony / stigmergy: coordination through traces left in the environment
A01,B06,C09,1,3,3,Agents that can pay per request (x402 / stablecoin micropayments) || Red tape: EU SMEs cite administrative burden as top obstacle (Eurobarometer 2023) || Clinical triage: route cases by urgency with a short standard question set
A01,B06,C10,1,2,2,Agents that can pay per request (x402 / stablecoin micropayments) || Red tape: EU SMEs cite administrative burden as top obstacle (Eurobarometer 2023) || Futures market: sell next season's output today to lock a price
A01,B06,C11,1,3,3,"Agents that can pay per request (x402 / stablecoin micropayments) || Red tape: EU SMEs cite administrative burden as top obstacle (Eurobarometer 2023) || Container shipping standard (TEU): one box fits every ship, truck, crane"
A01,B06,C12,1,3,3,Agents that can pay per request (x402 / stablecoin micropayments) || Red tape: EU SMEs cite administrative burden as top obstacle (Eurobarometer 2023) || Speedrun/leaderboard gaming: public live competition drives behaviour
A01,B06,C13,1,2,2,Agents that can pay per request (x402 / stablecoin micropayments) || Red tape: EU SMEs cite administrative burden as top obstacle (Eurobarometer 2023) || Tontine / rotating savings club (ROSCA): members fund each other in turn
A01,B06,C14,1,2,2,Agents that can pay per request (x402 / stablecoin micropayments) || Red tape: EU SMEs cite administrative burden as top obstacle (Eurobarometer 2023) || Prediction market: price aggregates dispersed knowledge into a probability
A01,B06,C15,0,3,0,Agents that can pay per request (x402 / stablecoin micropayments) || Red tape: EU SMEs cite administrative burden as top obstacle (Eurobarometer 2023) || Pharmacovigilance: tiny signals from many reports detect rare problems early
A01,B07,C01,2,3,6,Agents that can pay per request (x402 / stablecoin micropayments) || Farmers lose crops to heat/drought with slow or no insurance payout || Airline yield management: price changes by demand minute to minute
A01,B07,C02,0,3,0,"Agents that can pay per request (x402 / stablecoin micropayments) || Farmers lose crops to heat/drought with slow or no insurance payout || Chess/Elo rating: ranking from pairwise outcomes, no absolute measure needed"
A01,B07,C03,1,3,3,Agents that can pay per request (x402 / stablecoin micropayments) || Farmers lose crops to heat/drought with slow or no insurance payout || Blood-bank / organ matching: time-critical allocation of scarce perishable supply
A01,B07,C04,1,2,2,Agents that can pay per request (x402 / stablecoin micropayments) || Farmers lose crops to heat/drought with slow or no insurance payout || Reinsurance: pooling many small risks and selling slices to big capital
A01,B07,C05,1,3,3,Agents that can pay per request (x402 / stablecoin micropayments) || Farmers lose crops to heat/drought with slow or no insurance payout || Air-traffic control: live deconfliction of many actors in shared space
A01,B07,C06,1,3,3,Agents that can pay per request (x402 / stablecoin micropayments) || Farmers lose crops to heat/drought with slow or no insurance payout || Spotify royalties: tiny usage events settled into automatic payouts
A01,B07,C07,0,3,0,Agents that can pay per request (x402 / stablecoin micropayments) || Farmers lose crops to heat/drought with slow or no insurance payout || Carfax-style history report built from many third-party events
A01,B07,C08,1,2,2,Agents that can pay per request (x402 / stablecoin micropayments) || Farmers lose crops to heat/drought with slow or no insurance payout || Ant colony / stigmergy: coordination through traces left in the environment
A01,B07,C09,0,3,0,Agents that can pay per request (x402 / stablecoin micropayments) || Farmers lose crops to heat/drought with slow or no insurance payout || Clinical triage: route cases by urgency with a short standard question set
A01,B07,C10,2,2,4,Agents that can pay per request (x402 / stablecoin micropayments) || Farmers lose crops to heat/drought with slow or no insurance payout || Futures market: sell next season's output today to lock a price
A01,B07,C11,0,3,0,"Agents that can pay per request (x402 / stablecoin micropayments) || Farmers lose crops to heat/drought with slow or no insurance payout || Container shipping standard (TEU): one box fits every ship, truck, crane"
A01,B07,C12,1,3,3,Agents that can pay per request (x402 / stablecoin micropayments) || Farmers lose crops to heat/drought with slow or no insurance payout || Speedrun/leaderboard gaming: public live competition drives behaviour
A01,B07,C13,1,2,2,Agents that can pay per request (x402 / stablecoin micropayments) || Farmers lose crops to heat/drought with slow or no insurance payout || Tontine / rotating savings club (ROSCA): members fund each other in turn
A01,B07,C14,1,2,2,Agents that can pay per request (x402 / stablecoin micropayments) || Farmers lose crops to heat/drought with slow or no insurance payout || Prediction market: price aggregates dispersed knowledge into a probability
A01,B07,C15,0,3,0,Agents that can pay per request (x402 / stablecoin micropayments) || Farmers lose crops to heat/drought with slow or no insurance payout || Pharmacovigilance: tiny signals from many reports detect rare problems early
A01,B08,C01,2,3,6,"Agents that can pay per request (x402 / stablecoin micropayments) || Food waste: ~130 kg per EU citizen/year, retail+hospitality large share || Airline yield management: price changes by demand minute to minute"
A01,B08,C02,0,3,0,"Agents that can pay per request (x402 / stablecoin micropayments) || Food waste: ~130 kg per EU citizen/year, retail+hospitality large share || Chess/Elo rating: ranking from pairwise outcomes, no absolute measure needed"
A01,B08,C03,2,3,6,"Agents that can pay per request (x402 / stablecoin micropayments) || Food waste: ~130 kg per EU citizen/year, retail+hospitality large share || Blood-bank / organ matching: time-critical allocation of scarce perishable supply"
A01,B08,C04,0,2,0,"Agents that can pay per request (x402 / stablecoin micropayments) || Food waste: ~130 kg per EU citizen/year, retail+hospitality large share || Reinsurance: pooling many small risks and selling slices to big capital"
A01,B08,C05,1,3,3,"Agents that can pay per request (x402 / stablecoin micropayments) || Food waste: ~130 kg per EU citizen/year, retail+hospitality large share || Air-traffic control: live deconfliction of many actors in shared space"
A01,B08,C06,1,3,3,"Agents that can pay per request (x402 / stablecoin micropayments) || Food waste: ~130 kg per EU citizen/year, retail+hospitality large share || Spotify royalties: tiny usage events settled into automatic payouts"
A01,B08,C07,1,3,3,"Agents that can pay per request (x402 / stablecoin micropayments) || Food waste: ~130 kg per EU citizen/year, retail+hospitality large share || Carfax-style history report built from many third-party events"
A01,B08,C08,1,3,3,"Agents that can pay per request (x402 / stablecoin micropayments) || Food waste: ~130 kg per EU citizen/year, retail+hospitality large share || Ant colony / stigmergy: coordination through traces left in the environment"
A01,B08,C09,0,3,0,"Agents that can pay per request (x402 / stablecoin micropayments) || Food waste: ~130 kg per EU citizen/year, retail+hospitality large share || Clinical triage: route cases by urgency with a short standard question set"
A01,B08,C10,1,2,2,"Agents that can pay per request (x402 / stablecoin micropayments) || Food waste: ~130 kg per EU citizen/year, retail+hospitality large share || Futures market: sell next season's output today to lock a price"
A01,B08,C11,0,3,0,"Agents that can pay per request (x402 / stablecoin micropayments) || Food waste: ~130 kg per EU citizen/year, retail+hospitality large share || Container shipping standard (TEU): one box fits every ship, truck, crane"
A01,B08,C12,2,3,6,"Agents that can pay per request (x402 / stablecoin micropayments) || Food waste: ~130 kg per EU citizen/year, retail+hospitality large share || Speedrun/leaderboard gaming: public live competition drives behaviour"
A01,B08,C13,1,2,2,"Agents that can pay per request (x402 / stablecoin micropayments) || Food waste: ~130 kg per EU citizen/year, retail+hospitality large share || Tontine / rotating savings club (ROSCA): members fund each other in turn"
A01,B08,C14,1,2,2,"Agents that can pay per request (x402 / stablecoin micropayments) || Food waste: ~130 kg per EU citizen/year, retail+hospitality large share || Prediction market: price aggregates dispersed knowledge into a probability"
A01,B08,C15,0,3,0,"Agents that can pay per request (x402 / stablecoin micropayments) || Food waste: ~130 kg per EU citizen/year, retail+hospitality large share || Pharmacovigilance: tiny signals from many reports detect rare problems early"
A01,B09,C01,4,3,12,Agents that can pay per request (x402 / stablecoin micropayments) || Island grid curtailment: Cyprus wastes solar output at midday (no interconnector) || Airline yield management: price changes by demand minute to minute
A01,B09,C02,1,3,3,"Agents that can pay per request (x402 / stablecoin micropayments) || Island grid curtailment: Cyprus wastes solar output at midday (no interconnector) || Chess/Elo rating: ranking from pairwise outcomes, no absolute measure needed"
A01,B09,C03,3,3,9,Agents that can pay per request (x402 / stablecoin micropayments) || Island grid curtailment: Cyprus wastes solar output at midday (no interconnector) || Blood-bank / organ matching: time-critical allocation of scarce perishable supply
A01,B09,C04,1,2,2,Agents that can pay per request (x402 / stablecoin micropayments) || Island grid curtailment: Cyprus wastes solar output at midday (no interconnector) || Reinsurance: pooling many small risks and selling slices to big capital
A01,B09,C05,4,3,12,Agents that can pay per request (x402 / stablecoin micropayments) || Island grid curtailment: Cyprus wastes solar output at midday (no interconnector) || Air-traffic control: live deconfliction of many actors in shared space
A01,B09,C06,2,3,6,Agents that can pay per request (x402 / stablecoin micropayments) || Island grid curtailment: Cyprus wastes solar output at midday (no interconnector) || Spotify royalties: tiny usage events settled into automatic payouts
A01,B09,C07,1,3,3,Agents that can pay per request (x402 / stablecoin micropayments) || Island grid curtailment: Cyprus wastes solar output at midday (no interconnector) || Carfax-style history report built from many third-party events
A01,B09,C08,4,3,12,Agents that can pay per request (x402 / stablecoin micropayments) || Island grid curtailment: Cyprus wastes solar output at midday (no interconnector) || Ant colony / stigmergy: coordination through traces left in the environment
A01,B09,C09,1,3,3,Agents that can pay per request (x402 / stablecoin micropayments) || Island grid curtailment: Cyprus wastes solar output at midday (no interconnector) || Clinical triage: route cases by urgency with a short standard question set
A01,B09,C10,2,2,4,Agents that can pay per request (x402 / stablecoin micropayments) || Island grid curtailment: Cyprus wastes solar output at midday (no interconnector) || Futures market: sell next season's output today to lock a price
A01,B09,C11,1,3,3,"Agents that can pay per request (x402 / stablecoin micropayments) || Island grid curtailment: Cyprus wastes solar output at midday (no interconnector) || Container shipping standard (TEU): one box fits every ship, truck, crane"
A01,B09,C12,3,3,9,Agents that can pay per request (x402 / stablecoin micropayments) || Island grid curtailment: Cyprus wastes solar output at midday (no interconnector) || Speedrun/leaderboard gaming: public live competition drives behaviour
A01,B09,C13,2,2,4,Agents that can pay per request (x402 / stablecoin micropayments) || Island grid curtailment: Cyprus wastes solar output at midday (no interconnector) || Tontine / rotating savings club (ROSCA): members fund each other in turn
A01,B09,C14,2,2,4,Agents that can pay per request (x402 / stablecoin micropayments) || Island grid curtailment: Cyprus wastes solar output at midday (no interconnector) || Prediction market: price aggregates dispersed knowledge into a probability
A01,B09,C15,1,3,3,Agents that can pay per request (x402 / stablecoin micropayments) || Island grid curtailment: Cyprus wastes solar output at midday (no interconnector) || Pharmacovigilance: tiny signals from many reports detect rare problems early
A01,B10,C01,2,2,4,"Agents that can pay per request (x402 / stablecoin micropayments) || SMEs can't get credit: thin files, no collateral (SAFE survey) || Airline yield management: price changes by demand minute to minute"
A01,B10,C02,2,2,4,"Agents that can pay per request (x402 / stablecoin micropayments) || SMEs can't get credit: thin files, no collateral (SAFE survey) || Chess/Elo rating: ranking from pairwise outcomes, no absolute measure needed"
A01,B10,C03,1,2,2,"Agents that can pay per request (x402 / stablecoin micropayments) || SMEs can't get credit: thin files, no collateral (SAFE survey) || Blood-bank / organ matching: time-critical allocation of scarce perishable supply"
A01,B10,C04,1,0,0,"Agents that can pay per request (x402 / stablecoin micropayments) || SMEs can't get credit: thin files, no collateral (SAFE survey) || Reinsurance: pooling many small risks and selling slices to big capital"
A01,B10,C05,1,2,2,"Agents that can pay per request (x402 / stablecoin micropayments) || SMEs can't get credit: thin files, no collateral (SAFE survey) || Air-traffic control: live deconfliction of many actors in shared space"
A01,B10,C06,2,2,4,"Agents that can pay per request (x402 / stablecoin micropayments) || SMEs can't get credit: thin files, no collateral (SAFE survey) || Spotify royalties: tiny usage events settled into automatic payouts"
A01,B10,C07,1,2,2,"Agents that can pay per request (x402 / stablecoin micropayments) || SMEs can't get credit: thin files, no collateral (SAFE survey) || Carfax-style history report built from many third-party events"
A01,B10,C08,1,2,2,"Agents that can pay per request (x402 / stablecoin micropayments) || SMEs can't get credit: thin files, no collateral (SAFE survey) || Ant colony / stigmergy: coordination through traces left in the environment"
A01,B10,C09,0,2,0,"Agents that can pay per request (x402 / stablecoin micropayments) || SMEs can't get credit: thin files, no collateral (SAFE survey) || Clinical triage: route cases by urgency with a short standard question set"
A01,B10,C10,1,0,0,"Agents that can pay per request (x402 / stablecoin micropayments) || SMEs can't get credit: thin files, no collateral (SAFE survey) || Futures market: sell next season's output today to lock a price"
A01,B10,C11,1,2,2,"Agents that can pay per request (x402 / stablecoin micropayments) || SMEs can't get credit: thin files, no collateral (SAFE survey) || Container shipping standard (TEU): one box fits every ship, truck, crane"
A01,B10,C12,1,2,2,"Agents that can pay per request (x402 / stablecoin micropayments) || SMEs can't get credit: thin files, no collateral (SAFE survey) || Speedrun/leaderboard gaming: public live competition drives behaviour"
A01,B10,C13,2,0,0,"Agents that can pay per request (x402 / stablecoin micropayments) || SMEs can't get credit: thin files, no collateral (SAFE survey) || Tontine / rotating savings club (ROSCA): members fund each other in turn"
A01,B10,C14,2,0,0,"Agents that can pay per request (x402 / stablecoin micropayments) || SMEs can't get credit: thin files, no collateral (SAFE survey) || Prediction market: price aggregates dispersed knowledge into a probability"
A01,B10,C15,1,2,2,"Agents that can pay per request (x402 / stablecoin micropayments) || SMEs can't get credit: thin files, no collateral (SAFE survey) || Pharmacovigilance: tiny signals from many reports detect rare problems early"
A01,B11,C01,2,3,6,"Agents that can pay per request (x402 / stablecoin micropayments) || Used goods and repairs lack trusted history, so resale value collapses || Airline yield management: price changes by demand minute to minute"
A01,B11,C02,1,3,3,"Agents that can pay per request (x402 / stablecoin micropayments) || Used goods and repairs lack trusted history, so resale value collapses || Chess/Elo rating: ranking from pairwise outcomes, no absolute measure needed"
A01,B11,C03,2,3,6,"Agents that can pay per request (x402 / stablecoin micropayments) || Used goods and repairs lack trusted history, so resale value collapses || Blood-bank / organ matching: time-critical allocation of scarce perishable supply"
A01,B11,C04,0,2,0,"Agents that can pay per request (x402 / stablecoin micropayments) || Used goods and repairs lack trusted history, so resale value collapses || Reinsurance: pooling many small risks and selling slices to big capital"
A01,B11,C05,1,3,3,"Agents that can pay per request (x402 / stablecoin micropayments) || Used goods and repairs lack trusted history, so resale value collapses || Air-traffic control: live deconfliction of many actors in shared space"
A01,B11,C06,2,3,6,"Agents that can pay per request (x402 / stablecoin micropayments) || Used goods and repairs lack trusted history, so resale value collapses || Spotify royalties: tiny usage events settled into automatic payouts"
A01,B11,C07,2,3,6,"Agents that can pay per request (x402 / stablecoin micropayments) || Used goods and repairs lack trusted history, so resale value collapses || Carfax-style history report built from many third-party events"
A01,B11,C08,1,3,3,"Agents that can pay per request (x402 / stablecoin micropayments) || Used goods and repairs lack trusted history, so resale value collapses || Ant colony / stigmergy: coordination through traces left in the environment"
A01,B11,C09,0,3,0,"Agents that can pay per request (x402 / stablecoin micropayments) || Used goods and repairs lack trusted history, so resale value collapses || Clinical triage: route cases by urgency with a short standard question set"
A01,B11,C10,1,2,2,"Agents that can pay per request (x402 / stablecoin micropayments) || Used goods and repairs lack trusted history, so resale value collapses || Futures market: sell next season's output today to lock a price"
A01,B11,C11,2,3,6,"Agents that can pay per request (x402 / stablecoin micropayments) || Used goods and repairs lack trusted history, so resale value collapses || Container shipping standard (TEU): one box fits every ship, truck, crane"
A01,B11,C12,1,3,3,"Agents that can pay per request (x402 / stablecoin micropayments) || Used goods and repairs lack trusted history, so resale value collapses || Speedrun/leaderboard gaming: public live competition drives behaviour"
A01,B11,C13,1,2,2,"Agents that can pay per request (x402 / stablecoin micropayments) || Used goods and repairs lack trusted history, so resale value collapses || Tontine / rotating savings club (ROSCA): members fund each other in turn"
A01,B11,C14,2,2,4,"Agents that can pay per request (x402 / stablecoin micropayments) || Used goods and repairs lack trusted history, so resale value collapses || Prediction market: price aggregates dispersed knowledge into a probability"
A01,B11,C15,1,3,3,"Agents that can pay per request (x402 / stablecoin micropayments) || Used goods and repairs lack trusted history, so resale value collapses || Pharmacovigilance: tiny signals from many reports detect rare problems early"
A01,B12,C01,6,3,18,"Agents that can pay per request (x402 / stablecoin micropayments) || Staff shortages in hospitality/care; workers paid late, shifts unfilled || Airline yield management: price changes by demand minute to minute"
A01,B12,C02,2,3,6,"Agents that can pay per request (x402 / stablecoin micropayments) || Staff shortages in hospitality/care; workers paid late, shifts unfilled || Chess/Elo rating: ranking from pairwise outcomes, no absolute measure needed"
A01,B12,C03,4,3,12,"Agents that can pay per request (x402 / stablecoin micropayments) || Staff shortages in hospitality/care; workers paid late, shifts unfilled || Blood-bank / organ matching: time-critical allocation of scarce perishable supply"
A01,B12,C04,2,2,4,"Agents that can pay per request (x402 / stablecoin micropayments) || Staff shortages in hospitality/care; workers paid late, shifts unfilled || Reinsurance: pooling many small risks and selling slices to big capital"
A01,B12,C05,4,3,12,"Agents that can pay per request (x402 / stablecoin micropayments) || Staff shortages in hospitality/care; workers paid late, shifts unfilled || Air-traffic control: live deconfliction of many actors in shared space"
A01,B12,C06,4,3,12,"Agents that can pay per request (x402 / stablecoin micropayments) || Staff shortages in hospitality/care; workers paid late, shifts unfilled || Spotify royalties: tiny usage events settled into automatic payouts"
A01,B12,C07,2,3,6,"Agents that can pay per request (x402 / stablecoin micropayments) || Staff shortages in hospitality/care; workers paid late, shifts unfilled || Carfax-style history report built from many third-party events"
A01,B12,C08,4,3,12,"Agents that can pay per request (x402 / stablecoin micropayments) || Staff shortages in hospitality/care; workers paid late, shifts unfilled || Ant colony / stigmergy: coordination through traces left in the environment"
A01,B12,C09,3,3,9,"Agents that can pay per request (x402 / stablecoin micropayments) || Staff shortages in hospitality/care; workers paid late, shifts unfilled || Clinical triage: route cases by urgency with a short standard question set"
A01,B12,C10,4,2,8,"Agents that can pay per request (x402 / stablecoin micropayments) || Staff shortages in hospitality/care; workers paid late, shifts unfilled || Futures market: sell next season's output today to lock a price"
A01,B12,C11,2,3,6,"Agents that can pay per request (x402 / stablecoin micropayments) || Staff shortages in hospitality/care; workers paid late, shifts unfilled || Container shipping standard (TEU): one box fits every ship, truck, crane"
A01,B12,C12,4,3,12,"Agents that can pay per request (x402 / stablecoin micropayments) || Staff shortages in hospitality/care; workers paid late, shifts unfilled || Speedrun/leaderboard gaming: public live competition drives behaviour"
A01,B12,C13,4,2,8,"Agents that can pay per request (x402 / stablecoin micropayments) || Staff shortages in hospitality/care; workers paid late, shifts unfilled || Tontine / rotating savings club (ROSCA): members fund each other in turn"
A01,B12,C14,4,2,8,"Agents that can pay per request (x402 / stablecoin micropayments) || Staff shortages in hospitality/care; workers paid late, shifts unfilled || Prediction market: price aggregates dispersed knowledge into a probability"
A01,B12,C15,3,3,9,"Agents that can pay per request (x402 / stablecoin micropayments) || Staff shortages in hospitality/care; workers paid late, shifts unfilled || Pharmacovigilance: tiny signals from many reports detect rare problems early"
A01,B13,C01,2,3,6,Agents that can pay per request (x402 / stablecoin micropayments) || Grant and subsidy money goes unclaimed; SMEs don't know or can't apply || Airline yield management: price changes by demand minute to minute
A01,B13,C02,1,3,3,"Agents that can pay per request (x402 / stablecoin micropayments) || Grant and subsidy money goes unclaimed; SMEs don't know or can't apply || Chess/Elo rating: ranking from pairwise outcomes, no absolute measure needed"
A01,B13,C03,1,3,3,Agents that can pay per request (x402 / stablecoin micropayments) || Grant and subsidy money goes unclaimed; SMEs don't know or can't apply || Blood-bank / organ matching: time-critical allocation of scarce perishable supply
A01,B13,C04,0,2,0,Agents that can pay per request (x402 / stablecoin micropayments) || Grant and subsidy money goes unclaimed; SMEs don't know or can't apply || Reinsurance: pooling many small risks and selling slices to big capital
A01,B13,C05,1,3,3,Agents that can pay per request (x402 / stablecoin micropayments) || Grant and subsidy money goes unclaimed; SMEs don't know or can't apply || Air-traffic control: live deconfliction of many actors in shared space
A01,B13,C06,1,3,3,Agents that can pay per request (x402 / stablecoin micropayments) || Grant and subsidy money goes unclaimed; SMEs don't know or can't apply || Spotify royalties: tiny usage events settled into automatic payouts
A01,B13,C07,0,3,0,Agents that can pay per request (x402 / stablecoin micropayments) || Grant and subsidy money goes unclaimed; SMEs don't know or can't apply || Carfax-style history report built from many third-party events
A01,B13,C08,1,3,3,Agents that can pay per request (x402 / stablecoin micropayments) || Grant and subsidy money goes unclaimed; SMEs don't know or can't apply || Ant colony / stigmergy: coordination through traces left in the environment
A01,B13,C09,1,3,3,Agents that can pay per request (x402 / stablecoin micropayments) || Grant and subsidy money goes unclaimed; SMEs don't know or can't apply || Clinical triage: route cases by urgency with a short standard question set
A01,B13,C10,1,2,2,Agents that can pay per request (x402 / stablecoin micropayments) || Grant and subsidy money goes unclaimed; SMEs don't know or can't apply || Futures market: sell next season's output today to lock a price
A01,B13,C11,1,3,3,"Agents that can pay per request (x402 / stablecoin micropayments) || Grant and subsidy money goes unclaimed; SMEs don't know or can't apply || Container shipping standard (TEU): one box fits every ship, truck, crane"
A01,B13,C12,1,3,3,Agents that can pay per request (x402 / stablecoin micropayments) || Grant and subsidy money goes unclaimed; SMEs don't know or can't apply || Speedrun/leaderboard gaming: public live competition drives behaviour
A01,B13,C13,1,2,2,Agents that can pay per request (x402 / stablecoin micropayments) || Grant and subsidy money goes unclaimed; SMEs don't know or can't apply || Tontine / rotating savings club (ROSCA): members fund each other in turn
A01,B13,C14,1,2,2,Agents that can pay per request (x402 / stablecoin micropayments) || Grant and subsidy money goes unclaimed; SMEs don't know or can't apply || Prediction market: price aggregates dispersed knowledge into a probability
A01,B13,C15,0,3,0,Agents that can pay per request (x402 / stablecoin micropayments) || Grant and subsidy money goes unclaimed; SMEs don't know or can't apply || Pharmacovigilance: tiny signals from many reports detect rare problems early
A01,B14,C01,2,3,6,"Agents that can pay per request (x402 / stablecoin micropayments) || Heatwaves: buildings overheat, elderly and workers at risk (Cyprus 45C+) || Airline yield management: price changes by demand minute to minute"
A01,B14,C02,0,3,0,"Agents that can pay per request (x402 / stablecoin micropayments) || Heatwaves: buildings overheat, elderly and workers at risk (Cyprus 45C+) || Chess/Elo rating: ranking from pairwise outcomes, no absolute measure needed"
A01,B14,C03,1,2,2,"Agents that can pay per request (x402 / stablecoin micropayments) || Heatwaves: buildings overheat, elderly and workers at risk (Cyprus 45C+) || Blood-bank / organ matching: time-critical allocation of scarce perishable supply"
A01,B14,C04,1,2,2,"Agents that can pay per request (x402 / stablecoin micropayments) || Heatwaves: buildings overheat, elderly and workers at risk (Cyprus 45C+) || Reinsurance: pooling many small risks and selling slices to big capital"
A01,B14,C05,2,3,6,"Agents that can pay per request (x402 / stablecoin micropayments) || Heatwaves: buildings overheat, elderly and workers at risk (Cyprus 45C+) || Air-traffic control: live deconfliction of many actors in shared space"
A01,B14,C06,1,3,3,"Agents that can pay per request (x402 / stablecoin micropayments) || Heatwaves: buildings overheat, elderly and workers at risk (Cyprus 45C+) || Spotify royalties: tiny usage events settled into automatic payouts"
A01,B14,C07,0,3,0,"Agents that can pay per request (x402 / stablecoin micropayments) || Heatwaves: buildings overheat, elderly and workers at risk (Cyprus 45C+) || Carfax-style history report built from many third-party events"
A01,B14,C08,2,3,6,"Agents that can pay per request (x402 / stablecoin micropayments) || Heatwaves: buildings overheat, elderly and workers at risk (Cyprus 45C+) || Ant colony / stigmergy: coordination through traces left in the environment"
A01,B14,C09,0,2,0,"Agents that can pay per request (x402 / stablecoin micropayments) || Heatwaves: buildings overheat, elderly and workers at risk (Cyprus 45C+) || Clinical triage: route cases by urgency with a short standard question set"
A01,B14,C10,1,2,2,"Agents that can pay per request (x402 / stablecoin micropayments) || Heatwaves: buildings overheat, elderly and workers at risk (Cyprus 45C+) || Futures market: sell next season's output today to lock a price"
A01,B14,C11,0,3,0,"Agents that can pay per request (x402 / stablecoin micropayments) || Heatwaves: buildings overheat, elderly and workers at risk (Cyprus 45C+) || Container shipping standard (TEU): one box fits every ship, truck, crane"
A01,B14,C12,1,3,3,"Agents that can pay per request (x402 / stablecoin micropayments) || Heatwaves: buildings overheat, elderly and workers at risk (Cyprus 45C+) || Speedrun/leaderboard gaming: public live competition drives behaviour"
A01,B14,C13,1,2,2,"Agents that can pay per request (x402 / stablecoin micropayments) || Heatwaves: buildings overheat, elderly and workers at risk (Cyprus 45C+) || Tontine / rotating savings club (ROSCA): members fund each other in turn"
A01,B14,C14,1,2,2,"Agents that can pay per request (x402 / stablecoin micropayments) || Heatwaves: buildings overheat, elderly and workers at risk (Cyprus 45C+) || Prediction market: price aggregates dispersed knowledge into a probability"
A01,B14,C15,0,2,0,"Agents that can pay per request (x402 / stablecoin micropayments) || Heatwaves: buildings overheat, elderly and workers at risk (Cyprus 45C+) || Pharmacovigilance: tiny signals from many reports detect rare problems early"
A01,B15,C01,2,3,6,Agents that can pay per request (x402 / stablecoin micropayments) || Property and utility disputes between landlords and tenants over shared costs || Airline yield management: price changes by demand minute to minute
A01,B15,C02,0,3,0,"Agents that can pay per request (x402 / stablecoin micropayments) || Property and utility disputes between landlords and tenants over shared costs || Chess/Elo rating: ranking from pairwise outcomes, no absolute measure needed"
A01,B15,C03,1,3,3,Agents that can pay per request (x402 / stablecoin micropayments) || Property and utility disputes between landlords and tenants over shared costs || Blood-bank / organ matching: time-critical allocation of scarce perishable supply
A01,B15,C04,0,2,0,Agents that can pay per request (x402 / stablecoin micropayments) || Property and utility disputes between landlords and tenants over shared costs || Reinsurance: pooling many small risks and selling slices to big capital
A01,B15,C05,1,3,3,Agents that can pay per request (x402 / stablecoin micropayments) || Property and utility disputes between landlords and tenants over shared costs || Air-traffic control: live deconfliction of many actors in shared space
A01,B15,C06,1,3,3,Agents that can pay per request (x402 / stablecoin micropayments) || Property and utility disputes between landlords and tenants over shared costs || Spotify royalties: tiny usage events settled into automatic payouts
A01,B15,C07,0,3,0,Agents that can pay per request (x402 / stablecoin micropayments) || Property and utility disputes between landlords and tenants over shared costs || Carfax-style history report built from many third-party events
A01,B15,C08,1,3,3,Agents that can pay per request (x402 / stablecoin micropayments) || Property and utility disputes between landlords and tenants over shared costs || Ant colony / stigmergy: coordination through traces left in the environment
A01,B15,C09,0,3,0,Agents that can pay per request (x402 / stablecoin micropayments) || Property and utility disputes between landlords and tenants over shared costs || Clinical triage: route cases by urgency with a short standard question set
A01,B15,C10,2,2,4,Agents that can pay per request (x402 / stablecoin micropayments) || Property and utility disputes between landlords and tenants over shared costs || Futures market: sell next season's output today to lock a price
A01,B15,C11,0,3,0,"Agents that can pay per request (x402 / stablecoin micropayments) || Property and utility disputes between landlords and tenants over shared costs || Container shipping standard (TEU): one box fits every ship, truck, crane"
A01,B15,C12,1,3,3,Agents that can pay per request (x402 / stablecoin micropayments) || Property and utility disputes between landlords and tenants over shared costs || Speedrun/leaderboard gaming: public live competition drives behaviour
A01,B15,C13,2,2,4,Agents that can pay per request (x402 / stablecoin micropayments) || Property and utility disputes between landlords and tenants over shared costs || Tontine / rotating savings club (ROSCA): members fund each other in turn
A01,B15,C14,1,2,2,Agents that can pay per request (x402 / stablecoin micropayments) || Property and utility disputes between landlords and tenants over shared costs || Prediction market: price aggregates dispersed knowledge into a probability
A01,B15,C15,0,3,0,Agents that can pay per request (x402 / stablecoin micropayments) || Property and utility disputes between landlords and tenants over shared costs || Pharmacovigilance: tiny signals from many reports detect rare problems early
A02,B01,C01,1,3,3,Autonomous computer-use agents that operate any web portal || SMEs answer many differently-worded sustainability requests from banks/customers || Airline yield management: price changes by demand minute to minute
A02,B01,C02,2,3,6,"Autonomous computer-use agents that operate any web portal || SMEs answer many differently-worded sustainability requests from banks/customers || Chess/Elo rating: ranking from pairwise outcomes, no absolute measure needed"
A02,B01,C03,1,3,3,Autonomous computer-use agents that operate any web portal || SMEs answer many differently-worded sustainability requests from banks/customers || Blood-bank / organ matching: time-critical allocation of scarce perishable supply
A02,B01,C04,2,3,6,Autonomous computer-use agents that operate any web portal || SMEs answer many differently-worded sustainability requests from banks/customers || Reinsurance: pooling many small risks and selling slices to big capital
A02,B01,C05,1,3,3,Autonomous computer-use agents that operate any web portal || SMEs answer many differently-worded sustainability requests from banks/customers || Air-traffic control: live deconfliction of many actors in shared space
A02,B01,C06,2,3,6,Autonomous computer-use agents that operate any web portal || SMEs answer many differently-worded sustainability requests from banks/customers || Spotify royalties: tiny usage events settled into automatic payouts
A02,B01,C07,2,3,6,Autonomous computer-use agents that operate any web portal || SMEs answer many differently-worded sustainability requests from banks/customers || Carfax-style history report built from many third-party events
A02,B01,C08,1,3,3,Autonomous computer-use agents that operate any web portal || SMEs answer many differently-worded sustainability requests from banks/customers || Ant colony / stigmergy: coordination through traces left in the environment
A02,B01,C09,3,3,9,Autonomous computer-use agents that operate any web portal || SMEs answer many differently-worded sustainability requests from banks/customers || Clinical triage: route cases by urgency with a short standard question set
A02,B01,C10,1,3,3,Autonomous computer-use agents that operate any web portal || SMEs answer many differently-worded sustainability requests from banks/customers || Futures market: sell next season's output today to lock a price
A02,B01,C11,4,3,12,"Autonomous computer-use agents that operate any web portal || SMEs answer many differently-worded sustainability requests from banks/customers || Container shipping standard (TEU): one box fits every ship, truck, crane"
A02,B01,C12,1,3,3,Autonomous computer-use agents that operate any web portal || SMEs answer many differently-worded sustainability requests from banks/customers || Speedrun/leaderboard gaming: public live competition drives behaviour
A02,B01,C13,2,3,6,Autonomous computer-use agents that operate any web portal || SMEs answer many differently-worded sustainability requests from banks/customers || Tontine / rotating savings club (ROSCA): members fund each other in turn
A02,B01,C14,2,3,6,Autonomous computer-use agents that operate any web portal || SMEs answer many differently-worded sustainability requests from banks/customers || Prediction market: price aggregates dispersed knowledge into a probability
A02,B01,C15,2,3,6,Autonomous computer-use agents that operate any web portal || SMEs answer many differently-worded sustainability requests from banks/customers || Pharmacovigilance: tiny signals from many reports detect rare problems early
A02,B02,C01,1,3,3,Autonomous computer-use agents that operate any web portal || Energy cost is a major barrier for ~50% of EU firms; SMEs under-invest in efficiency || Airline yield management: price changes by demand minute to minute
A02,B02,C02,0,3,0,"Autonomous computer-use agents that operate any web portal || Energy cost is a major barrier for ~50% of EU firms; SMEs under-invest in efficiency || Chess/Elo rating: ranking from pairwise outcomes, no absolute measure needed"
A02,B02,C03,0,3,0,Autonomous computer-use agents that operate any web portal || Energy cost is a major barrier for ~50% of EU firms; SMEs under-invest in efficiency || Blood-bank / organ matching: time-critical allocation of scarce perishable supply
A02,B02,C04,1,3,3,Autonomous computer-use agents that operate any web portal || Energy cost is a major barrier for ~50% of EU firms; SMEs under-invest in efficiency || Reinsurance: pooling many small risks and selling slices to big capital
A02,B02,C05,0,3,0,Autonomous computer-use agents that operate any web portal || Energy cost is a major barrier for ~50% of EU firms; SMEs under-invest in efficiency || Air-traffic control: live deconfliction of many actors in shared space
A02,B02,C06,1,3,3,Autonomous computer-use agents that operate any web portal || Energy cost is a major barrier for ~50% of EU firms; SMEs under-invest in efficiency || Spotify royalties: tiny usage events settled into automatic payouts
A02,B02,C07,0,3,0,Autonomous computer-use agents that operate any web portal || Energy cost is a major barrier for ~50% of EU firms; SMEs under-invest in efficiency || Carfax-style history report built from many third-party events
A02,B02,C08,0,3,0,Autonomous computer-use agents that operate any web portal || Energy cost is a major barrier for ~50% of EU firms; SMEs under-invest in efficiency || Ant colony / stigmergy: coordination through traces left in the environment
A02,B02,C09,1,3,3,Autonomous computer-use agents that operate any web portal || Energy cost is a major barrier for ~50% of EU firms; SMEs under-invest in efficiency || Clinical triage: route cases by urgency with a short standard question set
A02,B02,C10,1,3,3,Autonomous computer-use agents that operate any web portal || Energy cost is a major barrier for ~50% of EU firms; SMEs under-invest in efficiency || Futures market: sell next season's output today to lock a price
A02,B02,C11,1,3,3,"Autonomous computer-use agents that operate any web portal || Energy cost is a major barrier for ~50% of EU firms; SMEs under-invest in efficiency || Container shipping standard (TEU): one box fits every ship, truck, crane"
A02,B02,C12,0,3,0,Autonomous computer-use agents that operate any web portal || Energy cost is a major barrier for ~50% of EU firms; SMEs under-invest in efficiency || Speedrun/leaderboard gaming: public live competition drives behaviour
A02,B02,C13,2,3,6,Autonomous computer-use agents that operate any web portal || Energy cost is a major barrier for ~50% of EU firms; SMEs under-invest in efficiency || Tontine / rotating savings club (ROSCA): members fund each other in turn
A02,B02,C14,1,3,3,Autonomous computer-use agents that operate any web portal || Energy cost is a major barrier for ~50% of EU firms; SMEs under-invest in efficiency || Prediction market: price aggregates dispersed knowledge into a probability
A02,B02,C15,0,3,0,Autonomous computer-use agents that operate any web portal || Energy cost is a major barrier for ~50% of EU firms; SMEs under-invest in efficiency || Pharmacovigilance: tiny signals from many reports detect rare problems early
A02,B03,C01,1,3,3,Autonomous computer-use agents that operate any web portal || Late payment: ~50% of EU invoices paid late; SMEs hit hardest || Airline yield management: price changes by demand minute to minute
A02,B03,C02,0,3,0,"Autonomous computer-use agents that operate any web portal || Late payment: ~50% of EU invoices paid late; SMEs hit hardest || Chess/Elo rating: ranking from pairwise outcomes, no absolute measure needed"
A02,B03,C03,0,3,0,Autonomous computer-use agents that operate any web portal || Late payment: ~50% of EU invoices paid late; SMEs hit hardest || Blood-bank / organ matching: time-critical allocation of scarce perishable supply
A02,B03,C04,1,2,2,Autonomous computer-use agents that operate any web portal || Late payment: ~50% of EU invoices paid late; SMEs hit hardest || Reinsurance: pooling many small risks and selling slices to big capital
A02,B03,C05,0,3,0,Autonomous computer-use agents that operate any web portal || Late payment: ~50% of EU invoices paid late; SMEs hit hardest || Air-traffic control: live deconfliction of many actors in shared space
A02,B03,C06,1,3,3,Autonomous computer-use agents that operate any web portal || Late payment: ~50% of EU invoices paid late; SMEs hit hardest || Spotify royalties: tiny usage events settled into automatic payouts
A02,B03,C07,0,3,0,Autonomous computer-use agents that operate any web portal || Late payment: ~50% of EU invoices paid late; SMEs hit hardest || Carfax-style history report built from many third-party events
A02,B03,C08,0,3,0,Autonomous computer-use agents that operate any web portal || Late payment: ~50% of EU invoices paid late; SMEs hit hardest || Ant colony / stigmergy: coordination through traces left in the environment
A02,B03,C09,1,3,3,Autonomous computer-use agents that operate any web portal || Late payment: ~50% of EU invoices paid late; SMEs hit hardest || Clinical triage: route cases by urgency with a short standard question set
A02,B03,C10,1,2,2,Autonomous computer-use agents that operate any web portal || Late payment: ~50% of EU invoices paid late; SMEs hit hardest || Futures market: sell next season's output today to lock a price
A02,B03,C11,1,3,3,"Autonomous computer-use agents that operate any web portal || Late payment: ~50% of EU invoices paid late; SMEs hit hardest || Container shipping standard (TEU): one box fits every ship, truck, crane"
A02,B03,C12,0,3,0,Autonomous computer-use agents that operate any web portal || Late payment: ~50% of EU invoices paid late; SMEs hit hardest || Speedrun/leaderboard gaming: public live competition drives behaviour
A02,B03,C13,2,2,4,Autonomous computer-use agents that operate any web portal || Late payment: ~50% of EU invoices paid late; SMEs hit hardest || Tontine / rotating savings club (ROSCA): members fund each other in turn
A02,B03,C14,1,2,2,Autonomous computer-use agents that operate any web portal || Late payment: ~50% of EU invoices paid late; SMEs hit hardest || Prediction market: price aggregates dispersed knowledge into a probability
A02,B03,C15,0,3,0,Autonomous computer-use agents that operate any web portal || Late payment: ~50% of EU invoices paid late; SMEs hit hardest || Pharmacovigilance: tiny signals from many reports detect rare problems early
A02,B04,C01,0,3,0,"Autonomous computer-use agents that operate any web portal || Cyprus water scarcity: desalination dependence, reservoirs below 20% (2025) || Airline yield management: price changes by demand minute to minute"
A02,B04,C02,0,3,0,"Autonomous computer-use agents that operate any web portal || Cyprus water scarcity: desalination dependence, reservoirs below 20% (2025) || Chess/Elo rating: ranking from pairwise outcomes, no absolute measure needed"
A02,B04,C03,0,3,0,"Autonomous computer-use agents that operate any web portal || Cyprus water scarcity: desalination dependence, reservoirs below 20% (2025) || Blood-bank / organ matching: time-critical allocation of scarce perishable supply"
A02,B04,C04,0,3,0,"Autonomous computer-use agents that operate any web portal || Cyprus water scarcity: desalination dependence, reservoirs below 20% (2025) || Reinsurance: pooling many small risks and selling slices to big capital"
A02,B04,C05,1,3,3,"Autonomous computer-use agents that operate any web portal || Cyprus water scarcity: desalination dependence, reservoirs below 20% (2025) || Air-traffic control: live deconfliction of many actors in shared space"
A02,B04,C06,0,3,0,"Autonomous computer-use agents that operate any web portal || Cyprus water scarcity: desalination dependence, reservoirs below 20% (2025) || Spotify royalties: tiny usage events settled into automatic payouts"
A02,B04,C07,0,3,0,"Autonomous computer-use agents that operate any web portal || Cyprus water scarcity: desalination dependence, reservoirs below 20% (2025) || Carfax-style history report built from many third-party events"
A02,B04,C08,1,3,3,"Autonomous computer-use agents that operate any web portal || Cyprus water scarcity: desalination dependence, reservoirs below 20% (2025) || Ant colony / stigmergy: coordination through traces left in the environment"
A02,B04,C09,1,3,3,"Autonomous computer-use agents that operate any web portal || Cyprus water scarcity: desalination dependence, reservoirs below 20% (2025) || Clinical triage: route cases by urgency with a short standard question set"
A02,B04,C10,1,3,3,"Autonomous computer-use agents that operate any web portal || Cyprus water scarcity: desalination dependence, reservoirs below 20% (2025) || Futures market: sell next season's output today to lock a price"
A02,B04,C11,1,3,3,"Autonomous computer-use agents that operate any web portal || Cyprus water scarcity: desalination dependence, reservoirs below 20% (2025) || Container shipping standard (TEU): one box fits every ship, truck, crane"
A02,B04,C12,0,3,0,"Autonomous computer-use agents that operate any web portal || Cyprus water scarcity: desalination dependence, reservoirs below 20% (2025) || Speedrun/leaderboard gaming: public live competition drives behaviour"
A02,B04,C13,0,3,0,"Autonomous computer-use agents that operate any web portal || Cyprus water scarcity: desalination dependence, reservoirs below 20% (2025) || Tontine / rotating savings club (ROSCA): members fund each other in turn"
A02,B04,C14,0,3,0,"Autonomous computer-use agents that operate any web portal || Cyprus water scarcity: desalination dependence, reservoirs below 20% (2025) || Prediction market: price aggregates dispersed knowledge into a probability"
A02,B04,C15,0,3,0,"Autonomous computer-use agents that operate any web portal || Cyprus water scarcity: desalination dependence, reservoirs below 20% (2025) || Pharmacovigilance: tiny signals from many reports detect rare problems early"
A02,B05,C01,2,3,6,Autonomous computer-use agents that operate any web portal || Tourism seasonality: Cyprus hotels/staff idle half the year || Airline yield management: price changes by demand minute to minute
A02,B05,C02,0,3,0,"Autonomous computer-use agents that operate any web portal || Tourism seasonality: Cyprus hotels/staff idle half the year || Chess/Elo rating: ranking from pairwise outcomes, no absolute measure needed"
A02,B05,C03,1,3,3,Autonomous computer-use agents that operate any web portal || Tourism seasonality: Cyprus hotels/staff idle half the year || Blood-bank / organ matching: time-critical allocation of scarce perishable supply
A02,B05,C04,0,3,0,Autonomous computer-use agents that operate any web portal || Tourism seasonality: Cyprus hotels/staff idle half the year || Reinsurance: pooling many small risks and selling slices to big capital
A02,B05,C05,1,3,3,Autonomous computer-use agents that operate any web portal || Tourism seasonality: Cyprus hotels/staff idle half the year || Air-traffic control: live deconfliction of many actors in shared space
A02,B05,C06,1,3,3,Autonomous computer-use agents that operate any web portal || Tourism seasonality: Cyprus hotels/staff idle half the year || Spotify royalties: tiny usage events settled into automatic payouts
A02,B05,C07,0,3,0,Autonomous computer-use agents that operate any web portal || Tourism seasonality: Cyprus hotels/staff idle half the year || Carfax-style history report built from many third-party events
A02,B05,C08,1,3,3,Autonomous computer-use agents that operate any web portal || Tourism seasonality: Cyprus hotels/staff idle half the year || Ant colony / stigmergy: coordination through traces left in the environment
A02,B05,C09,1,3,3,Autonomous computer-use agents that operate any web portal || Tourism seasonality: Cyprus hotels/staff idle half the year || Clinical triage: route cases by urgency with a short standard question set
A02,B05,C10,1,3,3,Autonomous computer-use agents that operate any web portal || Tourism seasonality: Cyprus hotels/staff idle half the year || Futures market: sell next season's output today to lock a price
A02,B05,C11,1,3,3,"Autonomous computer-use agents that operate any web portal || Tourism seasonality: Cyprus hotels/staff idle half the year || Container shipping standard (TEU): one box fits every ship, truck, crane"
A02,B05,C12,2,3,6,Autonomous computer-use agents that operate any web portal || Tourism seasonality: Cyprus hotels/staff idle half the year || Speedrun/leaderboard gaming: public live competition drives behaviour
A02,B05,C13,1,3,3,Autonomous computer-use agents that operate any web portal || Tourism seasonality: Cyprus hotels/staff idle half the year || Tontine / rotating savings club (ROSCA): members fund each other in turn
A02,B05,C14,1,3,3,Autonomous computer-use agents that operate any web portal || Tourism seasonality: Cyprus hotels/staff idle half the year || Prediction market: price aggregates dispersed knowledge into a probability
A02,B05,C15,0,3,0,Autonomous computer-use agents that operate any web portal || Tourism seasonality: Cyprus hotels/staff idle half the year || Pharmacovigilance: tiny signals from many reports detect rare problems early
A02,B06,C01,2,3,6,Autonomous computer-use agents that operate any web portal || Red tape: EU SMEs cite administrative burden as top obstacle (Eurobarometer 2023) || Airline yield management: price changes by demand minute to minute
A02,B06,C02,2,3,6,"Autonomous computer-use agents that operate any web portal || Red tape: EU SMEs cite administrative burden as top obstacle (Eurobarometer 2023) || Chess/Elo rating: ranking from pairwise outcomes, no absolute measure needed"
A02,B06,C03,2,3,6,Autonomous computer-use agents that operate any web portal || Red tape: EU SMEs cite administrative burden as top obstacle (Eurobarometer 2023) || Blood-bank / organ matching: time-critical allocation of scarce perishable supply
A02,B06,C04,2,3,6,Autonomous computer-use agents that operate any web portal || Red tape: EU SMEs cite administrative burden as top obstacle (Eurobarometer 2023) || Reinsurance: pooling many small risks and selling slices to big capital
A02,B06,C05,2,3,6,Autonomous computer-use agents that operate any web portal || Red tape: EU SMEs cite administrative burden as top obstacle (Eurobarometer 2023) || Air-traffic control: live deconfliction of many actors in shared space
A02,B06,C06,2,3,6,Autonomous computer-use agents that operate any web portal || Red tape: EU SMEs cite administrative burden as top obstacle (Eurobarometer 2023) || Spotify royalties: tiny usage events settled into automatic payouts
A02,B06,C07,2,3,6,Autonomous computer-use agents that operate any web portal || Red tape: EU SMEs cite administrative burden as top obstacle (Eurobarometer 2023) || Carfax-style history report built from many third-party events
A02,B06,C08,2,3,6,Autonomous computer-use agents that operate any web portal || Red tape: EU SMEs cite administrative burden as top obstacle (Eurobarometer 2023) || Ant colony / stigmergy: coordination through traces left in the environment
A02,B06,C09,4,3,12,Autonomous computer-use agents that operate any web portal || Red tape: EU SMEs cite administrative burden as top obstacle (Eurobarometer 2023) || Clinical triage: route cases by urgency with a short standard question set
A02,B06,C10,2,3,6,Autonomous computer-use agents that operate any web portal || Red tape: EU SMEs cite administrative burden as top obstacle (Eurobarometer 2023) || Futures market: sell next season's output today to lock a price
A02,B06,C11,4,3,12,"Autonomous computer-use agents that operate any web portal || Red tape: EU SMEs cite administrative burden as top obstacle (Eurobarometer 2023) || Container shipping standard (TEU): one box fits every ship, truck, crane"
A02,B06,C12,2,3,6,Autonomous computer-use agents that operate any web portal || Red tape: EU SMEs cite administrative burden as top obstacle (Eurobarometer 2023) || Speedrun/leaderboard gaming: public live competition drives behaviour
A02,B06,C13,2,3,6,Autonomous computer-use agents that operate any web portal || Red tape: EU SMEs cite administrative burden as top obstacle (Eurobarometer 2023) || Tontine / rotating savings club (ROSCA): members fund each other in turn
A02,B06,C14,2,3,6,Autonomous computer-use agents that operate any web portal || Red tape: EU SMEs cite administrative burden as top obstacle (Eurobarometer 2023) || Prediction market: price aggregates dispersed knowledge into a probability
A02,B06,C15,2,3,6,Autonomous computer-use agents that operate any web portal || Red tape: EU SMEs cite administrative burden as top obstacle (Eurobarometer 2023) || Pharmacovigilance: tiny signals from many reports detect rare problems early
A02,B07,C01,0,3,0,Autonomous computer-use agents that operate any web portal || Farmers lose crops to heat/drought with slow or no insurance payout || Airline yield management: price changes by demand minute to minute
A02,B07,C02,0,3,0,"Autonomous computer-use agents that operate any web portal || Farmers lose crops to heat/drought with slow or no insurance payout || Chess/Elo rating: ranking from pairwise outcomes, no absolute measure needed"
A02,B07,C03,0,3,0,Autonomous computer-use agents that operate any web portal || Farmers lose crops to heat/drought with slow or no insurance payout || Blood-bank / organ matching: time-critical allocation of scarce perishable supply
A02,B07,C04,1,3,3,Autonomous computer-use agents that operate any web portal || Farmers lose crops to heat/drought with slow or no insurance payout || Reinsurance: pooling many small risks and selling slices to big capital
A02,B07,C05,0,3,0,Autonomous computer-use agents that operate any web portal || Farmers lose crops to heat/drought with slow or no insurance payout || Air-traffic control: live deconfliction of many actors in shared space
A02,B07,C06,0,3,0,Autonomous computer-use agents that operate any web portal || Farmers lose crops to heat/drought with slow or no insurance payout || Spotify royalties: tiny usage events settled into automatic payouts
A02,B07,C07,0,3,0,Autonomous computer-use agents that operate any web portal || Farmers lose crops to heat/drought with slow or no insurance payout || Carfax-style history report built from many third-party events
A02,B07,C08,0,2,0,Autonomous computer-use agents that operate any web portal || Farmers lose crops to heat/drought with slow or no insurance payout || Ant colony / stigmergy: coordination through traces left in the environment
A02,B07,C09,1,3,3,Autonomous computer-use agents that operate any web portal || Farmers lose crops to heat/drought with slow or no insurance payout || Clinical triage: route cases by urgency with a short standard question set
A02,B07,C10,1,3,3,Autonomous computer-use agents that operate any web portal || Farmers lose crops to heat/drought with slow or no insurance payout || Futures market: sell next season's output today to lock a price
A02,B07,C11,1,3,3,"Autonomous computer-use agents that operate any web portal || Farmers lose crops to heat/drought with slow or no insurance payout || Container shipping standard (TEU): one box fits every ship, truck, crane"
A02,B07,C12,0,3,0,Autonomous computer-use agents that operate any web portal || Farmers lose crops to heat/drought with slow or no insurance payout || Speedrun/leaderboard gaming: public live competition drives behaviour
A02,B07,C13,0,3,0,Autonomous computer-use agents that operate any web portal || Farmers lose crops to heat/drought with slow or no insurance payout || Tontine / rotating savings club (ROSCA): members fund each other in turn
A02,B07,C14,0,3,0,Autonomous computer-use agents that operate any web portal || Farmers lose crops to heat/drought with slow or no insurance payout || Prediction market: price aggregates dispersed knowledge into a probability
A02,B07,C15,0,3,0,Autonomous computer-use agents that operate any web portal || Farmers lose crops to heat/drought with slow or no insurance payout || Pharmacovigilance: tiny signals from many reports detect rare problems early
A02,B08,C01,0,3,0,"Autonomous computer-use agents that operate any web portal || Food waste: ~130 kg per EU citizen/year, retail+hospitality large share || Airline yield management: price changes by demand minute to minute"
A02,B08,C02,0,3,0,"Autonomous computer-use agents that operate any web portal || Food waste: ~130 kg per EU citizen/year, retail+hospitality large share || Chess/Elo rating: ranking from pairwise outcomes, no absolute measure needed"
A02,B08,C03,1,3,3,"Autonomous computer-use agents that operate any web portal || Food waste: ~130 kg per EU citizen/year, retail+hospitality large share || Blood-bank / organ matching: time-critical allocation of scarce perishable supply"
A02,B08,C04,0,3,0,"Autonomous computer-use agents that operate any web portal || Food waste: ~130 kg per EU citizen/year, retail+hospitality large share || Reinsurance: pooling many small risks and selling slices to big capital"
A02,B08,C05,0,3,0,"Autonomous computer-use agents that operate any web portal || Food waste: ~130 kg per EU citizen/year, retail+hospitality large share || Air-traffic control: live deconfliction of many actors in shared space"
A02,B08,C06,0,3,0,"Autonomous computer-use agents that operate any web portal || Food waste: ~130 kg per EU citizen/year, retail+hospitality large share || Spotify royalties: tiny usage events settled into automatic payouts"
A02,B08,C07,1,3,3,"Autonomous computer-use agents that operate any web portal || Food waste: ~130 kg per EU citizen/year, retail+hospitality large share || Carfax-style history report built from many third-party events"
A02,B08,C08,0,3,0,"Autonomous computer-use agents that operate any web portal || Food waste: ~130 kg per EU citizen/year, retail+hospitality large share || Ant colony / stigmergy: coordination through traces left in the environment"
A02,B08,C09,1,3,3,"Autonomous computer-use agents that operate any web portal || Food waste: ~130 kg per EU citizen/year, retail+hospitality large share || Clinical triage: route cases by urgency with a short standard question set"
A02,B08,C10,0,3,0,"Autonomous computer-use agents that operate any web portal || Food waste: ~130 kg per EU citizen/year, retail+hospitality large share || Futures market: sell next season's output today to lock a price"
A02,B08,C11,1,3,3,"Autonomous computer-use agents that operate any web portal || Food waste: ~130 kg per EU citizen/year, retail+hospitality large share || Container shipping standard (TEU): one box fits every ship, truck, crane"
A02,B08,C12,1,3,3,"Autonomous computer-use agents that operate any web portal || Food waste: ~130 kg per EU citizen/year, retail+hospitality large share || Speedrun/leaderboard gaming: public live competition drives behaviour"
A02,B08,C13,0,3,0,"Autonomous computer-use agents that operate any web portal || Food waste: ~130 kg per EU citizen/year, retail+hospitality large share || Tontine / rotating savings club (ROSCA): members fund each other in turn"
A02,B08,C14,0,3,0,"Autonomous computer-use agents that operate any web portal || Food waste: ~130 kg per EU citizen/year, retail+hospitality large share || Prediction market: price aggregates dispersed knowledge into a probability"
A02,B08,C15,0,3,0,"Autonomous computer-use agents that operate any web portal || Food waste: ~130 kg per EU citizen/year, retail+hospitality large share || Pharmacovigilance: tiny signals from many reports detect rare problems early"
A02,B09,C01,1,3,3,Autonomous computer-use agents that operate any web portal || Island grid curtailment: Cyprus wastes solar output at midday (no interconnector) || Airline yield management: price changes by demand minute to minute
A02,B09,C02,0,3,0,"Autonomous computer-use agents that operate any web portal || Island grid curtailment: Cyprus wastes solar output at midday (no interconnector) || Chess/Elo rating: ranking from pairwise outcomes, no absolute measure needed"
A02,B09,C03,1,3,3,Autonomous computer-use agents that operate any web portal || Island grid curtailment: Cyprus wastes solar output at midday (no interconnector) || Blood-bank / organ matching: time-critical allocation of scarce perishable supply
A02,B09,C04,0,3,0,Autonomous computer-use agents that operate any web portal || Island grid curtailment: Cyprus wastes solar output at midday (no interconnector) || Reinsurance: pooling many small risks and selling slices to big capital
A02,B09,C05,2,3,6,Autonomous computer-use agents that operate any web portal || Island grid curtailment: Cyprus wastes solar output at midday (no interconnector) || Air-traffic control: live deconfliction of many actors in shared space
A02,B09,C06,0,3,0,Autonomous computer-use agents that operate any web portal || Island grid curtailment: Cyprus wastes solar output at midday (no interconnector) || Spotify royalties: tiny usage events settled into automatic payouts
A02,B09,C07,0,3,0,Autonomous computer-use agents that operate any web portal || Island grid curtailment: Cyprus wastes solar output at midday (no interconnector) || Carfax-style history report built from many third-party events
A02,B09,C08,2,3,6,Autonomous computer-use agents that operate any web portal || Island grid curtailment: Cyprus wastes solar output at midday (no interconnector) || Ant colony / stigmergy: coordination through traces left in the environment
A02,B09,C09,1,3,3,Autonomous computer-use agents that operate any web portal || Island grid curtailment: Cyprus wastes solar output at midday (no interconnector) || Clinical triage: route cases by urgency with a short standard question set
A02,B09,C10,0,3,0,Autonomous computer-use agents that operate any web portal || Island grid curtailment: Cyprus wastes solar output at midday (no interconnector) || Futures market: sell next season's output today to lock a price
A02,B09,C11,1,3,3,"Autonomous computer-use agents that operate any web portal || Island grid curtailment: Cyprus wastes solar output at midday (no interconnector) || Container shipping standard (TEU): one box fits every ship, truck, crane"
A02,B09,C12,1,3,3,Autonomous computer-use agents that operate any web portal || Island grid curtailment: Cyprus wastes solar output at midday (no interconnector) || Speedrun/leaderboard gaming: public live competition drives behaviour
A02,B09,C13,0,3,0,Autonomous computer-use agents that operate any web portal || Island grid curtailment: Cyprus wastes solar output at midday (no interconnector) || Tontine / rotating savings club (ROSCA): members fund each other in turn
A02,B09,C14,0,3,0,Autonomous computer-use agents that operate any web portal || Island grid curtailment: Cyprus wastes solar output at midday (no interconnector) || Prediction market: price aggregates dispersed knowledge into a probability
A02,B09,C15,0,3,0,Autonomous computer-use agents that operate any web portal || Island grid curtailment: Cyprus wastes solar output at midday (no interconnector) || Pharmacovigilance: tiny signals from many reports detect rare problems early
A02,B10,C01,0,3,0,"Autonomous computer-use agents that operate any web portal || SMEs can't get credit: thin files, no collateral (SAFE survey) || Airline yield management: price changes by demand minute to minute"
A02,B10,C02,2,3,6,"Autonomous computer-use agents that operate any web portal || SMEs can't get credit: thin files, no collateral (SAFE survey) || Chess/Elo rating: ranking from pairwise outcomes, no absolute measure needed"
A02,B10,C03,0,3,0,"Autonomous computer-use agents that operate any web portal || SMEs can't get credit: thin files, no collateral (SAFE survey) || Blood-bank / organ matching: time-critical allocation of scarce perishable supply"
A02,B10,C04,1,2,2,"Autonomous computer-use agents that operate any web portal || SMEs can't get credit: thin files, no collateral (SAFE survey) || Reinsurance: pooling many small risks and selling slices to big capital"
A02,B10,C05,0,3,0,"Autonomous computer-use agents that operate any web portal || SMEs can't get credit: thin files, no collateral (SAFE survey) || Air-traffic control: live deconfliction of many actors in shared space"
A02,B10,C06,1,3,3,"Autonomous computer-use agents that operate any web portal || SMEs can't get credit: thin files, no collateral (SAFE survey) || Spotify royalties: tiny usage events settled into automatic payouts"
A02,B10,C07,1,3,3,"Autonomous computer-use agents that operate any web portal || SMEs can't get credit: thin files, no collateral (SAFE survey) || Carfax-style history report built from many third-party events"
A02,B10,C08,0,3,0,"Autonomous computer-use agents that operate any web portal || SMEs can't get credit: thin files, no collateral (SAFE survey) || Ant colony / stigmergy: coordination through traces left in the environment"
A02,B10,C09,1,3,3,"Autonomous computer-use agents that operate any web portal || SMEs can't get credit: thin files, no collateral (SAFE survey) || Clinical triage: route cases by urgency with a short standard question set"
A02,B10,C10,0,2,0,"Autonomous computer-use agents that operate any web portal || SMEs can't get credit: thin files, no collateral (SAFE survey) || Futures market: sell next season's output today to lock a price"
A02,B10,C11,2,3,6,"Autonomous computer-use agents that operate any web portal || SMEs can't get credit: thin files, no collateral (SAFE survey) || Container shipping standard (TEU): one box fits every ship, truck, crane"
A02,B10,C12,0,3,0,"Autonomous computer-use agents that operate any web portal || SMEs can't get credit: thin files, no collateral (SAFE survey) || Speedrun/leaderboard gaming: public live competition drives behaviour"
A02,B10,C13,1,2,2,"Autonomous computer-use agents that operate any web portal || SMEs can't get credit: thin files, no collateral (SAFE survey) || Tontine / rotating savings club (ROSCA): members fund each other in turn"
A02,B10,C14,1,2,2,"Autonomous computer-use agents that operate any web portal || SMEs can't get credit: thin files, no collateral (SAFE survey) || Prediction market: price aggregates dispersed knowledge into a probability"
A02,B10,C15,1,3,3,"Autonomous computer-use agents that operate any web portal || SMEs can't get credit: thin files, no collateral (SAFE survey) || Pharmacovigilance: tiny signals from many reports detect rare problems early"
A02,B11,C01,0,3,0,"Autonomous computer-use agents that operate any web portal || Used goods and repairs lack trusted history, so resale value collapses || Airline yield management: price changes by demand minute to minute"
A02,B11,C02,1,3,3,"Autonomous computer-use agents that operate any web portal || Used goods and repairs lack trusted history, so resale value collapses || Chess/Elo rating: ranking from pairwise outcomes, no absolute measure needed"
A02,B11,C03,1,3,3,"Autonomous computer-use agents that operate any web portal || Used goods and repairs lack trusted history, so resale value collapses || Blood-bank / organ matching: time-critical allocation of scarce perishable supply"
A02,B11,C04,0,3,0,"Autonomous computer-use agents that operate any web portal || Used goods and repairs lack trusted history, so resale value collapses || Reinsurance: pooling many small risks and selling slices to big capital"
A02,B11,C05,0,3,0,"Autonomous computer-use agents that operate any web portal || Used goods and repairs lack trusted history, so resale value collapses || Air-traffic control: live deconfliction of many actors in shared space"
A02,B11,C06,1,3,3,"Autonomous computer-use agents that operate any web portal || Used goods and repairs lack trusted history, so resale value collapses || Spotify royalties: tiny usage events settled into automatic payouts"
A02,B11,C07,2,3,6,"Autonomous computer-use agents that operate any web portal || Used goods and repairs lack trusted history, so resale value collapses || Carfax-style history report built from many third-party events"
A02,B11,C08,0,3,0,"Autonomous computer-use agents that operate any web portal || Used goods and repairs lack trusted history, so resale value collapses || Ant colony / stigmergy: coordination through traces left in the environment"
A02,B11,C09,1,3,3,"Autonomous computer-use agents that operate any web portal || Used goods and repairs lack trusted history, so resale value collapses || Clinical triage: route cases by urgency with a short standard question set"
A02,B11,C10,0,3,0,"Autonomous computer-use agents that operate any web portal || Used goods and repairs lack trusted history, so resale value collapses || Futures market: sell next season's output today to lock a price"
A02,B11,C11,3,3,9,"Autonomous computer-use agents that operate any web portal || Used goods and repairs lack trusted history, so resale value collapses || Container shipping standard (TEU): one box fits every ship, truck, crane"
A02,B11,C12,0,3,0,"Autonomous computer-use agents that operate any web portal || Used goods and repairs lack trusted history, so resale value collapses || Speedrun/leaderboard gaming: public live competition drives behaviour"
A02,B11,C13,0,3,0,"Autonomous computer-use agents that operate any web portal || Used goods and repairs lack trusted history, so resale value collapses || Tontine / rotating savings club (ROSCA): members fund each other in turn"
A02,B11,C14,1,3,3,"Autonomous computer-use agents that operate any web portal || Used goods and repairs lack trusted history, so resale value collapses || Prediction market: price aggregates dispersed knowledge into a probability"
A02,B11,C15,1,3,3,"Autonomous computer-use agents that operate any web portal || Used goods and repairs lack trusted history, so resale value collapses || Pharmacovigilance: tiny signals from many reports detect rare problems early"
A02,B12,C01,2,3,6,"Autonomous computer-use agents that operate any web portal || Staff shortages in hospitality/care; workers paid late, shifts unfilled || Airline yield management: price changes by demand minute to minute"
A02,B12,C02,0,3,0,"Autonomous computer-use agents that operate any web portal || Staff shortages in hospitality/care; workers paid late, shifts unfilled || Chess/Elo rating: ranking from pairwise outcomes, no absolute measure needed"
A02,B12,C03,1,3,3,"Autonomous computer-use agents that operate any web portal || Staff shortages in hospitality/care; workers paid late, shifts unfilled || Blood-bank / organ matching: time-critical allocation of scarce perishable supply"
A02,B12,C04,0,3,0,"Autonomous computer-use agents that operate any web portal || Staff shortages in hospitality/care; workers paid late, shifts unfilled || Reinsurance: pooling many small risks and selling slices to big capital"
A02,B12,C05,1,3,3,"Autonomous computer-use agents that operate any web portal || Staff shortages in hospitality/care; workers paid late, shifts unfilled || Air-traffic control: live deconfliction of many actors in shared space"
A02,B12,C06,1,3,3,"Autonomous computer-use agents that operate any web portal || Staff shortages in hospitality/care; workers paid late, shifts unfilled || Spotify royalties: tiny usage events settled into automatic payouts"
A02,B12,C07,0,3,0,"Autonomous computer-use agents that operate any web portal || Staff shortages in hospitality/care; workers paid late, shifts unfilled || Carfax-style history report built from many third-party events"
A02,B12,C08,1,3,3,"Autonomous computer-use agents that operate any web portal || Staff shortages in hospitality/care; workers paid late, shifts unfilled || Ant colony / stigmergy: coordination through traces left in the environment"
A02,B12,C09,2,3,6,"Autonomous computer-use agents that operate any web portal || Staff shortages in hospitality/care; workers paid late, shifts unfilled || Clinical triage: route cases by urgency with a short standard question set"
A02,B12,C10,1,3,3,"Autonomous computer-use agents that operate any web portal || Staff shortages in hospitality/care; workers paid late, shifts unfilled || Futures market: sell next season's output today to lock a price"
A02,B12,C11,1,3,3,"Autonomous computer-use agents that operate any web portal || Staff shortages in hospitality/care; workers paid late, shifts unfilled || Container shipping standard (TEU): one box fits every ship, truck, crane"
A02,B12,C12,1,3,3,"Autonomous computer-use agents that operate any web portal || Staff shortages in hospitality/care; workers paid late, shifts unfilled || Speedrun/leaderboard gaming: public live competition drives behaviour"
A02,B12,C13,1,3,3,"Autonomous computer-use agents that operate any web portal || Staff shortages in hospitality/care; workers paid late, shifts unfilled || Tontine / rotating savings club (ROSCA): members fund each other in turn"
A02,B12,C14,1,3,3,"Autonomous computer-use agents that operate any web portal || Staff shortages in hospitality/care; workers paid late, shifts unfilled || Prediction market: price aggregates dispersed knowledge into a probability"
A02,B12,C15,1,3,3,"Autonomous computer-use agents that operate any web portal || Staff shortages in hospitality/care; workers paid late, shifts unfilled || Pharmacovigilance: tiny signals from many reports detect rare problems early"
A02,B13,C01,2,3,6,Autonomous computer-use agents that operate any web portal || Grant and subsidy money goes unclaimed; SMEs don't know or can't apply || Airline yield management: price changes by demand minute to minute
A02,B13,C02,3,3,9,"Autonomous computer-use agents that operate any web portal || Grant and subsidy money goes unclaimed; SMEs don't know or can't apply || Chess/Elo rating: ranking from pairwise outcomes, no absolute measure needed"
A02,B13,C03,2,3,6,Autonomous computer-use agents that operate any web portal || Grant and subsidy money goes unclaimed; SMEs don't know or can't apply || Blood-bank / organ matching: time-critical allocation of scarce perishable supply
A02,B13,C04,2,3,6,Autonomous computer-use agents that operate any web portal || Grant and subsidy money goes unclaimed; SMEs don't know or can't apply || Reinsurance: pooling many small risks and selling slices to big capital
A02,B13,C05,2,3,6,Autonomous computer-use agents that operate any web portal || Grant and subsidy money goes unclaimed; SMEs don't know or can't apply || Air-traffic control: live deconfliction of many actors in shared space
A02,B13,C06,2,3,6,Autonomous computer-use agents that operate any web portal || Grant and subsidy money goes unclaimed; SMEs don't know or can't apply || Spotify royalties: tiny usage events settled into automatic payouts
A02,B13,C07,2,3,6,Autonomous computer-use agents that operate any web portal || Grant and subsidy money goes unclaimed; SMEs don't know or can't apply || Carfax-style history report built from many third-party events
A02,B13,C08,2,3,6,Autonomous computer-use agents that operate any web portal || Grant and subsidy money goes unclaimed; SMEs don't know or can't apply || Ant colony / stigmergy: coordination through traces left in the environment
A02,B13,C09,4,3,12,Autonomous computer-use agents that operate any web portal || Grant and subsidy money goes unclaimed; SMEs don't know or can't apply || Clinical triage: route cases by urgency with a short standard question set
A02,B13,C10,2,3,6,Autonomous computer-use agents that operate any web portal || Grant and subsidy money goes unclaimed; SMEs don't know or can't apply || Futures market: sell next season's output today to lock a price
A02,B13,C11,4,3,12,"Autonomous computer-use agents that operate any web portal || Grant and subsidy money goes unclaimed; SMEs don't know or can't apply || Container shipping standard (TEU): one box fits every ship, truck, crane"
A02,B13,C12,2,3,6,Autonomous computer-use agents that operate any web portal || Grant and subsidy money goes unclaimed; SMEs don't know or can't apply || Speedrun/leaderboard gaming: public live competition drives behaviour
A02,B13,C13,2,3,6,Autonomous computer-use agents that operate any web portal || Grant and subsidy money goes unclaimed; SMEs don't know or can't apply || Tontine / rotating savings club (ROSCA): members fund each other in turn
A02,B13,C14,2,3,6,Autonomous computer-use agents that operate any web portal || Grant and subsidy money goes unclaimed; SMEs don't know or can't apply || Prediction market: price aggregates dispersed knowledge into a probability
A02,B13,C15,2,3,6,Autonomous computer-use agents that operate any web portal || Grant and subsidy money goes unclaimed; SMEs don't know or can't apply || Pharmacovigilance: tiny signals from many reports detect rare problems early
A02,B14,C01,0,3,0,"Autonomous computer-use agents that operate any web portal || Heatwaves: buildings overheat, elderly and workers at risk (Cyprus 45C+) || Airline yield management: price changes by demand minute to minute"
A02,B14,C02,0,3,0,"Autonomous computer-use agents that operate any web portal || Heatwaves: buildings overheat, elderly and workers at risk (Cyprus 45C+) || Chess/Elo rating: ranking from pairwise outcomes, no absolute measure needed"
A02,B14,C03,0,2,0,"Autonomous computer-use agents that operate any web portal || Heatwaves: buildings overheat, elderly and workers at risk (Cyprus 45C+) || Blood-bank / organ matching: time-critical allocation of scarce perishable supply"
A02,B14,C04,1,3,3,"Autonomous computer-use agents that operate any web portal || Heatwaves: buildings overheat, elderly and workers at risk (Cyprus 45C+) || Reinsurance: pooling many small risks and selling slices to big capital"
A02,B14,C05,1,3,3,"Autonomous computer-use agents that operate any web portal || Heatwaves: buildings overheat, elderly and workers at risk (Cyprus 45C+) || Air-traffic control: live deconfliction of many actors in shared space"
A02,B14,C06,0,3,0,"Autonomous computer-use agents that operate any web portal || Heatwaves: buildings overheat, elderly and workers at risk (Cyprus 45C+) || Spotify royalties: tiny usage events settled into automatic payouts"
A02,B14,C07,0,3,0,"Autonomous computer-use agents that operate any web portal || Heatwaves: buildings overheat, elderly and workers at risk (Cyprus 45C+) || Carfax-style history report built from many third-party events"
A02,B14,C08,1,3,3,"Autonomous computer-use agents that operate any web portal || Heatwaves: buildings overheat, elderly and workers at risk (Cyprus 45C+) || Ant colony / stigmergy: coordination through traces left in the environment"
A02,B14,C09,1,2,2,"Autonomous computer-use agents that operate any web portal || Heatwaves: buildings overheat, elderly and workers at risk (Cyprus 45C+) || Clinical triage: route cases by urgency with a short standard question set"
A02,B14,C10,0,3,0,"Autonomous computer-use agents that operate any web portal || Heatwaves: buildings overheat, elderly and workers at risk (Cyprus 45C+) || Futures market: sell next season's output today to lock a price"
A02,B14,C11,1,3,3,"Autonomous computer-use agents that operate any web portal || Heatwaves: buildings overheat, elderly and workers at risk (Cyprus 45C+) || Container shipping standard (TEU): one box fits every ship, truck, crane"
A02,B14,C12,0,3,0,"Autonomous computer-use agents that operate any web portal || Heatwaves: buildings overheat, elderly and workers at risk (Cyprus 45C+) || Speedrun/leaderboard gaming: public live competition drives behaviour"
A02,B14,C13,0,3,0,"Autonomous computer-use agents that operate any web portal || Heatwaves: buildings overheat, elderly and workers at risk (Cyprus 45C+) || Tontine / rotating savings club (ROSCA): members fund each other in turn"
A02,B14,C14,0,3,0,"Autonomous computer-use agents that operate any web portal || Heatwaves: buildings overheat, elderly and workers at risk (Cyprus 45C+) || Prediction market: price aggregates dispersed knowledge into a probability"
A02,B14,C15,0,2,0,"Autonomous computer-use agents that operate any web portal || Heatwaves: buildings overheat, elderly and workers at risk (Cyprus 45C+) || Pharmacovigilance: tiny signals from many reports detect rare problems early"
A02,B15,C01,0,3,0,Autonomous computer-use agents that operate any web portal || Property and utility disputes between landlords and tenants over shared costs || Airline yield management: price changes by demand minute to minute
A02,B15,C02,0,3,0,"Autonomous computer-use agents that operate any web portal || Property and utility disputes between landlords and tenants over shared costs || Chess/Elo rating: ranking from pairwise outcomes, no absolute measure needed"
A02,B15,C03,0,3,0,Autonomous computer-use agents that operate any web portal || Property and utility disputes between landlords and tenants over shared costs || Blood-bank / organ matching: time-critical allocation of scarce perishable supply
A02,B15,C04,0,3,0,Autonomous computer-use agents that operate any web portal || Property and utility disputes between landlords and tenants over shared costs || Reinsurance: pooling many small risks and selling slices to big capital
A02,B15,C05,0,3,0,Autonomous computer-use agents that operate any web portal || Property and utility disputes between landlords and tenants over shared costs || Air-traffic control: live deconfliction of many actors in shared space
A02,B15,C06,0,3,0,Autonomous computer-use agents that operate any web portal || Property and utility disputes between landlords and tenants over shared costs || Spotify royalties: tiny usage events settled into automatic payouts
A02,B15,C07,0,3,0,Autonomous computer-use agents that operate any web portal || Property and utility disputes between landlords and tenants over shared costs || Carfax-style history report built from many third-party events
A02,B15,C08,0,3,0,Autonomous computer-use agents that operate any web portal || Property and utility disputes between landlords and tenants over shared costs || Ant colony / stigmergy: coordination through traces left in the environment
A02,B15,C09,1,3,3,Autonomous computer-use agents that operate any web portal || Property and utility disputes between landlords and tenants over shared costs || Clinical triage: route cases by urgency with a short standard question set
A02,B15,C10,1,3,3,Autonomous computer-use agents that operate any web portal || Property and utility disputes between landlords and tenants over shared costs || Futures market: sell next season's output today to lock a price
A02,B15,C11,1,3,3,"Autonomous computer-use agents that operate any web portal || Property and utility disputes between landlords and tenants over shared costs || Container shipping standard (TEU): one box fits every ship, truck, crane"
A02,B15,C12,0,3,0,Autonomous computer-use agents that operate any web portal || Property and utility disputes between landlords and tenants over shared costs || Speedrun/leaderboard gaming: public live competition drives behaviour
A02,B15,C13,1,3,3,Autonomous computer-use agents that operate any web portal || Property and utility disputes between landlords and tenants over shared costs || Tontine / rotating savings club (ROSCA): members fund each other in turn
A02,B15,C14,0,3,0,Autonomous computer-use agents that operate any web portal || Property and utility disputes between landlords and tenants over shared costs || Prediction market: price aggregates dispersed knowledge into a probability
A02,B15,C15,0,3,0,Autonomous computer-use agents that operate any web portal || Property and utility disputes between landlords and tenants over shared costs || Pharmacovigilance: tiny signals from many reports detect rare problems early
A03,B01,C01,1,2,2,EU Data Act: users can demand the data their connected devices generate (from 12 Sep 2025) || SMEs answer many differently-worded sustainability requests from banks/customers || Airline yield management: price changes by demand minute to minute
A03,B01,C02,4,2,8,"EU Data Act: users can demand the data their connected devices generate (from 12 Sep 2025) || SMEs answer many differently-worded sustainability requests from banks/customers || Chess/Elo rating: ranking from pairwise outcomes, no absolute measure needed"
A03,B01,C03,1,2,2,EU Data Act: users can demand the data their connected devices generate (from 12 Sep 2025) || SMEs answer many differently-worded sustainability requests from banks/customers || Blood-bank / organ matching: time-critical allocation of scarce perishable supply
A03,B01,C04,2,2,4,EU Data Act: users can demand the data their connected devices generate (from 12 Sep 2025) || SMEs answer many differently-worded sustainability requests from banks/customers || Reinsurance: pooling many small risks and selling slices to big capital
A03,B01,C05,2,2,4,EU Data Act: users can demand the data their connected devices generate (from 12 Sep 2025) || SMEs answer many differently-worded sustainability requests from banks/customers || Air-traffic control: live deconfliction of many actors in shared space
A03,B01,C06,3,2,6,EU Data Act: users can demand the data their connected devices generate (from 12 Sep 2025) || SMEs answer many differently-worded sustainability requests from banks/customers || Spotify royalties: tiny usage events settled into automatic payouts
A03,B01,C07,3,2,6,EU Data Act: users can demand the data their connected devices generate (from 12 Sep 2025) || SMEs answer many differently-worded sustainability requests from banks/customers || Carfax-style history report built from many third-party events
A03,B01,C08,2,2,4,EU Data Act: users can demand the data their connected devices generate (from 12 Sep 2025) || SMEs answer many differently-worded sustainability requests from banks/customers || Ant colony / stigmergy: coordination through traces left in the environment
A03,B01,C09,2,2,4,EU Data Act: users can demand the data their connected devices generate (from 12 Sep 2025) || SMEs answer many differently-worded sustainability requests from banks/customers || Clinical triage: route cases by urgency with a short standard question set
A03,B01,C10,1,2,2,EU Data Act: users can demand the data their connected devices generate (from 12 Sep 2025) || SMEs answer many differently-worded sustainability requests from banks/customers || Futures market: sell next season's output today to lock a price
A03,B01,C11,4,2,8,"EU Data Act: users can demand the data their connected devices generate (from 12 Sep 2025) || SMEs answer many differently-worded sustainability requests from banks/customers || Container shipping standard (TEU): one box fits every ship, truck, crane"
A03,B01,C12,1,2,2,EU Data Act: users can demand the data their connected devices generate (from 12 Sep 2025) || SMEs answer many differently-worded sustainability requests from banks/customers || Speedrun/leaderboard gaming: public live competition drives behaviour
A03,B01,C13,2,2,4,EU Data Act: users can demand the data their connected devices generate (from 12 Sep 2025) || SMEs answer many differently-worded sustainability requests from banks/customers || Tontine / rotating savings club (ROSCA): members fund each other in turn
A03,B01,C14,3,2,6,EU Data Act: users can demand the data their connected devices generate (from 12 Sep 2025) || SMEs answer many differently-worded sustainability requests from banks/customers || Prediction market: price aggregates dispersed knowledge into a probability
A03,B01,C15,3,2,6,EU Data Act: users can demand the data their connected devices generate (from 12 Sep 2025) || SMEs answer many differently-worded sustainability requests from banks/customers || Pharmacovigilance: tiny signals from many reports detect rare problems early
A03,B02,C01,1,3,3,EU Data Act: users can demand the data their connected devices generate (from 12 Sep 2025) || Energy cost is a major barrier for ~50% of EU firms; SMEs under-invest in efficiency || Airline yield management: price changes by demand minute to minute
A03,B02,C02,2,3,6,"EU Data Act: users can demand the data their connected devices generate (from 12 Sep 2025) || Energy cost is a major barrier for ~50% of EU firms; SMEs under-invest in efficiency || Chess/Elo rating: ranking from pairwise outcomes, no absolute measure needed"
A03,B02,C03,0,3,0,EU Data Act: users can demand the data their connected devices generate (from 12 Sep 2025) || Energy cost is a major barrier for ~50% of EU firms; SMEs under-invest in efficiency || Blood-bank / organ matching: time-critical allocation of scarce perishable supply
A03,B02,C04,1,3,3,EU Data Act: users can demand the data their connected devices generate (from 12 Sep 2025) || Energy cost is a major barrier for ~50% of EU firms; SMEs under-invest in efficiency || Reinsurance: pooling many small risks and selling slices to big capital
A03,B02,C05,1,3,3,EU Data Act: users can demand the data their connected devices generate (from 12 Sep 2025) || Energy cost is a major barrier for ~50% of EU firms; SMEs under-invest in efficiency || Air-traffic control: live deconfliction of many actors in shared space
A03,B02,C06,2,3,6,EU Data Act: users can demand the data their connected devices generate (from 12 Sep 2025) || Energy cost is a major barrier for ~50% of EU firms; SMEs under-invest in efficiency || Spotify royalties: tiny usage events settled into automatic payouts
A03,B02,C07,1,3,3,EU Data Act: users can demand the data their connected devices generate (from 12 Sep 2025) || Energy cost is a major barrier for ~50% of EU firms; SMEs under-invest in efficiency || Carfax-style history report built from many third-party events
A03,B02,C08,1,3,3,EU Data Act: users can demand the data their connected devices generate (from 12 Sep 2025) || Energy cost is a major barrier for ~50% of EU firms; SMEs under-invest in efficiency || Ant colony / stigmergy: coordination through traces left in the environment
A03,B02,C09,0,3,0,EU Data Act: users can demand the data their connected devices generate (from 12 Sep 2025) || Energy cost is a major barrier for ~50% of EU firms; SMEs under-invest in efficiency || Clinical triage: route cases by urgency with a short standard question set
A03,B02,C10,1,3,3,EU Data Act: users can demand the data their connected devices generate (from 12 Sep 2025) || Energy cost is a major barrier for ~50% of EU firms; SMEs under-invest in efficiency || Futures market: sell next season's output today to lock a price
A03,B02,C11,1,3,3,"EU Data Act: users can demand the data their connected devices generate (from 12 Sep 2025) || Energy cost is a major barrier for ~50% of EU firms; SMEs under-invest in efficiency || Container shipping standard (TEU): one box fits every ship, truck, crane"
A03,B02,C12,0,3,0,EU Data Act: users can demand the data their connected devices generate (from 12 Sep 2025) || Energy cost is a major barrier for ~50% of EU firms; SMEs under-invest in efficiency || Speedrun/leaderboard gaming: public live competition drives behaviour
A03,B02,C13,2,3,6,EU Data Act: users can demand the data their connected devices generate (from 12 Sep 2025) || Energy cost is a major barrier for ~50% of EU firms; SMEs under-invest in efficiency || Tontine / rotating savings club (ROSCA): members fund each other in turn
A03,B02,C14,2,3,6,EU Data Act: users can demand the data their connected devices generate (from 12 Sep 2025) || Energy cost is a major barrier for ~50% of EU firms; SMEs under-invest in efficiency || Prediction market: price aggregates dispersed knowledge into a probability
A03,B02,C15,1,3,3,EU Data Act: users can demand the data their connected devices generate (from 12 Sep 2025) || Energy cost is a major barrier for ~50% of EU firms; SMEs under-invest in efficiency || Pharmacovigilance: tiny signals from many reports detect rare problems early
A03,B03,C01,1,3,3,EU Data Act: users can demand the data their connected devices generate (from 12 Sep 2025) || Late payment: ~50% of EU invoices paid late; SMEs hit hardest || Airline yield management: price changes by demand minute to minute
A03,B03,C02,2,3,6,"EU Data Act: users can demand the data their connected devices generate (from 12 Sep 2025) || Late payment: ~50% of EU invoices paid late; SMEs hit hardest || Chess/Elo rating: ranking from pairwise outcomes, no absolute measure needed"
A03,B03,C03,0,3,0,EU Data Act: users can demand the data their connected devices generate (from 12 Sep 2025) || Late payment: ~50% of EU invoices paid late; SMEs hit hardest || Blood-bank / organ matching: time-critical allocation of scarce perishable supply
A03,B03,C04,1,2,2,EU Data Act: users can demand the data their connected devices generate (from 12 Sep 2025) || Late payment: ~50% of EU invoices paid late; SMEs hit hardest || Reinsurance: pooling many small risks and selling slices to big capital
A03,B03,C05,1,3,3,EU Data Act: users can demand the data their connected devices generate (from 12 Sep 2025) || Late payment: ~50% of EU invoices paid late; SMEs hit hardest || Air-traffic control: live deconfliction of many actors in shared space
A03,B03,C06,2,3,6,EU Data Act: users can demand the data their connected devices generate (from 12 Sep 2025) || Late payment: ~50% of EU invoices paid late; SMEs hit hardest || Spotify royalties: tiny usage events settled into automatic payouts
A03,B03,C07,1,3,3,EU Data Act: users can demand the data their connected devices generate (from 12 Sep 2025) || Late payment: ~50% of EU invoices paid late; SMEs hit hardest || Carfax-style history report built from many third-party events
A03,B03,C08,1,3,3,EU Data Act: users can demand the data their connected devices generate (from 12 Sep 2025) || Late payment: ~50% of EU invoices paid late; SMEs hit hardest || Ant colony / stigmergy: coordination through traces left in the environment
A03,B03,C09,0,3,0,EU Data Act: users can demand the data their connected devices generate (from 12 Sep 2025) || Late payment: ~50% of EU invoices paid late; SMEs hit hardest || Clinical triage: route cases by urgency with a short standard question set
A03,B03,C10,1,2,2,EU Data Act: users can demand the data their connected devices generate (from 12 Sep 2025) || Late payment: ~50% of EU invoices paid late; SMEs hit hardest || Futures market: sell next season's output today to lock a price
A03,B03,C11,1,3,3,"EU Data Act: users can demand the data their connected devices generate (from 12 Sep 2025) || Late payment: ~50% of EU invoices paid late; SMEs hit hardest || Container shipping standard (TEU): one box fits every ship, truck, crane"
A03,B03,C12,0,3,0,EU Data Act: users can demand the data their connected devices generate (from 12 Sep 2025) || Late payment: ~50% of EU invoices paid late; SMEs hit hardest || Speedrun/leaderboard gaming: public live competition drives behaviour
A03,B03,C13,2,2,4,EU Data Act: users can demand the data their connected devices generate (from 12 Sep 2025) || Late payment: ~50% of EU invoices paid late; SMEs hit hardest || Tontine / rotating savings club (ROSCA): members fund each other in turn
A03,B03,C14,2,2,4,EU Data Act: users can demand the data their connected devices generate (from 12 Sep 2025) || Late payment: ~50% of EU invoices paid late; SMEs hit hardest || Prediction market: price aggregates dispersed knowledge into a probability
A03,B03,C15,1,3,3,EU Data Act: users can demand the data their connected devices generate (from 12 Sep 2025) || Late payment: ~50% of EU invoices paid late; SMEs hit hardest || Pharmacovigilance: tiny signals from many reports detect rare problems early
A03,B04,C01,1,3,3,"EU Data Act: users can demand the data their connected devices generate (from 12 Sep 2025) || Cyprus water scarcity: desalination dependence, reservoirs below 20% (2025) || Airline yield management: price changes by demand minute to minute"
A03,B04,C02,3,3,9,"EU Data Act: users can demand the data their connected devices generate (from 12 Sep 2025) || Cyprus water scarcity: desalination dependence, reservoirs below 20% (2025) || Chess/Elo rating: ranking from pairwise outcomes, no absolute measure needed"
A03,B04,C03,1,3,3,"EU Data Act: users can demand the data their connected devices generate (from 12 Sep 2025) || Cyprus water scarcity: desalination dependence, reservoirs below 20% (2025) || Blood-bank / organ matching: time-critical allocation of scarce perishable supply"
A03,B04,C04,1,3,3,"EU Data Act: users can demand the data their connected devices generate (from 12 Sep 2025) || Cyprus water scarcity: desalination dependence, reservoirs below 20% (2025) || Reinsurance: pooling many small risks and selling slices to big capital"
A03,B04,C05,3,3,9,"EU Data Act: users can demand the data their connected devices generate (from 12 Sep 2025) || Cyprus water scarcity: desalination dependence, reservoirs below 20% (2025) || Air-traffic control: live deconfliction of many actors in shared space"
A03,B04,C06,2,3,6,"EU Data Act: users can demand the data their connected devices generate (from 12 Sep 2025) || Cyprus water scarcity: desalination dependence, reservoirs below 20% (2025) || Spotify royalties: tiny usage events settled into automatic payouts"
A03,B04,C07,2,3,6,"EU Data Act: users can demand the data their connected devices generate (from 12 Sep 2025) || Cyprus water scarcity: desalination dependence, reservoirs below 20% (2025) || Carfax-style history report built from many third-party events"
A03,B04,C08,3,3,9,"EU Data Act: users can demand the data their connected devices generate (from 12 Sep 2025) || Cyprus water scarcity: desalination dependence, reservoirs below 20% (2025) || Ant colony / stigmergy: coordination through traces left in the environment"
A03,B04,C09,1,3,3,"EU Data Act: users can demand the data their connected devices generate (from 12 Sep 2025) || Cyprus water scarcity: desalination dependence, reservoirs below 20% (2025) || Clinical triage: route cases by urgency with a short standard question set"
A03,B04,C10,2,3,6,"EU Data Act: users can demand the data their connected devices generate (from 12 Sep 2025) || Cyprus water scarcity: desalination dependence, reservoirs below 20% (2025) || Futures market: sell next season's output today to lock a price"
A03,B04,C11,2,3,6,"EU Data Act: users can demand the data their connected devices generate (from 12 Sep 2025) || Cyprus water scarcity: desalination dependence, reservoirs below 20% (2025) || Container shipping standard (TEU): one box fits every ship, truck, crane"
A03,B04,C12,1,3,3,"EU Data Act: users can demand the data their connected devices generate (from 12 Sep 2025) || Cyprus water scarcity: desalination dependence, reservoirs below 20% (2025) || Speedrun/leaderboard gaming: public live competition drives behaviour"
A03,B04,C13,1,3,3,"EU Data Act: users can demand the data their connected devices generate (from 12 Sep 2025) || Cyprus water scarcity: desalination dependence, reservoirs below 20% (2025) || Tontine / rotating savings club (ROSCA): members fund each other in turn"
A03,B04,C14,2,3,6,"EU Data Act: users can demand the data their connected devices generate (from 12 Sep 2025) || Cyprus water scarcity: desalination dependence, reservoirs below 20% (2025) || Prediction market: price aggregates dispersed knowledge into a probability"
A03,B04,C15,2,3,6,"EU Data Act: users can demand the data their connected devices generate (from 12 Sep 2025) || Cyprus water scarcity: desalination dependence, reservoirs below 20% (2025) || Pharmacovigilance: tiny signals from many reports detect rare problems early"
A03,B05,C01,2,3,6,EU Data Act: users can demand the data their connected devices generate (from 12 Sep 2025) || Tourism seasonality: Cyprus hotels/staff idle half the year || Airline yield management: price changes by demand minute to minute
A03,B05,C02,2,3,6,"EU Data Act: users can demand the data their connected devices generate (from 12 Sep 2025) || Tourism seasonality: Cyprus hotels/staff idle half the year || Chess/Elo rating: ranking from pairwise outcomes, no absolute measure needed"
A03,B05,C03,1,3,3,EU Data Act: users can demand the data their connected devices generate (from 12 Sep 2025) || Tourism seasonality: Cyprus hotels/staff idle half the year || Blood-bank / organ matching: time-critical allocation of scarce perishable supply
A03,B05,C04,0,3,0,EU Data Act: users can demand the data their connected devices generate (from 12 Sep 2025) || Tourism seasonality: Cyprus hotels/staff idle half the year || Reinsurance: pooling many small risks and selling slices to big capital
A03,B05,C05,2,3,6,EU Data Act: users can demand the data their connected devices generate (from 12 Sep 2025) || Tourism seasonality: Cyprus hotels/staff idle half the year || Air-traffic control: live deconfliction of many actors in shared space
A03,B05,C06,2,3,6,EU Data Act: users can demand the data their connected devices generate (from 12 Sep 2025) || Tourism seasonality: Cyprus hotels/staff idle half the year || Spotify royalties: tiny usage events settled into automatic payouts
A03,B05,C07,1,3,3,EU Data Act: users can demand the data their connected devices generate (from 12 Sep 2025) || Tourism seasonality: Cyprus hotels/staff idle half the year || Carfax-style history report built from many third-party events
A03,B05,C08,2,3,6,EU Data Act: users can demand the data their connected devices generate (from 12 Sep 2025) || Tourism seasonality: Cyprus hotels/staff idle half the year || Ant colony / stigmergy: coordination through traces left in the environment
A03,B05,C09,0,3,0,EU Data Act: users can demand the data their connected devices generate (from 12 Sep 2025) || Tourism seasonality: Cyprus hotels/staff idle half the year || Clinical triage: route cases by urgency with a short standard question set
A03,B05,C10,1,3,3,EU Data Act: users can demand the data their connected devices generate (from 12 Sep 2025) || Tourism seasonality: Cyprus hotels/staff idle half the year || Futures market: sell next season's output today to lock a price
A03,B05,C11,1,3,3,"EU Data Act: users can demand the data their connected devices generate (from 12 Sep 2025) || Tourism seasonality: Cyprus hotels/staff idle half the year || Container shipping standard (TEU): one box fits every ship, truck, crane"
A03,B05,C12,2,3,6,EU Data Act: users can demand the data their connected devices generate (from 12 Sep 2025) || Tourism seasonality: Cyprus hotels/staff idle half the year || Speedrun/leaderboard gaming: public live competition drives behaviour
A03,B05,C13,1,3,3,EU Data Act: users can demand the data their connected devices generate (from 12 Sep 2025) || Tourism seasonality: Cyprus hotels/staff idle half the year || Tontine / rotating savings club (ROSCA): members fund each other in turn
A03,B05,C14,2,3,6,EU Data Act: users can demand the data their connected devices generate (from 12 Sep 2025) || Tourism seasonality: Cyprus hotels/staff idle half the year || Prediction market: price aggregates dispersed knowledge into a probability
A03,B05,C15,1,3,3,EU Data Act: users can demand the data their connected devices generate (from 12 Sep 2025) || Tourism seasonality: Cyprus hotels/staff idle half the year || Pharmacovigilance: tiny signals from many reports detect rare problems early
A03,B06,C01,0,2,0,EU Data Act: users can demand the data their connected devices generate (from 12 Sep 2025) || Red tape: EU SMEs cite administrative burden as top obstacle (Eurobarometer 2023) || Airline yield management: price changes by demand minute to minute
A03,B06,C02,2,2,4,"EU Data Act: users can demand the data their connected devices generate (from 12 Sep 2025) || Red tape: EU SMEs cite administrative burden as top obstacle (Eurobarometer 2023) || Chess/Elo rating: ranking from pairwise outcomes, no absolute measure needed"
A03,B06,C03,0,2,0,EU Data Act: users can demand the data their connected devices generate (from 12 Sep 2025) || Red tape: EU SMEs cite administrative burden as top obstacle (Eurobarometer 2023) || Blood-bank / organ matching: time-critical allocation of scarce perishable supply
A03,B06,C04,0,2,0,EU Data Act: users can demand the data their connected devices generate (from 12 Sep 2025) || Red tape: EU SMEs cite administrative burden as top obstacle (Eurobarometer 2023) || Reinsurance: pooling many small risks and selling slices to big capital
A03,B06,C05,1,2,2,EU Data Act: users can demand the data their connected devices generate (from 12 Sep 2025) || Red tape: EU SMEs cite administrative burden as top obstacle (Eurobarometer 2023) || Air-traffic control: live deconfliction of many actors in shared space
A03,B06,C06,1,2,2,EU Data Act: users can demand the data their connected devices generate (from 12 Sep 2025) || Red tape: EU SMEs cite administrative burden as top obstacle (Eurobarometer 2023) || Spotify royalties: tiny usage events settled into automatic payouts
A03,B06,C07,1,2,2,EU Data Act: users can demand the data their connected devices generate (from 12 Sep 2025) || Red tape: EU SMEs cite administrative burden as top obstacle (Eurobarometer 2023) || Carfax-style history report built from many third-party events
A03,B06,C08,1,2,2,EU Data Act: users can demand the data their connected devices generate (from 12 Sep 2025) || Red tape: EU SMEs cite administrative burden as top obstacle (Eurobarometer 2023) || Ant colony / stigmergy: coordination through traces left in the environment
A03,B06,C09,1,2,2,EU Data Act: users can demand the data their connected devices generate (from 12 Sep 2025) || Red tape: EU SMEs cite administrative burden as top obstacle (Eurobarometer 2023) || Clinical triage: route cases by urgency with a short standard question set
A03,B06,C10,0,2,0,EU Data Act: users can demand the data their connected devices generate (from 12 Sep 2025) || Red tape: EU SMEs cite administrative burden as top obstacle (Eurobarometer 2023) || Futures market: sell next season's output today to lock a price
A03,B06,C11,2,2,4,"EU Data Act: users can demand the data their connected devices generate (from 12 Sep 2025) || Red tape: EU SMEs cite administrative burden as top obstacle (Eurobarometer 2023) || Container shipping standard (TEU): one box fits every ship, truck, crane"
A03,B06,C12,0,2,0,EU Data Act: users can demand the data their connected devices generate (from 12 Sep 2025) || Red tape: EU SMEs cite administrative burden as top obstacle (Eurobarometer 2023) || Speedrun/leaderboard gaming: public live competition drives behaviour
A03,B06,C13,0,2,0,EU Data Act: users can demand the data their connected devices generate (from 12 Sep 2025) || Red tape: EU SMEs cite administrative burden as top obstacle (Eurobarometer 2023) || Tontine / rotating savings club (ROSCA): members fund each other in turn
A03,B06,C14,1,2,2,EU Data Act: users can demand the data their connected devices generate (from 12 Sep 2025) || Red tape: EU SMEs cite administrative burden as top obstacle (Eurobarometer 2023) || Prediction market: price aggregates dispersed knowledge into a probability
A03,B06,C15,1,2,2,EU Data Act: users can demand the data their connected devices generate (from 12 Sep 2025) || Red tape: EU SMEs cite administrative burden as top obstacle (Eurobarometer 2023) || Pharmacovigilance: tiny signals from many reports detect rare problems early
A03,B07,C01,0,3,0,EU Data Act: users can demand the data their connected devices generate (from 12 Sep 2025) || Farmers lose crops to heat/drought with slow or no insurance payout || Airline yield management: price changes by demand minute to minute
A03,B07,C02,2,3,6,"EU Data Act: users can demand the data their connected devices generate (from 12 Sep 2025) || Farmers lose crops to heat/drought with slow or no insurance payout || Chess/Elo rating: ranking from pairwise outcomes, no absolute measure needed"
A03,B07,C03,0,3,0,EU Data Act: users can demand the data their connected devices generate (from 12 Sep 2025) || Farmers lose crops to heat/drought with slow or no insurance payout || Blood-bank / organ matching: time-critical allocation of scarce perishable supply
A03,B07,C04,1,3,3,EU Data Act: users can demand the data their connected devices generate (from 12 Sep 2025) || Farmers lose crops to heat/drought with slow or no insurance payout || Reinsurance: pooling many small risks and selling slices to big capital
A03,B07,C05,1,3,3,EU Data Act: users can demand the data their connected devices generate (from 12 Sep 2025) || Farmers lose crops to heat/drought with slow or no insurance payout || Air-traffic control: live deconfliction of many actors in shared space
A03,B07,C06,1,3,3,EU Data Act: users can demand the data their connected devices generate (from 12 Sep 2025) || Farmers lose crops to heat/drought with slow or no insurance payout || Spotify royalties: tiny usage events settled into automatic payouts
A03,B07,C07,1,3,3,EU Data Act: users can demand the data their connected devices generate (from 12 Sep 2025) || Farmers lose crops to heat/drought with slow or no insurance payout || Carfax-style history report built from many third-party events
A03,B07,C08,1,2,2,EU Data Act: users can demand the data their connected devices generate (from 12 Sep 2025) || Farmers lose crops to heat/drought with slow or no insurance payout || Ant colony / stigmergy: coordination through traces left in the environment
A03,B07,C09,0,3,0,EU Data Act: users can demand the data their connected devices generate (from 12 Sep 2025) || Farmers lose crops to heat/drought with slow or no insurance payout || Clinical triage: route cases by urgency with a short standard question set
A03,B07,C10,1,3,3,EU Data Act: users can demand the data their connected devices generate (from 12 Sep 2025) || Farmers lose crops to heat/drought with slow or no insurance payout || Futures market: sell next season's output today to lock a price
A03,B07,C11,1,3,3,"EU Data Act: users can demand the data their connected devices generate (from 12 Sep 2025) || Farmers lose crops to heat/drought with slow or no insurance payout || Container shipping standard (TEU): one box fits every ship, truck, crane"
A03,B07,C12,0,3,0,EU Data Act: users can demand the data their connected devices generate (from 12 Sep 2025) || Farmers lose crops to heat/drought with slow or no insurance payout || Speedrun/leaderboard gaming: public live competition drives behaviour
A03,B07,C13,0,3,0,EU Data Act: users can demand the data their connected devices generate (from 12 Sep 2025) || Farmers lose crops to heat/drought with slow or no insurance payout || Tontine / rotating savings club (ROSCA): members fund each other in turn
A03,B07,C14,1,3,3,EU Data Act: users can demand the data their connected devices generate (from 12 Sep 2025) || Farmers lose crops to heat/drought with slow or no insurance payout || Prediction market: price aggregates dispersed knowledge into a probability
A03,B07,C15,1,3,3,EU Data Act: users can demand the data their connected devices generate (from 12 Sep 2025) || Farmers lose crops to heat/drought with slow or no insurance payout || Pharmacovigilance: tiny signals from many reports detect rare problems early
A03,B08,C01,0,3,0,"EU Data Act: users can demand the data their connected devices generate (from 12 Sep 2025) || Food waste: ~130 kg per EU citizen/year, retail+hospitality large share || Airline yield management: price changes by demand minute to minute"
A03,B08,C02,2,3,6,"EU Data Act: users can demand the data their connected devices generate (from 12 Sep 2025) || Food waste: ~130 kg per EU citizen/year, retail+hospitality large share || Chess/Elo rating: ranking from pairwise outcomes, no absolute measure needed"
A03,B08,C03,1,3,3,"EU Data Act: users can demand the data their connected devices generate (from 12 Sep 2025) || Food waste: ~130 kg per EU citizen/year, retail+hospitality large share || Blood-bank / organ matching: time-critical allocation of scarce perishable supply"
A03,B08,C04,0,3,0,"EU Data Act: users can demand the data their connected devices generate (from 12 Sep 2025) || Food waste: ~130 kg per EU citizen/year, retail+hospitality large share || Reinsurance: pooling many small risks and selling slices to big capital"
A03,B08,C05,1,3,3,"EU Data Act: users can demand the data their connected devices generate (from 12 Sep 2025) || Food waste: ~130 kg per EU citizen/year, retail+hospitality large share || Air-traffic control: live deconfliction of many actors in shared space"
A03,B08,C06,1,3,3,"EU Data Act: users can demand the data their connected devices generate (from 12 Sep 2025) || Food waste: ~130 kg per EU citizen/year, retail+hospitality large share || Spotify royalties: tiny usage events settled into automatic payouts"
A03,B08,C07,2,3,6,"EU Data Act: users can demand the data their connected devices generate (from 12 Sep 2025) || Food waste: ~130 kg per EU citizen/year, retail+hospitality large share || Carfax-style history report built from many third-party events"
A03,B08,C08,1,3,3,"EU Data Act: users can demand the data their connected devices generate (from 12 Sep 2025) || Food waste: ~130 kg per EU citizen/year, retail+hospitality large share || Ant colony / stigmergy: coordination through traces left in the environment"
A03,B08,C09,0,3,0,"EU Data Act: users can demand the data their connected devices generate (from 12 Sep 2025) || Food waste: ~130 kg per EU citizen/year, retail+hospitality large share || Clinical triage: route cases by urgency with a short standard question set"
A03,B08,C10,0,3,0,"EU Data Act: users can demand the data their connected devices generate (from 12 Sep 2025) || Food waste: ~130 kg per EU citizen/year, retail+hospitality large share || Futures market: sell next season's output today to lock a price"
A03,B08,C11,1,3,3,"EU Data Act: users can demand the data their connected devices generate (from 12 Sep 2025) || Food waste: ~130 kg per EU citizen/year, retail+hospitality large share || Container shipping standard (TEU): one box fits every ship, truck, crane"
A03,B08,C12,1,3,3,"EU Data Act: users can demand the data their connected devices generate (from 12 Sep 2025) || Food waste: ~130 kg per EU citizen/year, retail+hospitality large share || Speedrun/leaderboard gaming: public live competition drives behaviour"
A03,B08,C13,0,3,0,"EU Data Act: users can demand the data their connected devices generate (from 12 Sep 2025) || Food waste: ~130 kg per EU citizen/year, retail+hospitality large share || Tontine / rotating savings club (ROSCA): members fund each other in turn"
A03,B08,C14,1,3,3,"EU Data Act: users can demand the data their connected devices generate (from 12 Sep 2025) || Food waste: ~130 kg per EU citizen/year, retail+hospitality large share || Prediction market: price aggregates dispersed knowledge into a probability"
A03,B08,C15,1,3,3,"EU Data Act: users can demand the data their connected devices generate (from 12 Sep 2025) || Food waste: ~130 kg per EU citizen/year, retail+hospitality large share || Pharmacovigilance: tiny signals from many reports detect rare problems early"
A03,B09,C01,2,3,6,EU Data Act: users can demand the data their connected devices generate (from 12 Sep 2025) || Island grid curtailment: Cyprus wastes solar output at midday (no interconnector) || Airline yield management: price changes by demand minute to minute
A03,B09,C02,3,3,9,"EU Data Act: users can demand the data their connected devices generate (from 12 Sep 2025) || Island grid curtailment: Cyprus wastes solar output at midday (no interconnector) || Chess/Elo rating: ranking from pairwise outcomes, no absolute measure needed"
A03,B09,C03,2,3,6,EU Data Act: users can demand the data their connected devices generate (from 12 Sep 2025) || Island grid curtailment: Cyprus wastes solar output at midday (no interconnector) || Blood-bank / organ matching: time-critical allocation of scarce perishable supply
A03,B09,C04,1,3,3,EU Data Act: users can demand the data their connected devices generate (from 12 Sep 2025) || Island grid curtailment: Cyprus wastes solar output at midday (no interconnector) || Reinsurance: pooling many small risks and selling slices to big capital
A03,B09,C05,4,3,12,EU Data Act: users can demand the data their connected devices generate (from 12 Sep 2025) || Island grid curtailment: Cyprus wastes solar output at midday (no interconnector) || Air-traffic control: live deconfliction of many actors in shared space
A03,B09,C06,2,3,6,EU Data Act: users can demand the data their connected devices generate (from 12 Sep 2025) || Island grid curtailment: Cyprus wastes solar output at midday (no interconnector) || Spotify royalties: tiny usage events settled into automatic payouts
A03,B09,C07,2,3,6,EU Data Act: users can demand the data their connected devices generate (from 12 Sep 2025) || Island grid curtailment: Cyprus wastes solar output at midday (no interconnector) || Carfax-style history report built from many third-party events
A03,B09,C08,4,3,12,EU Data Act: users can demand the data their connected devices generate (from 12 Sep 2025) || Island grid curtailment: Cyprus wastes solar output at midday (no interconnector) || Ant colony / stigmergy: coordination through traces left in the environment
A03,B09,C09,1,3,3,EU Data Act: users can demand the data their connected devices generate (from 12 Sep 2025) || Island grid curtailment: Cyprus wastes solar output at midday (no interconnector) || Clinical triage: route cases by urgency with a short standard question set
A03,B09,C10,1,3,3,EU Data Act: users can demand the data their connected devices generate (from 12 Sep 2025) || Island grid curtailment: Cyprus wastes solar output at midday (no interconnector) || Futures market: sell next season's output today to lock a price
A03,B09,C11,2,3,6,"EU Data Act: users can demand the data their connected devices generate (from 12 Sep 2025) || Island grid curtailment: Cyprus wastes solar output at midday (no interconnector) || Container shipping standard (TEU): one box fits every ship, truck, crane"
A03,B09,C12,2,3,6,EU Data Act: users can demand the data their connected devices generate (from 12 Sep 2025) || Island grid curtailment: Cyprus wastes solar output at midday (no interconnector) || Speedrun/leaderboard gaming: public live competition drives behaviour
A03,B09,C13,1,3,3,EU Data Act: users can demand the data their connected devices generate (from 12 Sep 2025) || Island grid curtailment: Cyprus wastes solar output at midday (no interconnector) || Tontine / rotating savings club (ROSCA): members fund each other in turn
A03,B09,C14,2,3,6,EU Data Act: users can demand the data their connected devices generate (from 12 Sep 2025) || Island grid curtailment: Cyprus wastes solar output at midday (no interconnector) || Prediction market: price aggregates dispersed knowledge into a probability
A03,B09,C15,2,3,6,EU Data Act: users can demand the data their connected devices generate (from 12 Sep 2025) || Island grid curtailment: Cyprus wastes solar output at midday (no interconnector) || Pharmacovigilance: tiny signals from many reports detect rare problems early
A03,B10,C01,2,3,6,"EU Data Act: users can demand the data their connected devices generate (from 12 Sep 2025) || SMEs can't get credit: thin files, no collateral (SAFE survey) || Airline yield management: price changes by demand minute to minute"
A03,B10,C02,6,3,18,"EU Data Act: users can demand the data their connected devices generate (from 12 Sep 2025) || SMEs can't get credit: thin files, no collateral (SAFE survey) || Chess/Elo rating: ranking from pairwise outcomes, no absolute measure needed"
A03,B10,C03,2,3,6,"EU Data Act: users can demand the data their connected devices generate (from 12 Sep 2025) || SMEs can't get credit: thin files, no collateral (SAFE survey) || Blood-bank / organ matching: time-critical allocation of scarce perishable supply"
A03,B10,C04,3,2,6,"EU Data Act: users can demand the data their connected devices generate (from 12 Sep 2025) || SMEs can't get credit: thin files, no collateral (SAFE survey) || Reinsurance: pooling many small risks and selling slices to big capital"
A03,B10,C05,3,3,9,"EU Data Act: users can demand the data their connected devices generate (from 12 Sep 2025) || SMEs can't get credit: thin files, no collateral (SAFE survey) || Air-traffic control: live deconfliction of many actors in shared space"
A03,B10,C06,4,3,12,"EU Data Act: users can demand the data their connected devices generate (from 12 Sep 2025) || SMEs can't get credit: thin files, no collateral (SAFE survey) || Spotify royalties: tiny usage events settled into automatic payouts"
A03,B10,C07,4,3,12,"EU Data Act: users can demand the data their connected devices generate (from 12 Sep 2025) || SMEs can't get credit: thin files, no collateral (SAFE survey) || Carfax-style history report built from many third-party events"
A03,B10,C08,3,3,9,"EU Data Act: users can demand the data their connected devices generate (from 12 Sep 2025) || SMEs can't get credit: thin files, no collateral (SAFE survey) || Ant colony / stigmergy: coordination through traces left in the environment"
A03,B10,C09,2,3,6,"EU Data Act: users can demand the data their connected devices generate (from 12 Sep 2025) || SMEs can't get credit: thin files, no collateral (SAFE survey) || Clinical triage: route cases by urgency with a short standard question set"
A03,B10,C10,2,2,4,"EU Data Act: users can demand the data their connected devices generate (from 12 Sep 2025) || SMEs can't get credit: thin files, no collateral (SAFE survey) || Futures market: sell next season's output today to lock a price"
A03,B10,C11,4,3,12,"EU Data Act: users can demand the data their connected devices generate (from 12 Sep 2025) || SMEs can't get credit: thin files, no collateral (SAFE survey) || Container shipping standard (TEU): one box fits every ship, truck, crane"
A03,B10,C12,2,3,6,"EU Data Act: users can demand the data their connected devices generate (from 12 Sep 2025) || SMEs can't get credit: thin files, no collateral (SAFE survey) || Speedrun/leaderboard gaming: public live competition drives behaviour"
A03,B10,C13,3,2,6,"EU Data Act: users can demand the data their connected devices generate (from 12 Sep 2025) || SMEs can't get credit: thin files, no collateral (SAFE survey) || Tontine / rotating savings club (ROSCA): members fund each other in turn"
A03,B10,C14,4,2,8,"EU Data Act: users can demand the data their connected devices generate (from 12 Sep 2025) || SMEs can't get credit: thin files, no collateral (SAFE survey) || Prediction market: price aggregates dispersed knowledge into a probability"
A03,B10,C15,4,3,12,"EU Data Act: users can demand the data their connected devices generate (from 12 Sep 2025) || SMEs can't get credit: thin files, no collateral (SAFE survey) || Pharmacovigilance: tiny signals from many reports detect rare problems early"
A03,B11,C01,1,3,3,"EU Data Act: users can demand the data their connected devices generate (from 12 Sep 2025) || Used goods and repairs lack trusted history, so resale value collapses || Airline yield management: price changes by demand minute to minute"
A03,B11,C02,4,3,12,"EU Data Act: users can demand the data their connected devices generate (from 12 Sep 2025) || Used goods and repairs lack trusted history, so resale value collapses || Chess/Elo rating: ranking from pairwise outcomes, no absolute measure needed"
A03,B11,C03,2,3,6,"EU Data Act: users can demand the data their connected devices generate (from 12 Sep 2025) || Used goods and repairs lack trusted history, so resale value collapses || Blood-bank / organ matching: time-critical allocation of scarce perishable supply"
A03,B11,C04,1,3,3,"EU Data Act: users can demand the data their connected devices generate (from 12 Sep 2025) || Used goods and repairs lack trusted history, so resale value collapses || Reinsurance: pooling many small risks and selling slices to big capital"
A03,B11,C05,2,3,6,"EU Data Act: users can demand the data their connected devices generate (from 12 Sep 2025) || Used goods and repairs lack trusted history, so resale value collapses || Air-traffic control: live deconfliction of many actors in shared space"
A03,B11,C06,3,3,9,"EU Data Act: users can demand the data their connected devices generate (from 12 Sep 2025) || Used goods and repairs lack trusted history, so resale value collapses || Spotify royalties: tiny usage events settled into automatic payouts"
A03,B11,C07,4,3,12,"EU Data Act: users can demand the data their connected devices generate (from 12 Sep 2025) || Used goods and repairs lack trusted history, so resale value collapses || Carfax-style history report built from many third-party events"
A03,B11,C08,2,3,6,"EU Data Act: users can demand the data their connected devices generate (from 12 Sep 2025) || Used goods and repairs lack trusted history, so resale value collapses || Ant colony / stigmergy: coordination through traces left in the environment"
A03,B11,C09,1,3,3,"EU Data Act: users can demand the data their connected devices generate (from 12 Sep 2025) || Used goods and repairs lack trusted history, so resale value collapses || Clinical triage: route cases by urgency with a short standard question set"
A03,B11,C10,1,3,3,"EU Data Act: users can demand the data their connected devices generate (from 12 Sep 2025) || Used goods and repairs lack trusted history, so resale value collapses || Futures market: sell next season's output today to lock a price"
A03,B11,C11,4,3,12,"EU Data Act: users can demand the data their connected devices generate (from 12 Sep 2025) || Used goods and repairs lack trusted history, so resale value collapses || Container shipping standard (TEU): one box fits every ship, truck, crane"
A03,B11,C12,1,3,3,"EU Data Act: users can demand the data their connected devices generate (from 12 Sep 2025) || Used goods and repairs lack trusted history, so resale value collapses || Speedrun/leaderboard gaming: public live competition drives behaviour"
A03,B11,C13,1,3,3,"EU Data Act: users can demand the data their connected devices generate (from 12 Sep 2025) || Used goods and repairs lack trusted history, so resale value collapses || Tontine / rotating savings club (ROSCA): members fund each other in turn"
A03,B11,C14,3,3,9,"EU Data Act: users can demand the data their connected devices generate (from 12 Sep 2025) || Used goods and repairs lack trusted history, so resale value collapses || Prediction market: price aggregates dispersed knowledge into a probability"
A03,B11,C15,3,3,9,"EU Data Act: users can demand the data their connected devices generate (from 12 Sep 2025) || Used goods and repairs lack trusted history, so resale value collapses || Pharmacovigilance: tiny signals from many reports detect rare problems early"
A03,B12,C01,2,3,6,"EU Data Act: users can demand the data their connected devices generate (from 12 Sep 2025) || Staff shortages in hospitality/care; workers paid late, shifts unfilled || Airline yield management: price changes by demand minute to minute"
A03,B12,C02,2,3,6,"EU Data Act: users can demand the data their connected devices generate (from 12 Sep 2025) || Staff shortages in hospitality/care; workers paid late, shifts unfilled || Chess/Elo rating: ranking from pairwise outcomes, no absolute measure needed"
A03,B12,C03,1,3,3,"EU Data Act: users can demand the data their connected devices generate (from 12 Sep 2025) || Staff shortages in hospitality/care; workers paid late, shifts unfilled || Blood-bank / organ matching: time-critical allocation of scarce perishable supply"
A03,B12,C04,0,3,0,"EU Data Act: users can demand the data their connected devices generate (from 12 Sep 2025) || Staff shortages in hospitality/care; workers paid late, shifts unfilled || Reinsurance: pooling many small risks and selling slices to big capital"
A03,B12,C05,2,3,6,"EU Data Act: users can demand the data their connected devices generate (from 12 Sep 2025) || Staff shortages in hospitality/care; workers paid late, shifts unfilled || Air-traffic control: live deconfliction of many actors in shared space"
A03,B12,C06,2,3,6,"EU Data Act: users can demand the data their connected devices generate (from 12 Sep 2025) || Staff shortages in hospitality/care; workers paid late, shifts unfilled || Spotify royalties: tiny usage events settled into automatic payouts"
A03,B12,C07,1,3,3,"EU Data Act: users can demand the data their connected devices generate (from 12 Sep 2025) || Staff shortages in hospitality/care; workers paid late, shifts unfilled || Carfax-style history report built from many third-party events"
A03,B12,C08,2,3,6,"EU Data Act: users can demand the data their connected devices generate (from 12 Sep 2025) || Staff shortages in hospitality/care; workers paid late, shifts unfilled || Ant colony / stigmergy: coordination through traces left in the environment"
A03,B12,C09,1,3,3,"EU Data Act: users can demand the data their connected devices generate (from 12 Sep 2025) || Staff shortages in hospitality/care; workers paid late, shifts unfilled || Clinical triage: route cases by urgency with a short standard question set"
A03,B12,C10,1,3,3,"EU Data Act: users can demand the data their connected devices generate (from 12 Sep 2025) || Staff shortages in hospitality/care; workers paid late, shifts unfilled || Futures market: sell next season's output today to lock a price"
A03,B12,C11,1,3,3,"EU Data Act: users can demand the data their connected devices generate (from 12 Sep 2025) || Staff shortages in hospitality/care; workers paid late, shifts unfilled || Container shipping standard (TEU): one box fits every ship, truck, crane"
A03,B12,C12,1,3,3,"EU Data Act: users can demand the data their connected devices generate (from 12 Sep 2025) || Staff shortages in hospitality/care; workers paid late, shifts unfilled || Speedrun/leaderboard gaming: public live competition drives behaviour"
A03,B12,C13,1,3,3,"EU Data Act: users can demand the data their connected devices generate (from 12 Sep 2025) || Staff shortages in hospitality/care; workers paid late, shifts unfilled || Tontine / rotating savings club (ROSCA): members fund each other in turn"
A03,B12,C14,2,3,6,"EU Data Act: users can demand the data their connected devices generate (from 12 Sep 2025) || Staff shortages in hospitality/care; workers paid late, shifts unfilled || Prediction market: price aggregates dispersed knowledge into a probability"
A03,B12,C15,2,3,6,"EU Data Act: users can demand the data their connected devices generate (from 12 Sep 2025) || Staff shortages in hospitality/care; workers paid late, shifts unfilled || Pharmacovigilance: tiny signals from many reports detect rare problems early"
A03,B13,C01,1,2,2,EU Data Act: users can demand the data their connected devices generate (from 12 Sep 2025) || Grant and subsidy money goes unclaimed; SMEs don't know or can't apply || Airline yield management: price changes by demand minute to minute
A03,B13,C02,4,2,8,"EU Data Act: users can demand the data their connected devices generate (from 12 Sep 2025) || Grant and subsidy money goes unclaimed; SMEs don't know or can't apply || Chess/Elo rating: ranking from pairwise outcomes, no absolute measure needed"
A03,B13,C03,1,2,2,EU Data Act: users can demand the data their connected devices generate (from 12 Sep 2025) || Grant and subsidy money goes unclaimed; SMEs don't know or can't apply || Blood-bank / organ matching: time-critical allocation of scarce perishable supply
A03,B13,C04,1,2,2,EU Data Act: users can demand the data their connected devices generate (from 12 Sep 2025) || Grant and subsidy money goes unclaimed; SMEs don't know or can't apply || Reinsurance: pooling many small risks and selling slices to big capital
A03,B13,C05,2,2,4,EU Data Act: users can demand the data their connected devices generate (from 12 Sep 2025) || Grant and subsidy money goes unclaimed; SMEs don't know or can't apply || Air-traffic control: live deconfliction of many actors in shared space
A03,B13,C06,2,2,4,EU Data Act: users can demand the data their connected devices generate (from 12 Sep 2025) || Grant and subsidy money goes unclaimed; SMEs don't know or can't apply || Spotify royalties: tiny usage events settled into automatic payouts
A03,B13,C07,2,2,4,EU Data Act: users can demand the data their connected devices generate (from 12 Sep 2025) || Grant and subsidy money goes unclaimed; SMEs don't know or can't apply || Carfax-style history report built from many third-party events
A03,B13,C08,2,2,4,EU Data Act: users can demand the data their connected devices generate (from 12 Sep 2025) || Grant and subsidy money goes unclaimed; SMEs don't know or can't apply || Ant colony / stigmergy: coordination through traces left in the environment
A03,B13,C09,2,2,4,EU Data Act: users can demand the data their connected devices generate (from 12 Sep 2025) || Grant and subsidy money goes unclaimed; SMEs don't know or can't apply || Clinical triage: route cases by urgency with a short standard question set
A03,B13,C10,1,2,2,EU Data Act: users can demand the data their connected devices generate (from 12 Sep 2025) || Grant and subsidy money goes unclaimed; SMEs don't know or can't apply || Futures market: sell next season's output today to lock a price
A03,B13,C11,3,2,6,"EU Data Act: users can demand the data their connected devices generate (from 12 Sep 2025) || Grant and subsidy money goes unclaimed; SMEs don't know or can't apply || Container shipping standard (TEU): one box fits every ship, truck, crane"
A03,B13,C12,1,2,2,EU Data Act: users can demand the data their connected devices generate (from 12 Sep 2025) || Grant and subsidy money goes unclaimed; SMEs don't know or can't apply || Speedrun/leaderboard gaming: public live competition drives behaviour
A03,B13,C13,1,2,2,EU Data Act: users can demand the data their connected devices generate (from 12 Sep 2025) || Grant and subsidy money goes unclaimed; SMEs don't know or can't apply || Tontine / rotating savings club (ROSCA): members fund each other in turn
A03,B13,C14,2,2,4,EU Data Act: users can demand the data their connected devices generate (from 12 Sep 2025) || Grant and subsidy money goes unclaimed; SMEs don't know or can't apply || Prediction market: price aggregates dispersed knowledge into a probability
A03,B13,C15,2,2,4,EU Data Act: users can demand the data their connected devices generate (from 12 Sep 2025) || Grant and subsidy money goes unclaimed; SMEs don't know or can't apply || Pharmacovigilance: tiny signals from many reports detect rare problems early
A03,B14,C01,1,3,3,"EU Data Act: users can demand the data their connected devices generate (from 12 Sep 2025) || Heatwaves: buildings overheat, elderly and workers at risk (Cyprus 45C+) || Airline yield management: price changes by demand minute to minute"
A03,B14,C02,3,3,9,"EU Data Act: users can demand the data their connected devices generate (from 12 Sep 2025) || Heatwaves: buildings overheat, elderly and workers at risk (Cyprus 45C+) || Chess/Elo rating: ranking from pairwise outcomes, no absolute measure needed"
A03,B14,C03,1,2,2,"EU Data Act: users can demand the data their connected devices generate (from 12 Sep 2025) || Heatwaves: buildings overheat, elderly and workers at risk (Cyprus 45C+) || Blood-bank / organ matching: time-critical allocation of scarce perishable supply"
A03,B14,C04,2,3,6,"EU Data Act: users can demand the data their connected devices generate (from 12 Sep 2025) || Heatwaves: buildings overheat, elderly and workers at risk (Cyprus 45C+) || Reinsurance: pooling many small risks and selling slices to big capital"
A03,B14,C05,3,3,9,"EU Data Act: users can demand the data their connected devices generate (from 12 Sep 2025) || Heatwaves: buildings overheat, elderly and workers at risk (Cyprus 45C+) || Air-traffic control: live deconfliction of many actors in shared space"
A03,B14,C06,2,3,6,"EU Data Act: users can demand the data their connected devices generate (from 12 Sep 2025) || Heatwaves: buildings overheat, elderly and workers at risk (Cyprus 45C+) || Spotify royalties: tiny usage events settled into automatic payouts"
A03,B14,C07,2,3,6,"EU Data Act: users can demand the data their connected devices generate (from 12 Sep 2025) || Heatwaves: buildings overheat, elderly and workers at risk (Cyprus 45C+) || Carfax-style history report built from many third-party events"
A03,B14,C08,3,3,9,"EU Data Act: users can demand the data their connected devices generate (from 12 Sep 2025) || Heatwaves: buildings overheat, elderly and workers at risk (Cyprus 45C+) || Ant colony / stigmergy: coordination through traces left in the environment"
A03,B14,C09,1,2,2,"EU Data Act: users can demand the data their connected devices generate (from 12 Sep 2025) || Heatwaves: buildings overheat, elderly and workers at risk (Cyprus 45C+) || Clinical triage: route cases by urgency with a short standard question set"
A03,B14,C10,1,3,3,"EU Data Act: users can demand the data their connected devices generate (from 12 Sep 2025) || Heatwaves: buildings overheat, elderly and workers at risk (Cyprus 45C+) || Futures market: sell next season's output today to lock a price"
A03,B14,C11,2,3,6,"EU Data Act: users can demand the data their connected devices generate (from 12 Sep 2025) || Heatwaves: buildings overheat, elderly and workers at risk (Cyprus 45C+) || Container shipping standard (TEU): one box fits every ship, truck, crane"
A03,B14,C12,1,3,3,"EU Data Act: users can demand the data their connected devices generate (from 12 Sep 2025) || Heatwaves: buildings overheat, elderly and workers at risk (Cyprus 45C+) || Speedrun/leaderboard gaming: public live competition drives behaviour"
A03,B14,C13,1,3,3,"EU Data Act: users can demand the data their connected devices generate (from 12 Sep 2025) || Heatwaves: buildings overheat, elderly and workers at risk (Cyprus 45C+) || Tontine / rotating savings club (ROSCA): members fund each other in turn"
A03,B14,C14,2,3,6,"EU Data Act: users can demand the data their connected devices generate (from 12 Sep 2025) || Heatwaves: buildings overheat, elderly and workers at risk (Cyprus 45C+) || Prediction market: price aggregates dispersed knowledge into a probability"
A03,B14,C15,2,2,4,"EU Data Act: users can demand the data their connected devices generate (from 12 Sep 2025) || Heatwaves: buildings overheat, elderly and workers at risk (Cyprus 45C+) || Pharmacovigilance: tiny signals from many reports detect rare problems early"
A03,B15,C01,0,3,0,EU Data Act: users can demand the data their connected devices generate (from 12 Sep 2025) || Property and utility disputes between landlords and tenants over shared costs || Airline yield management: price changes by demand minute to minute
A03,B15,C02,2,3,6,"EU Data Act: users can demand the data their connected devices generate (from 12 Sep 2025) || Property and utility disputes between landlords and tenants over shared costs || Chess/Elo rating: ranking from pairwise outcomes, no absolute measure needed"
A03,B15,C03,0,3,0,EU Data Act: users can demand the data their connected devices generate (from 12 Sep 2025) || Property and utility disputes between landlords and tenants over shared costs || Blood-bank / organ matching: time-critical allocation of scarce perishable supply
A03,B15,C04,0,3,0,EU Data Act: users can demand the data their connected devices generate (from 12 Sep 2025) || Property and utility disputes between landlords and tenants over shared costs || Reinsurance: pooling many small risks and selling slices to big capital
A03,B15,C05,1,3,3,EU Data Act: users can demand the data their connected devices generate (from 12 Sep 2025) || Property and utility disputes between landlords and tenants over shared costs || Air-traffic control: live deconfliction of many actors in shared space
A03,B15,C06,1,3,3,EU Data Act: users can demand the data their connected devices generate (from 12 Sep 2025) || Property and utility disputes between landlords and tenants over shared costs || Spotify royalties: tiny usage events settled into automatic payouts
A03,B15,C07,1,3,3,EU Data Act: users can demand the data their connected devices generate (from 12 Sep 2025) || Property and utility disputes between landlords and tenants over shared costs || Carfax-style history report built from many third-party events
A03,B15,C08,1,3,3,EU Data Act: users can demand the data their connected devices generate (from 12 Sep 2025) || Property and utility disputes between landlords and tenants over shared costs || Ant colony / stigmergy: coordination through traces left in the environment
A03,B15,C09,0,3,0,EU Data Act: users can demand the data their connected devices generate (from 12 Sep 2025) || Property and utility disputes between landlords and tenants over shared costs || Clinical triage: route cases by urgency with a short standard question set
A03,B15,C10,1,3,3,EU Data Act: users can demand the data their connected devices generate (from 12 Sep 2025) || Property and utility disputes between landlords and tenants over shared costs || Futures market: sell next season's output today to lock a price
A03,B15,C11,1,3,3,"EU Data Act: users can demand the data their connected devices generate (from 12 Sep 2025) || Property and utility disputes between landlords and tenants over shared costs || Container shipping standard (TEU): one box fits every ship, truck, crane"
A03,B15,C12,0,3,0,EU Data Act: users can demand the data their connected devices generate (from 12 Sep 2025) || Property and utility disputes between landlords and tenants over shared costs || Speedrun/leaderboard gaming: public live competition drives behaviour
A03,B15,C13,1,3,3,EU Data Act: users can demand the data their connected devices generate (from 12 Sep 2025) || Property and utility disputes between landlords and tenants over shared costs || Tontine / rotating savings club (ROSCA): members fund each other in turn
A03,B15,C14,1,3,3,EU Data Act: users can demand the data their connected devices generate (from 12 Sep 2025) || Property and utility disputes between landlords and tenants over shared costs || Prediction market: price aggregates dispersed knowledge into a probability
A03,B15,C15,1,3,3,EU Data Act: users can demand the data their connected devices generate (from 12 Sep 2025) || Property and utility disputes between landlords and tenants over shared costs || Pharmacovigilance: tiny signals from many reports detect rare problems early
A04,B01,C01,3,3,9,Instant SEPA payments mandatory for all euro banks (2025) || SMEs answer many differently-worded sustainability requests from banks/customers || Airline yield management: price changes by demand minute to minute
A04,B01,C02,2,3,6,"Instant SEPA payments mandatory for all euro banks (2025) || SMEs answer many differently-worded sustainability requests from banks/customers || Chess/Elo rating: ranking from pairwise outcomes, no absolute measure needed"
A04,B01,C03,2,3,6,Instant SEPA payments mandatory for all euro banks (2025) || SMEs answer many differently-worded sustainability requests from banks/customers || Blood-bank / organ matching: time-critical allocation of scarce perishable supply
A04,B01,C04,3,2,6,Instant SEPA payments mandatory for all euro banks (2025) || SMEs answer many differently-worded sustainability requests from banks/customers || Reinsurance: pooling many small risks and selling slices to big capital
A04,B01,C05,2,3,6,Instant SEPA payments mandatory for all euro banks (2025) || SMEs answer many differently-worded sustainability requests from banks/customers || Air-traffic control: live deconfliction of many actors in shared space
A04,B01,C06,3,3,9,Instant SEPA payments mandatory for all euro banks (2025) || SMEs answer many differently-worded sustainability requests from banks/customers || Spotify royalties: tiny usage events settled into automatic payouts
A04,B01,C07,2,3,6,Instant SEPA payments mandatory for all euro banks (2025) || SMEs answer many differently-worded sustainability requests from banks/customers || Carfax-style history report built from many third-party events
A04,B01,C08,2,3,6,Instant SEPA payments mandatory for all euro banks (2025) || SMEs answer many differently-worded sustainability requests from banks/customers || Ant colony / stigmergy: coordination through traces left in the environment
A04,B01,C09,2,3,6,Instant SEPA payments mandatory for all euro banks (2025) || SMEs answer many differently-worded sustainability requests from banks/customers || Clinical triage: route cases by urgency with a short standard question set
A04,B01,C10,2,2,4,Instant SEPA payments mandatory for all euro banks (2025) || SMEs answer many differently-worded sustainability requests from banks/customers || Futures market: sell next season's output today to lock a price
A04,B01,C11,3,3,9,"Instant SEPA payments mandatory for all euro banks (2025) || SMEs answer many differently-worded sustainability requests from banks/customers || Container shipping standard (TEU): one box fits every ship, truck, crane"
A04,B01,C12,2,3,6,Instant SEPA payments mandatory for all euro banks (2025) || SMEs answer many differently-worded sustainability requests from banks/customers || Speedrun/leaderboard gaming: public live competition drives behaviour
A04,B01,C13,4,2,8,Instant SEPA payments mandatory for all euro banks (2025) || SMEs answer many differently-worded sustainability requests from banks/customers || Tontine / rotating savings club (ROSCA): members fund each other in turn
A04,B01,C14,3,2,6,Instant SEPA payments mandatory for all euro banks (2025) || SMEs answer many differently-worded sustainability requests from banks/customers || Prediction market: price aggregates dispersed knowledge into a probability
A04,B01,C15,2,3,6,Instant SEPA payments mandatory for all euro banks (2025) || SMEs answer many differently-worded sustainability requests from banks/customers || Pharmacovigilance: tiny signals from many reports detect rare problems early
A04,B02,C01,5,3,15,Instant SEPA payments mandatory for all euro banks (2025) || Energy cost is a major barrier for ~50% of EU firms; SMEs under-invest in efficiency || Airline yield management: price changes by demand minute to minute
A04,B02,C02,2,3,6,"Instant SEPA payments mandatory for all euro banks (2025) || Energy cost is a major barrier for ~50% of EU firms; SMEs under-invest in efficiency || Chess/Elo rating: ranking from pairwise outcomes, no absolute measure needed"
A04,B02,C03,3,3,9,Instant SEPA payments mandatory for all euro banks (2025) || Energy cost is a major barrier for ~50% of EU firms; SMEs under-invest in efficiency || Blood-bank / organ matching: time-critical allocation of scarce perishable supply
A04,B02,C04,4,2,8,Instant SEPA payments mandatory for all euro banks (2025) || Energy cost is a major barrier for ~50% of EU firms; SMEs under-invest in efficiency || Reinsurance: pooling many small risks and selling slices to big capital
A04,B02,C05,3,3,9,Instant SEPA payments mandatory for all euro banks (2025) || Energy cost is a major barrier for ~50% of EU firms; SMEs under-invest in efficiency || Air-traffic control: live deconfliction of many actors in shared space
A04,B02,C06,4,3,12,Instant SEPA payments mandatory for all euro banks (2025) || Energy cost is a major barrier for ~50% of EU firms; SMEs under-invest in efficiency || Spotify royalties: tiny usage events settled into automatic payouts
A04,B02,C07,2,3,6,Instant SEPA payments mandatory for all euro banks (2025) || Energy cost is a major barrier for ~50% of EU firms; SMEs under-invest in efficiency || Carfax-style history report built from many third-party events
A04,B02,C08,3,3,9,Instant SEPA payments mandatory for all euro banks (2025) || Energy cost is a major barrier for ~50% of EU firms; SMEs under-invest in efficiency || Ant colony / stigmergy: coordination through traces left in the environment
A04,B02,C09,2,3,6,Instant SEPA payments mandatory for all euro banks (2025) || Energy cost is a major barrier for ~50% of EU firms; SMEs under-invest in efficiency || Clinical triage: route cases by urgency with a short standard question set
A04,B02,C10,4,2,8,Instant SEPA payments mandatory for all euro banks (2025) || Energy cost is a major barrier for ~50% of EU firms; SMEs under-invest in efficiency || Futures market: sell next season's output today to lock a price
A04,B02,C11,2,3,6,"Instant SEPA payments mandatory for all euro banks (2025) || Energy cost is a major barrier for ~50% of EU firms; SMEs under-invest in efficiency || Container shipping standard (TEU): one box fits every ship, truck, crane"
A04,B02,C12,3,3,9,Instant SEPA payments mandatory for all euro banks (2025) || Energy cost is a major barrier for ~50% of EU firms; SMEs under-invest in efficiency || Speedrun/leaderboard gaming: public live competition drives behaviour
A04,B02,C13,6,2,12,Instant SEPA payments mandatory for all euro banks (2025) || Energy cost is a major barrier for ~50% of EU firms; SMEs under-invest in efficiency || Tontine / rotating savings club (ROSCA): members fund each other in turn
A04,B02,C14,4,2,8,Instant SEPA payments mandatory for all euro banks (2025) || Energy cost is a major barrier for ~50% of EU firms; SMEs under-invest in efficiency || Prediction market: price aggregates dispersed knowledge into a probability
A04,B02,C15,2,3,6,Instant SEPA payments mandatory for all euro banks (2025) || Energy cost is a major barrier for ~50% of EU firms; SMEs under-invest in efficiency || Pharmacovigilance: tiny signals from many reports detect rare problems early
A04,B03,C01,5,2,10,Instant SEPA payments mandatory for all euro banks (2025) || Late payment: ~50% of EU invoices paid late; SMEs hit hardest || Airline yield management: price changes by demand minute to minute
A04,B03,C02,2,2,4,"Instant SEPA payments mandatory for all euro banks (2025) || Late payment: ~50% of EU invoices paid late; SMEs hit hardest || Chess/Elo rating: ranking from pairwise outcomes, no absolute measure needed"
A04,B03,C03,3,2,6,Instant SEPA payments mandatory for all euro banks (2025) || Late payment: ~50% of EU invoices paid late; SMEs hit hardest || Blood-bank / organ matching: time-critical allocation of scarce perishable supply
A04,B03,C04,4,0,0,Instant SEPA payments mandatory for all euro banks (2025) || Late payment: ~50% of EU invoices paid late; SMEs hit hardest || Reinsurance: pooling many small risks and selling slices to big capital
A04,B03,C05,3,2,6,Instant SEPA payments mandatory for all euro banks (2025) || Late payment: ~50% of EU invoices paid late; SMEs hit hardest || Air-traffic control: live deconfliction of many actors in shared space
A04,B03,C06,4,2,8,Instant SEPA payments mandatory for all euro banks (2025) || Late payment: ~50% of EU invoices paid late; SMEs hit hardest || Spotify royalties: tiny usage events settled into automatic payouts
A04,B03,C07,2,2,4,Instant SEPA payments mandatory for all euro banks (2025) || Late payment: ~50% of EU invoices paid late; SMEs hit hardest || Carfax-style history report built from many third-party events
A04,B03,C08,3,2,6,Instant SEPA payments mandatory for all euro banks (2025) || Late payment: ~50% of EU invoices paid late; SMEs hit hardest || Ant colony / stigmergy: coordination through traces left in the environment
A04,B03,C09,2,2,4,Instant SEPA payments mandatory for all euro banks (2025) || Late payment: ~50% of EU invoices paid late; SMEs hit hardest || Clinical triage: route cases by urgency with a short standard question set
A04,B03,C10,4,0,0,Instant SEPA payments mandatory for all euro banks (2025) || Late payment: ~50% of EU invoices paid late; SMEs hit hardest || Futures market: sell next season's output today to lock a price
A04,B03,C11,2,2,4,"Instant SEPA payments mandatory for all euro banks (2025) || Late payment: ~50% of EU invoices paid late; SMEs hit hardest || Container shipping standard (TEU): one box fits every ship, truck, crane"
A04,B03,C12,3,2,6,Instant SEPA payments mandatory for all euro banks (2025) || Late payment: ~50% of EU invoices paid late; SMEs hit hardest || Speedrun/leaderboard gaming: public live competition drives behaviour
A04,B03,C13,6,0,0,Instant SEPA payments mandatory for all euro banks (2025) || Late payment: ~50% of EU invoices paid late; SMEs hit hardest || Tontine / rotating savings club (ROSCA): members fund each other in turn
A04,B03,C14,4,0,0,Instant SEPA payments mandatory for all euro banks (2025) || Late payment: ~50% of EU invoices paid late; SMEs hit hardest || Prediction market: price aggregates dispersed knowledge into a probability
A04,B03,C15,2,2,4,Instant SEPA payments mandatory for all euro banks (2025) || Late payment: ~50% of EU invoices paid late; SMEs hit hardest || Pharmacovigilance: tiny signals from many reports detect rare problems early
A04,B04,C01,2,3,6,"Instant SEPA payments mandatory for all euro banks (2025) || Cyprus water scarcity: desalination dependence, reservoirs below 20% (2025) || Airline yield management: price changes by demand minute to minute"
A04,B04,C02,0,3,0,"Instant SEPA payments mandatory for all euro banks (2025) || Cyprus water scarcity: desalination dependence, reservoirs below 20% (2025) || Chess/Elo rating: ranking from pairwise outcomes, no absolute measure needed"
A04,B04,C03,1,3,3,"Instant SEPA payments mandatory for all euro banks (2025) || Cyprus water scarcity: desalination dependence, reservoirs below 20% (2025) || Blood-bank / organ matching: time-critical allocation of scarce perishable supply"
A04,B04,C04,1,2,2,"Instant SEPA payments mandatory for all euro banks (2025) || Cyprus water scarcity: desalination dependence, reservoirs below 20% (2025) || Reinsurance: pooling many small risks and selling slices to big capital"
A04,B04,C05,2,3,6,"Instant SEPA payments mandatory for all euro banks (2025) || Cyprus water scarcity: desalination dependence, reservoirs below 20% (2025) || Air-traffic control: live deconfliction of many actors in shared space"
A04,B04,C06,1,3,3,"Instant SEPA payments mandatory for all euro banks (2025) || Cyprus water scarcity: desalination dependence, reservoirs below 20% (2025) || Spotify royalties: tiny usage events settled into automatic payouts"
A04,B04,C07,0,3,0,"Instant SEPA payments mandatory for all euro banks (2025) || Cyprus water scarcity: desalination dependence, reservoirs below 20% (2025) || Carfax-style history report built from many third-party events"
A04,B04,C08,2,3,6,"Instant SEPA payments mandatory for all euro banks (2025) || Cyprus water scarcity: desalination dependence, reservoirs below 20% (2025) || Ant colony / stigmergy: coordination through traces left in the environment"
A04,B04,C09,0,3,0,"Instant SEPA payments mandatory for all euro banks (2025) || Cyprus water scarcity: desalination dependence, reservoirs below 20% (2025) || Clinical triage: route cases by urgency with a short standard question set"
A04,B04,C10,2,2,4,"Instant SEPA payments mandatory for all euro banks (2025) || Cyprus water scarcity: desalination dependence, reservoirs below 20% (2025) || Futures market: sell next season's output today to lock a price"
A04,B04,C11,0,3,0,"Instant SEPA payments mandatory for all euro banks (2025) || Cyprus water scarcity: desalination dependence, reservoirs below 20% (2025) || Container shipping standard (TEU): one box fits every ship, truck, crane"
A04,B04,C12,1,3,3,"Instant SEPA payments mandatory for all euro banks (2025) || Cyprus water scarcity: desalination dependence, reservoirs below 20% (2025) || Speedrun/leaderboard gaming: public live competition drives behaviour"
A04,B04,C13,2,2,4,"Instant SEPA payments mandatory for all euro banks (2025) || Cyprus water scarcity: desalination dependence, reservoirs below 20% (2025) || Tontine / rotating savings club (ROSCA): members fund each other in turn"
A04,B04,C14,1,2,2,"Instant SEPA payments mandatory for all euro banks (2025) || Cyprus water scarcity: desalination dependence, reservoirs below 20% (2025) || Prediction market: price aggregates dispersed knowledge into a probability"
A04,B04,C15,0,3,0,"Instant SEPA payments mandatory for all euro banks (2025) || Cyprus water scarcity: desalination dependence, reservoirs below 20% (2025) || Pharmacovigilance: tiny signals from many reports detect rare problems early"
A04,B05,C01,6,3,18,Instant SEPA payments mandatory for all euro banks (2025) || Tourism seasonality: Cyprus hotels/staff idle half the year || Airline yield management: price changes by demand minute to minute
A04,B05,C02,2,3,6,"Instant SEPA payments mandatory for all euro banks (2025) || Tourism seasonality: Cyprus hotels/staff idle half the year || Chess/Elo rating: ranking from pairwise outcomes, no absolute measure needed"
A04,B05,C03,4,3,12,Instant SEPA payments mandatory for all euro banks (2025) || Tourism seasonality: Cyprus hotels/staff idle half the year || Blood-bank / organ matching: time-critical allocation of scarce perishable supply
A04,B05,C04,3,2,6,Instant SEPA payments mandatory for all euro banks (2025) || Tourism seasonality: Cyprus hotels/staff idle half the year || Reinsurance: pooling many small risks and selling slices to big capital
A04,B05,C05,4,3,12,Instant SEPA payments mandatory for all euro banks (2025) || Tourism seasonality: Cyprus hotels/staff idle half the year || Air-traffic control: live deconfliction of many actors in shared space
A04,B05,C06,4,3,12,Instant SEPA payments mandatory for all euro banks (2025) || Tourism seasonality: Cyprus hotels/staff idle half the year || Spotify royalties: tiny usage events settled into automatic payouts
A04,B05,C07,2,3,6,Instant SEPA payments mandatory for all euro banks (2025) || Tourism seasonality: Cyprus hotels/staff idle half the year || Carfax-style history report built from many third-party events
A04,B05,C08,4,3,12,Instant SEPA payments mandatory for all euro banks (2025) || Tourism seasonality: Cyprus hotels/staff idle half the year || Ant colony / stigmergy: coordination through traces left in the environment
A04,B05,C09,2,3,6,Instant SEPA payments mandatory for all euro banks (2025) || Tourism seasonality: Cyprus hotels/staff idle half the year || Clinical triage: route cases by urgency with a short standard question set
A04,B05,C10,4,2,8,Instant SEPA payments mandatory for all euro banks (2025) || Tourism seasonality: Cyprus hotels/staff idle half the year || Futures market: sell next season's output today to lock a price
A04,B05,C11,2,3,6,"Instant SEPA payments mandatory for all euro banks (2025) || Tourism seasonality: Cyprus hotels/staff idle half the year || Container shipping standard (TEU): one box fits every ship, truck, crane"
A04,B05,C12,5,3,15,Instant SEPA payments mandatory for all euro banks (2025) || Tourism seasonality: Cyprus hotels/staff idle half the year || Speedrun/leaderboard gaming: public live competition drives behaviour
A04,B05,C13,5,2,10,Instant SEPA payments mandatory for all euro banks (2025) || Tourism seasonality: Cyprus hotels/staff idle half the year || Tontine / rotating savings club (ROSCA): members fund each other in turn
A04,B05,C14,4,2,8,Instant SEPA payments mandatory for all euro banks (2025) || Tourism seasonality: Cyprus hotels/staff idle half the year || Prediction market: price aggregates dispersed knowledge into a probability
A04,B05,C15,2,3,6,Instant SEPA payments mandatory for all euro banks (2025) || Tourism seasonality: Cyprus hotels/staff idle half the year || Pharmacovigilance: tiny signals from many reports detect rare problems early
A04,B06,C01,2,3,6,Instant SEPA payments mandatory for all euro banks (2025) || Red tape: EU SMEs cite administrative burden as top obstacle (Eurobarometer 2023) || Airline yield management: price changes by demand minute to minute
A04,B06,C02,0,3,0,"Instant SEPA payments mandatory for all euro banks (2025) || Red tape: EU SMEs cite administrative burden as top obstacle (Eurobarometer 2023) || Chess/Elo rating: ranking from pairwise outcomes, no absolute measure needed"
A04,B06,C03,1,3,3,Instant SEPA payments mandatory for all euro banks (2025) || Red tape: EU SMEs cite administrative burden as top obstacle (Eurobarometer 2023) || Blood-bank / organ matching: time-critical allocation of scarce perishable supply
A04,B06,C04,1,2,2,Instant SEPA payments mandatory for all euro banks (2025) || Red tape: EU SMEs cite administrative burden as top obstacle (Eurobarometer 2023) || Reinsurance: pooling many small risks and selling slices to big capital
A04,B06,C05,1,3,3,Instant SEPA payments mandatory for all euro banks (2025) || Red tape: EU SMEs cite administrative burden as top obstacle (Eurobarometer 2023) || Air-traffic control: live deconfliction of many actors in shared space
A04,B06,C06,1,3,3,Instant SEPA payments mandatory for all euro banks (2025) || Red tape: EU SMEs cite administrative burden as top obstacle (Eurobarometer 2023) || Spotify royalties: tiny usage events settled into automatic payouts
A04,B06,C07,0,3,0,Instant SEPA payments mandatory for all euro banks (2025) || Red tape: EU SMEs cite administrative burden as top obstacle (Eurobarometer 2023) || Carfax-style history report built from many third-party events
A04,B06,C08,1,3,3,Instant SEPA payments mandatory for all euro banks (2025) || Red tape: EU SMEs cite administrative burden as top obstacle (Eurobarometer 2023) || Ant colony / stigmergy: coordination through traces left in the environment
A04,B06,C09,1,3,3,Instant SEPA payments mandatory for all euro banks (2025) || Red tape: EU SMEs cite administrative burden as top obstacle (Eurobarometer 2023) || Clinical triage: route cases by urgency with a short standard question set
A04,B06,C10,1,2,2,Instant SEPA payments mandatory for all euro banks (2025) || Red tape: EU SMEs cite administrative burden as top obstacle (Eurobarometer 2023) || Futures market: sell next season's output today to lock a price
A04,B06,C11,1,3,3,"Instant SEPA payments mandatory for all euro banks (2025) || Red tape: EU SMEs cite administrative burden as top obstacle (Eurobarometer 2023) || Container shipping standard (TEU): one box fits every ship, truck, crane"
A04,B06,C12,1,3,3,Instant SEPA payments mandatory for all euro banks (2025) || Red tape: EU SMEs cite administrative burden as top obstacle (Eurobarometer 2023) || Speedrun/leaderboard gaming: public live competition drives behaviour
A04,B06,C13,2,2,4,Instant SEPA payments mandatory for all euro banks (2025) || Red tape: EU SMEs cite administrative burden as top obstacle (Eurobarometer 2023) || Tontine / rotating savings club (ROSCA): members fund each other in turn
A04,B06,C14,1,2,2,Instant SEPA payments mandatory for all euro banks (2025) || Red tape: EU SMEs cite administrative burden as top obstacle (Eurobarometer 2023) || Prediction market: price aggregates dispersed knowledge into a probability
A04,B06,C15,0,3,0,Instant SEPA payments mandatory for all euro banks (2025) || Red tape: EU SMEs cite administrative burden as top obstacle (Eurobarometer 2023) || Pharmacovigilance: tiny signals from many reports detect rare problems early
A04,B07,C01,2,3,6,Instant SEPA payments mandatory for all euro banks (2025) || Farmers lose crops to heat/drought with slow or no insurance payout || Airline yield management: price changes by demand minute to minute
A04,B07,C02,0,3,0,"Instant SEPA payments mandatory for all euro banks (2025) || Farmers lose crops to heat/drought with slow or no insurance payout || Chess/Elo rating: ranking from pairwise outcomes, no absolute measure needed"
A04,B07,C03,1,3,3,Instant SEPA payments mandatory for all euro banks (2025) || Farmers lose crops to heat/drought with slow or no insurance payout || Blood-bank / organ matching: time-critical allocation of scarce perishable supply
A04,B07,C04,2,2,4,Instant SEPA payments mandatory for all euro banks (2025) || Farmers lose crops to heat/drought with slow or no insurance payout || Reinsurance: pooling many small risks and selling slices to big capital
A04,B07,C05,1,3,3,Instant SEPA payments mandatory for all euro banks (2025) || Farmers lose crops to heat/drought with slow or no insurance payout || Air-traffic control: live deconfliction of many actors in shared space
A04,B07,C06,1,3,3,Instant SEPA payments mandatory for all euro banks (2025) || Farmers lose crops to heat/drought with slow or no insurance payout || Spotify royalties: tiny usage events settled into automatic payouts
A04,B07,C07,0,3,0,Instant SEPA payments mandatory for all euro banks (2025) || Farmers lose crops to heat/drought with slow or no insurance payout || Carfax-style history report built from many third-party events
A04,B07,C08,1,2,2,Instant SEPA payments mandatory for all euro banks (2025) || Farmers lose crops to heat/drought with slow or no insurance payout || Ant colony / stigmergy: coordination through traces left in the environment
A04,B07,C09,0,3,0,Instant SEPA payments mandatory for all euro banks (2025) || Farmers lose crops to heat/drought with slow or no insurance payout || Clinical triage: route cases by urgency with a short standard question set
A04,B07,C10,2,2,4,Instant SEPA payments mandatory for all euro banks (2025) || Farmers lose crops to heat/drought with slow or no insurance payout || Futures market: sell next season's output today to lock a price
A04,B07,C11,0,3,0,"Instant SEPA payments mandatory for all euro banks (2025) || Farmers lose crops to heat/drought with slow or no insurance payout || Container shipping standard (TEU): one box fits every ship, truck, crane"
A04,B07,C12,1,3,3,Instant SEPA payments mandatory for all euro banks (2025) || Farmers lose crops to heat/drought with slow or no insurance payout || Speedrun/leaderboard gaming: public live competition drives behaviour
A04,B07,C13,2,2,4,Instant SEPA payments mandatory for all euro banks (2025) || Farmers lose crops to heat/drought with slow or no insurance payout || Tontine / rotating savings club (ROSCA): members fund each other in turn
A04,B07,C14,1,2,2,Instant SEPA payments mandatory for all euro banks (2025) || Farmers lose crops to heat/drought with slow or no insurance payout || Prediction market: price aggregates dispersed knowledge into a probability
A04,B07,C15,0,3,0,Instant SEPA payments mandatory for all euro banks (2025) || Farmers lose crops to heat/drought with slow or no insurance payout || Pharmacovigilance: tiny signals from many reports detect rare problems early
A04,B08,C01,2,3,6,"Instant SEPA payments mandatory for all euro banks (2025) || Food waste: ~130 kg per EU citizen/year, retail+hospitality large share || Airline yield management: price changes by demand minute to minute"
A04,B08,C02,0,3,0,"Instant SEPA payments mandatory for all euro banks (2025) || Food waste: ~130 kg per EU citizen/year, retail+hospitality large share || Chess/Elo rating: ranking from pairwise outcomes, no absolute measure needed"
A04,B08,C03,2,3,6,"Instant SEPA payments mandatory for all euro banks (2025) || Food waste: ~130 kg per EU citizen/year, retail+hospitality large share || Blood-bank / organ matching: time-critical allocation of scarce perishable supply"
A04,B08,C04,1,2,2,"Instant SEPA payments mandatory for all euro banks (2025) || Food waste: ~130 kg per EU citizen/year, retail+hospitality large share || Reinsurance: pooling many small risks and selling slices to big capital"
A04,B08,C05,1,3,3,"Instant SEPA payments mandatory for all euro banks (2025) || Food waste: ~130 kg per EU citizen/year, retail+hospitality large share || Air-traffic control: live deconfliction of many actors in shared space"
A04,B08,C06,1,3,3,"Instant SEPA payments mandatory for all euro banks (2025) || Food waste: ~130 kg per EU citizen/year, retail+hospitality large share || Spotify royalties: tiny usage events settled into automatic payouts"
A04,B08,C07,1,3,3,"Instant SEPA payments mandatory for all euro banks (2025) || Food waste: ~130 kg per EU citizen/year, retail+hospitality large share || Carfax-style history report built from many third-party events"
A04,B08,C08,1,3,3,"Instant SEPA payments mandatory for all euro banks (2025) || Food waste: ~130 kg per EU citizen/year, retail+hospitality large share || Ant colony / stigmergy: coordination through traces left in the environment"
A04,B08,C09,0,3,0,"Instant SEPA payments mandatory for all euro banks (2025) || Food waste: ~130 kg per EU citizen/year, retail+hospitality large share || Clinical triage: route cases by urgency with a short standard question set"
A04,B08,C10,1,2,2,"Instant SEPA payments mandatory for all euro banks (2025) || Food waste: ~130 kg per EU citizen/year, retail+hospitality large share || Futures market: sell next season's output today to lock a price"
A04,B08,C11,0,3,0,"Instant SEPA payments mandatory for all euro banks (2025) || Food waste: ~130 kg per EU citizen/year, retail+hospitality large share || Container shipping standard (TEU): one box fits every ship, truck, crane"
A04,B08,C12,2,3,6,"Instant SEPA payments mandatory for all euro banks (2025) || Food waste: ~130 kg per EU citizen/year, retail+hospitality large share || Speedrun/leaderboard gaming: public live competition drives behaviour"
A04,B08,C13,2,2,4,"Instant SEPA payments mandatory for all euro banks (2025) || Food waste: ~130 kg per EU citizen/year, retail+hospitality large share || Tontine / rotating savings club (ROSCA): members fund each other in turn"
A04,B08,C14,1,2,2,"Instant SEPA payments mandatory for all euro banks (2025) || Food waste: ~130 kg per EU citizen/year, retail+hospitality large share || Prediction market: price aggregates dispersed knowledge into a probability"
A04,B08,C15,0,3,0,"Instant SEPA payments mandatory for all euro banks (2025) || Food waste: ~130 kg per EU citizen/year, retail+hospitality large share || Pharmacovigilance: tiny signals from many reports detect rare problems early"
A04,B09,C01,4,3,12,Instant SEPA payments mandatory for all euro banks (2025) || Island grid curtailment: Cyprus wastes solar output at midday (no interconnector) || Airline yield management: price changes by demand minute to minute
A04,B09,C02,1,3,3,"Instant SEPA payments mandatory for all euro banks (2025) || Island grid curtailment: Cyprus wastes solar output at midday (no interconnector) || Chess/Elo rating: ranking from pairwise outcomes, no absolute measure needed"
A04,B09,C03,3,3,9,Instant SEPA payments mandatory for all euro banks (2025) || Island grid curtailment: Cyprus wastes solar output at midday (no interconnector) || Blood-bank / organ matching: time-critical allocation of scarce perishable supply
A04,B09,C04,2,2,4,Instant SEPA payments mandatory for all euro banks (2025) || Island grid curtailment: Cyprus wastes solar output at midday (no interconnector) || Reinsurance: pooling many small risks and selling slices to big capital
A04,B09,C05,4,3,12,Instant SEPA payments mandatory for all euro banks (2025) || Island grid curtailment: Cyprus wastes solar output at midday (no interconnector) || Air-traffic control: live deconfliction of many actors in shared space
A04,B09,C06,2,3,6,Instant SEPA payments mandatory for all euro banks (2025) || Island grid curtailment: Cyprus wastes solar output at midday (no interconnector) || Spotify royalties: tiny usage events settled into automatic payouts
A04,B09,C07,1,3,3,Instant SEPA payments mandatory for all euro banks (2025) || Island grid curtailment: Cyprus wastes solar output at midday (no interconnector) || Carfax-style history report built from many third-party events
A04,B09,C08,4,3,12,Instant SEPA payments mandatory for all euro banks (2025) || Island grid curtailment: Cyprus wastes solar output at midday (no interconnector) || Ant colony / stigmergy: coordination through traces left in the environment
A04,B09,C09,1,3,3,Instant SEPA payments mandatory for all euro banks (2025) || Island grid curtailment: Cyprus wastes solar output at midday (no interconnector) || Clinical triage: route cases by urgency with a short standard question set
A04,B09,C10,2,2,4,Instant SEPA payments mandatory for all euro banks (2025) || Island grid curtailment: Cyprus wastes solar output at midday (no interconnector) || Futures market: sell next season's output today to lock a price
A04,B09,C11,1,3,3,"Instant SEPA payments mandatory for all euro banks (2025) || Island grid curtailment: Cyprus wastes solar output at midday (no interconnector) || Container shipping standard (TEU): one box fits every ship, truck, crane"
A04,B09,C12,3,3,9,Instant SEPA payments mandatory for all euro banks (2025) || Island grid curtailment: Cyprus wastes solar output at midday (no interconnector) || Speedrun/leaderboard gaming: public live competition drives behaviour
A04,B09,C13,3,2,6,Instant SEPA payments mandatory for all euro banks (2025) || Island grid curtailment: Cyprus wastes solar output at midday (no interconnector) || Tontine / rotating savings club (ROSCA): members fund each other in turn
A04,B09,C14,2,2,4,Instant SEPA payments mandatory for all euro banks (2025) || Island grid curtailment: Cyprus wastes solar output at midday (no interconnector) || Prediction market: price aggregates dispersed knowledge into a probability
A04,B09,C15,1,3,3,Instant SEPA payments mandatory for all euro banks (2025) || Island grid curtailment: Cyprus wastes solar output at midday (no interconnector) || Pharmacovigilance: tiny signals from many reports detect rare problems early
A04,B10,C01,3,2,6,"Instant SEPA payments mandatory for all euro banks (2025) || SMEs can't get credit: thin files, no collateral (SAFE survey) || Airline yield management: price changes by demand minute to minute"
A04,B10,C02,3,2,6,"Instant SEPA payments mandatory for all euro banks (2025) || SMEs can't get credit: thin files, no collateral (SAFE survey) || Chess/Elo rating: ranking from pairwise outcomes, no absolute measure needed"
A04,B10,C03,2,2,4,"Instant SEPA payments mandatory for all euro banks (2025) || SMEs can't get credit: thin files, no collateral (SAFE survey) || Blood-bank / organ matching: time-critical allocation of scarce perishable supply"
A04,B10,C04,3,0,0,"Instant SEPA payments mandatory for all euro banks (2025) || SMEs can't get credit: thin files, no collateral (SAFE survey) || Reinsurance: pooling many small risks and selling slices to big capital"
A04,B10,C05,2,2,4,"Instant SEPA payments mandatory for all euro banks (2025) || SMEs can't get credit: thin files, no collateral (SAFE survey) || Air-traffic control: live deconfliction of many actors in shared space"
A04,B10,C06,3,2,6,"Instant SEPA payments mandatory for all euro banks (2025) || SMEs can't get credit: thin files, no collateral (SAFE survey) || Spotify royalties: tiny usage events settled into automatic payouts"
A04,B10,C07,2,2,4,"Instant SEPA payments mandatory for all euro banks (2025) || SMEs can't get credit: thin files, no collateral (SAFE survey) || Carfax-style history report built from many third-party events"
A04,B10,C08,2,2,4,"Instant SEPA payments mandatory for all euro banks (2025) || SMEs can't get credit: thin files, no collateral (SAFE survey) || Ant colony / stigmergy: coordination through traces left in the environment"
A04,B10,C09,1,2,2,"Instant SEPA payments mandatory for all euro banks (2025) || SMEs can't get credit: thin files, no collateral (SAFE survey) || Clinical triage: route cases by urgency with a short standard question set"
A04,B10,C10,2,0,0,"Instant SEPA payments mandatory for all euro banks (2025) || SMEs can't get credit: thin files, no collateral (SAFE survey) || Futures market: sell next season's output today to lock a price"
A04,B10,C11,2,2,4,"Instant SEPA payments mandatory for all euro banks (2025) || SMEs can't get credit: thin files, no collateral (SAFE survey) || Container shipping standard (TEU): one box fits every ship, truck, crane"
A04,B10,C12,2,2,4,"Instant SEPA payments mandatory for all euro banks (2025) || SMEs can't get credit: thin files, no collateral (SAFE survey) || Speedrun/leaderboard gaming: public live competition drives behaviour"
A04,B10,C13,4,0,0,"Instant SEPA payments mandatory for all euro banks (2025) || SMEs can't get credit: thin files, no collateral (SAFE survey) || Tontine / rotating savings club (ROSCA): members fund each other in turn"
A04,B10,C14,3,0,0,"Instant SEPA payments mandatory for all euro banks (2025) || SMEs can't get credit: thin files, no collateral (SAFE survey) || Prediction market: price aggregates dispersed knowledge into a probability"
A04,B10,C15,2,2,4,"Instant SEPA payments mandatory for all euro banks (2025) || SMEs can't get credit: thin files, no collateral (SAFE survey) || Pharmacovigilance: tiny signals from many reports detect rare problems early"
A04,B11,C01,2,3,6,"Instant SEPA payments mandatory for all euro banks (2025) || Used goods and repairs lack trusted history, so resale value collapses || Airline yield management: price changes by demand minute to minute"
A04,B11,C02,1,3,3,"Instant SEPA payments mandatory for all euro banks (2025) || Used goods and repairs lack trusted history, so resale value collapses || Chess/Elo rating: ranking from pairwise outcomes, no absolute measure needed"
A04,B11,C03,2,3,6,"Instant SEPA payments mandatory for all euro banks (2025) || Used goods and repairs lack trusted history, so resale value collapses || Blood-bank / organ matching: time-critical allocation of scarce perishable supply"
A04,B11,C04,1,2,2,"Instant SEPA payments mandatory for all euro banks (2025) || Used goods and repairs lack trusted history, so resale value collapses || Reinsurance: pooling many small risks and selling slices to big capital"
A04,B11,C05,1,3,3,"Instant SEPA payments mandatory for all euro banks (2025) || Used goods and repairs lack trusted history, so resale value collapses || Air-traffic control: live deconfliction of many actors in shared space"
A04,B11,C06,2,3,6,"Instant SEPA payments mandatory for all euro banks (2025) || Used goods and repairs lack trusted history, so resale value collapses || Spotify royalties: tiny usage events settled into automatic payouts"
A04,B11,C07,2,3,6,"Instant SEPA payments mandatory for all euro banks (2025) || Used goods and repairs lack trusted history, so resale value collapses || Carfax-style history report built from many third-party events"
A04,B11,C08,1,3,3,"Instant SEPA payments mandatory for all euro banks (2025) || Used goods and repairs lack trusted history, so resale value collapses || Ant colony / stigmergy: coordination through traces left in the environment"
A04,B11,C09,0,3,0,"Instant SEPA payments mandatory for all euro banks (2025) || Used goods and repairs lack trusted history, so resale value collapses || Clinical triage: route cases by urgency with a short standard question set"
A04,B11,C10,1,2,2,"Instant SEPA payments mandatory for all euro banks (2025) || Used goods and repairs lack trusted history, so resale value collapses || Futures market: sell next season's output today to lock a price"
A04,B11,C11,2,3,6,"Instant SEPA payments mandatory for all euro banks (2025) || Used goods and repairs lack trusted history, so resale value collapses || Container shipping standard (TEU): one box fits every ship, truck, crane"
A04,B11,C12,1,3,3,"Instant SEPA payments mandatory for all euro banks (2025) || Used goods and repairs lack trusted history, so resale value collapses || Speedrun/leaderboard gaming: public live competition drives behaviour"
A04,B11,C13,2,2,4,"Instant SEPA payments mandatory for all euro banks (2025) || Used goods and repairs lack trusted history, so resale value collapses || Tontine / rotating savings club (ROSCA): members fund each other in turn"
A04,B11,C14,2,2,4,"Instant SEPA payments mandatory for all euro banks (2025) || Used goods and repairs lack trusted history, so resale value collapses || Prediction market: price aggregates dispersed knowledge into a probability"
A04,B11,C15,1,3,3,"Instant SEPA payments mandatory for all euro banks (2025) || Used goods and repairs lack trusted history, so resale value collapses || Pharmacovigilance: tiny signals from many reports detect rare problems early"
A04,B12,C01,6,3,18,"Instant SEPA payments mandatory for all euro banks (2025) || Staff shortages in hospitality/care; workers paid late, shifts unfilled || Airline yield management: price changes by demand minute to minute"
A04,B12,C02,2,3,6,"Instant SEPA payments mandatory for all euro banks (2025) || Staff shortages in hospitality/care; workers paid late, shifts unfilled || Chess/Elo rating: ranking from pairwise outcomes, no absolute measure needed"
A04,B12,C03,4,3,12,"Instant SEPA payments mandatory for all euro banks (2025) || Staff shortages in hospitality/care; workers paid late, shifts unfilled || Blood-bank / organ matching: time-critical allocation of scarce perishable supply"
A04,B12,C04,3,2,6,"Instant SEPA payments mandatory for all euro banks (2025) || Staff shortages in hospitality/care; workers paid late, shifts unfilled || Reinsurance: pooling many small risks and selling slices to big capital"
A04,B12,C05,4,3,12,"Instant SEPA payments mandatory for all euro banks (2025) || Staff shortages in hospitality/care; workers paid late, shifts unfilled || Air-traffic control: live deconfliction of many actors in shared space"
A04,B12,C06,4,3,12,"Instant SEPA payments mandatory for all euro banks (2025) || Staff shortages in hospitality/care; workers paid late, shifts unfilled || Spotify royalties: tiny usage events settled into automatic payouts"
A04,B12,C07,2,3,6,"Instant SEPA payments mandatory for all euro banks (2025) || Staff shortages in hospitality/care; workers paid late, shifts unfilled || Carfax-style history report built from many third-party events"
A04,B12,C08,4,3,12,"Instant SEPA payments mandatory for all euro banks (2025) || Staff shortages in hospitality/care; workers paid late, shifts unfilled || Ant colony / stigmergy: coordination through traces left in the environment"
A04,B12,C09,3,3,9,"Instant SEPA payments mandatory for all euro banks (2025) || Staff shortages in hospitality/care; workers paid late, shifts unfilled || Clinical triage: route cases by urgency with a short standard question set"
A04,B12,C10,4,2,8,"Instant SEPA payments mandatory for all euro banks (2025) || Staff shortages in hospitality/care; workers paid late, shifts unfilled || Futures market: sell next season's output today to lock a price"
A04,B12,C11,2,3,6,"Instant SEPA payments mandatory for all euro banks (2025) || Staff shortages in hospitality/care; workers paid late, shifts unfilled || Container shipping standard (TEU): one box fits every ship, truck, crane"
A04,B12,C12,4,3,12,"Instant SEPA payments mandatory for all euro banks (2025) || Staff shortages in hospitality/care; workers paid late, shifts unfilled || Speedrun/leaderboard gaming: public live competition drives behaviour"
A04,B12,C13,5,2,10,"Instant SEPA payments mandatory for all euro banks (2025) || Staff shortages in hospitality/care; workers paid late, shifts unfilled || Tontine / rotating savings club (ROSCA): members fund each other in turn"
A04,B12,C14,4,2,8,"Instant SEPA payments mandatory for all euro banks (2025) || Staff shortages in hospitality/care; workers paid late, shifts unfilled || Prediction market: price aggregates dispersed knowledge into a probability"
A04,B12,C15,3,3,9,"Instant SEPA payments mandatory for all euro banks (2025) || Staff shortages in hospitality/care; workers paid late, shifts unfilled || Pharmacovigilance: tiny signals from many reports detect rare problems early"
A04,B13,C01,2,3,6,Instant SEPA payments mandatory for all euro banks (2025) || Grant and subsidy money goes unclaimed; SMEs don't know or can't apply || Airline yield management: price changes by demand minute to minute
A04,B13,C02,1,3,3,"Instant SEPA payments mandatory for all euro banks (2025) || Grant and subsidy money goes unclaimed; SMEs don't know or can't apply || Chess/Elo rating: ranking from pairwise outcomes, no absolute measure needed"
A04,B13,C03,1,3,3,Instant SEPA payments mandatory for all euro banks (2025) || Grant and subsidy money goes unclaimed; SMEs don't know or can't apply || Blood-bank / organ matching: time-critical allocation of scarce perishable supply
A04,B13,C04,1,2,2,Instant SEPA payments mandatory for all euro banks (2025) || Grant and subsidy money goes unclaimed; SMEs don't know or can't apply || Reinsurance: pooling many small risks and selling slices to big capital
A04,B13,C05,1,3,3,Instant SEPA payments mandatory for all euro banks (2025) || Grant and subsidy money goes unclaimed; SMEs don't know or can't apply || Air-traffic control: live deconfliction of many actors in shared space
A04,B13,C06,1,3,3,Instant SEPA payments mandatory for all euro banks (2025) || Grant and subsidy money goes unclaimed; SMEs don't know or can't apply || Spotify royalties: tiny usage events settled into automatic payouts
A04,B13,C07,0,3,0,Instant SEPA payments mandatory for all euro banks (2025) || Grant and subsidy money goes unclaimed; SMEs don't know or can't apply || Carfax-style history report built from many third-party events
A04,B13,C08,1,3,3,Instant SEPA payments mandatory for all euro banks (2025) || Grant and subsidy money goes unclaimed; SMEs don't know or can't apply || Ant colony / stigmergy: coordination through traces left in the environment
A04,B13,C09,1,3,3,Instant SEPA payments mandatory for all euro banks (2025) || Grant and subsidy money goes unclaimed; SMEs don't know or can't apply || Clinical triage: route cases by urgency with a short standard question set
A04,B13,C10,1,2,2,Instant SEPA payments mandatory for all euro banks (2025) || Grant and subsidy money goes unclaimed; SMEs don't know or can't apply || Futures market: sell next season's output today to lock a price
A04,B13,C11,1,3,3,"Instant SEPA payments mandatory for all euro banks (2025) || Grant and subsidy money goes unclaimed; SMEs don't know or can't apply || Container shipping standard (TEU): one box fits every ship, truck, crane"
A04,B13,C12,1,3,3,Instant SEPA payments mandatory for all euro banks (2025) || Grant and subsidy money goes unclaimed; SMEs don't know or can't apply || Speedrun/leaderboard gaming: public live competition drives behaviour
A04,B13,C13,2,2,4,Instant SEPA payments mandatory for all euro banks (2025) || Grant and subsidy money goes unclaimed; SMEs don't know or can't apply || Tontine / rotating savings club (ROSCA): members fund each other in turn
A04,B13,C14,1,2,2,Instant SEPA payments mandatory for all euro banks (2025) || Grant and subsidy money goes unclaimed; SMEs don't know or can't apply || Prediction market: price aggregates dispersed knowledge into a probability
A04,B13,C15,0,3,0,Instant SEPA payments mandatory for all euro banks (2025) || Grant and subsidy money goes unclaimed; SMEs don't know or can't apply || Pharmacovigilance: tiny signals from many reports detect rare problems early
A04,B14,C01,2,3,6,"Instant SEPA payments mandatory for all euro banks (2025) || Heatwaves: buildings overheat, elderly and workers at risk (Cyprus 45C+) || Airline yield management: price changes by demand minute to minute"
A04,B14,C02,0,3,0,"Instant SEPA payments mandatory for all euro banks (2025) || Heatwaves: buildings overheat, elderly and workers at risk (Cyprus 45C+) || Chess/Elo rating: ranking from pairwise outcomes, no absolute measure needed"
A04,B14,C03,1,2,2,"Instant SEPA payments mandatory for all euro banks (2025) || Heatwaves: buildings overheat, elderly and workers at risk (Cyprus 45C+) || Blood-bank / organ matching: time-critical allocation of scarce perishable supply"
A04,B14,C04,2,2,4,"Instant SEPA payments mandatory for all euro banks (2025) || Heatwaves: buildings overheat, elderly and workers at risk (Cyprus 45C+) || Reinsurance: pooling many small risks and selling slices to big capital"
A04,B14,C05,2,3,6,"Instant SEPA payments mandatory for all euro banks (2025) || Heatwaves: buildings overheat, elderly and workers at risk (Cyprus 45C+) || Air-traffic control: live deconfliction of many actors in shared space"
A04,B14,C06,1,3,3,"Instant SEPA payments mandatory for all euro banks (2025) || Heatwaves: buildings overheat, elderly and workers at risk (Cyprus 45C+) || Spotify royalties: tiny usage events settled into automatic payouts"
A04,B14,C07,0,3,0,"Instant SEPA payments mandatory for all euro banks (2025) || Heatwaves: buildings overheat, elderly and workers at risk (Cyprus 45C+) || Carfax-style history report built from many third-party events"
A04,B14,C08,2,3,6,"Instant SEPA payments mandatory for all euro banks (2025) || Heatwaves: buildings overheat, elderly and workers at risk (Cyprus 45C+) || Ant colony / stigmergy: coordination through traces left in the environment"
A04,B14,C09,0,2,0,"Instant SEPA payments mandatory for all euro banks (2025) || Heatwaves: buildings overheat, elderly and workers at risk (Cyprus 45C+) || Clinical triage: route cases by urgency with a short standard question set"
A04,B14,C10,1,2,2,"Instant SEPA payments mandatory for all euro banks (2025) || Heatwaves: buildings overheat, elderly and workers at risk (Cyprus 45C+) || Futures market: sell next season's output today to lock a price"
A04,B14,C11,0,3,0,"Instant SEPA payments mandatory for all euro banks (2025) || Heatwaves: buildings overheat, elderly and workers at risk (Cyprus 45C+) || Container shipping standard (TEU): one box fits every ship, truck, crane"
A04,B14,C12,1,3,3,"Instant SEPA payments mandatory for all euro banks (2025) || Heatwaves: buildings overheat, elderly and workers at risk (Cyprus 45C+) || Speedrun/leaderboard gaming: public live competition drives behaviour"
A04,B14,C13,2,2,4,"Instant SEPA payments mandatory for all euro banks (2025) || Heatwaves: buildings overheat, elderly and workers at risk (Cyprus 45C+) || Tontine / rotating savings club (ROSCA): members fund each other in turn"
A04,B14,C14,1,2,2,"Instant SEPA payments mandatory for all euro banks (2025) || Heatwaves: buildings overheat, elderly and workers at risk (Cyprus 45C+) || Prediction market: price aggregates dispersed knowledge into a probability"
A04,B14,C15,0,2,0,"Instant SEPA payments mandatory for all euro banks (2025) || Heatwaves: buildings overheat, elderly and workers at risk (Cyprus 45C+) || Pharmacovigilance: tiny signals from many reports detect rare problems early"
A04,B15,C01,2,3,6,Instant SEPA payments mandatory for all euro banks (2025) || Property and utility disputes between landlords and tenants over shared costs || Airline yield management: price changes by demand minute to minute
A04,B15,C02,0,3,0,"Instant SEPA payments mandatory for all euro banks (2025) || Property and utility disputes between landlords and tenants over shared costs || Chess/Elo rating: ranking from pairwise outcomes, no absolute measure needed"
A04,B15,C03,1,3,3,Instant SEPA payments mandatory for all euro banks (2025) || Property and utility disputes between landlords and tenants over shared costs || Blood-bank / organ matching: time-critical allocation of scarce perishable supply
A04,B15,C04,1,2,2,Instant SEPA payments mandatory for all euro banks (2025) || Property and utility disputes between landlords and tenants over shared costs || Reinsurance: pooling many small risks and selling slices to big capital
A04,B15,C05,1,3,3,Instant SEPA payments mandatory for all euro banks (2025) || Property and utility disputes between landlords and tenants over shared costs || Air-traffic control: live deconfliction of many actors in shared space
A04,B15,C06,1,3,3,Instant SEPA payments mandatory for all euro banks (2025) || Property and utility disputes between landlords and tenants over shared costs || Spotify royalties: tiny usage events settled into automatic payouts
A04,B15,C07,0,3,0,Instant SEPA payments mandatory for all euro banks (2025) || Property and utility disputes between landlords and tenants over shared costs || Carfax-style history report built from many third-party events
A04,B15,C08,1,3,3,Instant SEPA payments mandatory for all euro banks (2025) || Property and utility disputes between landlords and tenants over shared costs || Ant colony / stigmergy: coordination through traces left in the environment
A04,B15,C09,0,3,0,Instant SEPA payments mandatory for all euro banks (2025) || Property and utility disputes between landlords and tenants over shared costs || Clinical triage: route cases by urgency with a short standard question set
A04,B15,C10,2,2,4,Instant SEPA payments mandatory for all euro banks (2025) || Property and utility disputes between landlords and tenants over shared costs || Futures market: sell next season's output today to lock a price
A04,B15,C11,0,3,0,"Instant SEPA payments mandatory for all euro banks (2025) || Property and utility disputes between landlords and tenants over shared costs || Container shipping standard (TEU): one box fits every ship, truck, crane"
A04,B15,C12,1,3,3,Instant SEPA payments mandatory for all euro banks (2025) || Property and utility disputes between landlords and tenants over shared costs || Speedrun/leaderboard gaming: public live competition drives behaviour
A04,B15,C13,3,2,6,Instant SEPA payments mandatory for all euro banks (2025) || Property and utility disputes between landlords and tenants over shared costs || Tontine / rotating savings club (ROSCA): members fund each other in turn
A04,B15,C14,1,2,2,Instant SEPA payments mandatory for all euro banks (2025) || Property and utility disputes between landlords and tenants over shared costs || Prediction market: price aggregates dispersed knowledge into a probability
A04,B15,C15,0,3,0,Instant SEPA payments mandatory for all euro banks (2025) || Property and utility disputes between landlords and tenants over shared costs || Pharmacovigilance: tiny signals from many reports detect rare problems early
A05,B01,C01,0,2,0,EU Digital Identity Wallet with business attestations (by end-2026) || SMEs answer many differently-worded sustainability requests from banks/customers || Airline yield management: price changes by demand minute to minute
A05,B01,C02,2,2,4,"EU Digital Identity Wallet with business attestations (by end-2026) || SMEs answer many differently-worded sustainability requests from banks/customers || Chess/Elo rating: ranking from pairwise outcomes, no absolute measure needed"
A05,B01,C03,0,2,0,EU Digital Identity Wallet with business attestations (by end-2026) || SMEs answer many differently-worded sustainability requests from banks/customers || Blood-bank / organ matching: time-critical allocation of scarce perishable supply
A05,B01,C04,1,2,2,EU Digital Identity Wallet with business attestations (by end-2026) || SMEs answer many differently-worded sustainability requests from banks/customers || Reinsurance: pooling many small risks and selling slices to big capital
A05,B01,C05,0,2,0,EU Digital Identity Wallet with business attestations (by end-2026) || SMEs answer many differently-worded sustainability requests from banks/customers || Air-traffic control: live deconfliction of many actors in shared space
A05,B01,C06,1,2,2,EU Digital Identity Wallet with business attestations (by end-2026) || SMEs answer many differently-worded sustainability requests from banks/customers || Spotify royalties: tiny usage events settled into automatic payouts
A05,B01,C07,1,2,2,EU Digital Identity Wallet with business attestations (by end-2026) || SMEs answer many differently-worded sustainability requests from banks/customers || Carfax-style history report built from many third-party events
A05,B01,C08,0,2,0,EU Digital Identity Wallet with business attestations (by end-2026) || SMEs answer many differently-worded sustainability requests from banks/customers || Ant colony / stigmergy: coordination through traces left in the environment
A05,B01,C09,1,2,2,EU Digital Identity Wallet with business attestations (by end-2026) || SMEs answer many differently-worded sustainability requests from banks/customers || Clinical triage: route cases by urgency with a short standard question set
A05,B01,C10,0,2,0,EU Digital Identity Wallet with business attestations (by end-2026) || SMEs answer many differently-worded sustainability requests from banks/customers || Futures market: sell next season's output today to lock a price
A05,B01,C11,2,2,4,"EU Digital Identity Wallet with business attestations (by end-2026) || SMEs answer many differently-worded sustainability requests from banks/customers || Container shipping standard (TEU): one box fits every ship, truck, crane"
A05,B01,C12,0,2,0,EU Digital Identity Wallet with business attestations (by end-2026) || SMEs answer many differently-worded sustainability requests from banks/customers || Speedrun/leaderboard gaming: public live competition drives behaviour
A05,B01,C13,1,2,2,EU Digital Identity Wallet with business attestations (by end-2026) || SMEs answer many differently-worded sustainability requests from banks/customers || Tontine / rotating savings club (ROSCA): members fund each other in turn
A05,B01,C14,1,2,2,EU Digital Identity Wallet with business attestations (by end-2026) || SMEs answer many differently-worded sustainability requests from banks/customers || Prediction market: price aggregates dispersed knowledge into a probability
A05,B01,C15,1,2,2,EU Digital Identity Wallet with business attestations (by end-2026) || SMEs answer many differently-worded sustainability requests from banks/customers || Pharmacovigilance: tiny signals from many reports detect rare problems early
A05,B02,C01,1,3,3,EU Digital Identity Wallet with business attestations (by end-2026) || Energy cost is a major barrier for ~50% of EU firms; SMEs under-invest in efficiency || Airline yield management: price changes by demand minute to minute
A05,B02,C02,1,3,3,"EU Digital Identity Wallet with business attestations (by end-2026) || Energy cost is a major barrier for ~50% of EU firms; SMEs under-invest in efficiency || Chess/Elo rating: ranking from pairwise outcomes, no absolute measure needed"
A05,B02,C03,0,3,0,EU Digital Identity Wallet with business attestations (by end-2026) || Energy cost is a major barrier for ~50% of EU firms; SMEs under-invest in efficiency || Blood-bank / organ matching: time-critical allocation of scarce perishable supply
A05,B02,C04,1,3,3,EU Digital Identity Wallet with business attestations (by end-2026) || Energy cost is a major barrier for ~50% of EU firms; SMEs under-invest in efficiency || Reinsurance: pooling many small risks and selling slices to big capital
A05,B02,C05,0,3,0,EU Digital Identity Wallet with business attestations (by end-2026) || Energy cost is a major barrier for ~50% of EU firms; SMEs under-invest in efficiency || Air-traffic control: live deconfliction of many actors in shared space
A05,B02,C06,1,3,3,EU Digital Identity Wallet with business attestations (by end-2026) || Energy cost is a major barrier for ~50% of EU firms; SMEs under-invest in efficiency || Spotify royalties: tiny usage events settled into automatic payouts
A05,B02,C07,0,3,0,EU Digital Identity Wallet with business attestations (by end-2026) || Energy cost is a major barrier for ~50% of EU firms; SMEs under-invest in efficiency || Carfax-style history report built from many third-party events
A05,B02,C08,0,3,0,EU Digital Identity Wallet with business attestations (by end-2026) || Energy cost is a major barrier for ~50% of EU firms; SMEs under-invest in efficiency || Ant colony / stigmergy: coordination through traces left in the environment
A05,B02,C09,0,3,0,EU Digital Identity Wallet with business attestations (by end-2026) || Energy cost is a major barrier for ~50% of EU firms; SMEs under-invest in efficiency || Clinical triage: route cases by urgency with a short standard question set
A05,B02,C10,1,3,3,EU Digital Identity Wallet with business attestations (by end-2026) || Energy cost is a major barrier for ~50% of EU firms; SMEs under-invest in efficiency || Futures market: sell next season's output today to lock a price
A05,B02,C11,0,3,0,"EU Digital Identity Wallet with business attestations (by end-2026) || Energy cost is a major barrier for ~50% of EU firms; SMEs under-invest in efficiency || Container shipping standard (TEU): one box fits every ship, truck, crane"
A05,B02,C12,0,3,0,EU Digital Identity Wallet with business attestations (by end-2026) || Energy cost is a major barrier for ~50% of EU firms; SMEs under-invest in efficiency || Speedrun/leaderboard gaming: public live competition drives behaviour
A05,B02,C13,2,3,6,EU Digital Identity Wallet with business attestations (by end-2026) || Energy cost is a major barrier for ~50% of EU firms; SMEs under-invest in efficiency || Tontine / rotating savings club (ROSCA): members fund each other in turn
A05,B02,C14,1,3,3,EU Digital Identity Wallet with business attestations (by end-2026) || Energy cost is a major barrier for ~50% of EU firms; SMEs under-invest in efficiency || Prediction market: price aggregates dispersed knowledge into a probability
A05,B02,C15,0,3,0,EU Digital Identity Wallet with business attestations (by end-2026) || Energy cost is a major barrier for ~50% of EU firms; SMEs under-invest in efficiency || Pharmacovigilance: tiny signals from many reports detect rare problems early
A05,B03,C01,1,3,3,EU Digital Identity Wallet with business attestations (by end-2026) || Late payment: ~50% of EU invoices paid late; SMEs hit hardest || Airline yield management: price changes by demand minute to minute
A05,B03,C02,1,3,3,"EU Digital Identity Wallet with business attestations (by end-2026) || Late payment: ~50% of EU invoices paid late; SMEs hit hardest || Chess/Elo rating: ranking from pairwise outcomes, no absolute measure needed"
A05,B03,C03,0,3,0,EU Digital Identity Wallet with business attestations (by end-2026) || Late payment: ~50% of EU invoices paid late; SMEs hit hardest || Blood-bank / organ matching: time-critical allocation of scarce perishable supply
A05,B03,C04,1,2,2,EU Digital Identity Wallet with business attestations (by end-2026) || Late payment: ~50% of EU invoices paid late; SMEs hit hardest || Reinsurance: pooling many small risks and selling slices to big capital
A05,B03,C05,0,3,0,EU Digital Identity Wallet with business attestations (by end-2026) || Late payment: ~50% of EU invoices paid late; SMEs hit hardest || Air-traffic control: live deconfliction of many actors in shared space
A05,B03,C06,1,3,3,EU Digital Identity Wallet with business attestations (by end-2026) || Late payment: ~50% of EU invoices paid late; SMEs hit hardest || Spotify royalties: tiny usage events settled into automatic payouts
A05,B03,C07,0,3,0,EU Digital Identity Wallet with business attestations (by end-2026) || Late payment: ~50% of EU invoices paid late; SMEs hit hardest || Carfax-style history report built from many third-party events
A05,B03,C08,0,3,0,EU Digital Identity Wallet with business attestations (by end-2026) || Late payment: ~50% of EU invoices paid late; SMEs hit hardest || Ant colony / stigmergy: coordination through traces left in the environment
A05,B03,C09,0,3,0,EU Digital Identity Wallet with business attestations (by end-2026) || Late payment: ~50% of EU invoices paid late; SMEs hit hardest || Clinical triage: route cases by urgency with a short standard question set
A05,B03,C10,1,2,2,EU Digital Identity Wallet with business attestations (by end-2026) || Late payment: ~50% of EU invoices paid late; SMEs hit hardest || Futures market: sell next season's output today to lock a price
A05,B03,C11,0,3,0,"EU Digital Identity Wallet with business attestations (by end-2026) || Late payment: ~50% of EU invoices paid late; SMEs hit hardest || Container shipping standard (TEU): one box fits every ship, truck, crane"
A05,B03,C12,0,3,0,EU Digital Identity Wallet with business attestations (by end-2026) || Late payment: ~50% of EU invoices paid late; SMEs hit hardest || Speedrun/leaderboard gaming: public live competition drives behaviour
A05,B03,C13,2,2,4,EU Digital Identity Wallet with business attestations (by end-2026) || Late payment: ~50% of EU invoices paid late; SMEs hit hardest || Tontine / rotating savings club (ROSCA): members fund each other in turn
A05,B03,C14,1,2,2,EU Digital Identity Wallet with business attestations (by end-2026) || Late payment: ~50% of EU invoices paid late; SMEs hit hardest || Prediction market: price aggregates dispersed knowledge into a probability
A05,B03,C15,0,3,0,EU Digital Identity Wallet with business attestations (by end-2026) || Late payment: ~50% of EU invoices paid late; SMEs hit hardest || Pharmacovigilance: tiny signals from many reports detect rare problems early
A05,B04,C01,0,3,0,"EU Digital Identity Wallet with business attestations (by end-2026) || Cyprus water scarcity: desalination dependence, reservoirs below 20% (2025) || Airline yield management: price changes by demand minute to minute"
A05,B04,C02,1,3,3,"EU Digital Identity Wallet with business attestations (by end-2026) || Cyprus water scarcity: desalination dependence, reservoirs below 20% (2025) || Chess/Elo rating: ranking from pairwise outcomes, no absolute measure needed"
A05,B04,C03,0,3,0,"EU Digital Identity Wallet with business attestations (by end-2026) || Cyprus water scarcity: desalination dependence, reservoirs below 20% (2025) || Blood-bank / organ matching: time-critical allocation of scarce perishable supply"
A05,B04,C04,0,3,0,"EU Digital Identity Wallet with business attestations (by end-2026) || Cyprus water scarcity: desalination dependence, reservoirs below 20% (2025) || Reinsurance: pooling many small risks and selling slices to big capital"
A05,B04,C05,1,3,3,"EU Digital Identity Wallet with business attestations (by end-2026) || Cyprus water scarcity: desalination dependence, reservoirs below 20% (2025) || Air-traffic control: live deconfliction of many actors in shared space"
A05,B04,C06,0,3,0,"EU Digital Identity Wallet with business attestations (by end-2026) || Cyprus water scarcity: desalination dependence, reservoirs below 20% (2025) || Spotify royalties: tiny usage events settled into automatic payouts"
A05,B04,C07,0,3,0,"EU Digital Identity Wallet with business attestations (by end-2026) || Cyprus water scarcity: desalination dependence, reservoirs below 20% (2025) || Carfax-style history report built from many third-party events"
A05,B04,C08,1,3,3,"EU Digital Identity Wallet with business attestations (by end-2026) || Cyprus water scarcity: desalination dependence, reservoirs below 20% (2025) || Ant colony / stigmergy: coordination through traces left in the environment"
A05,B04,C09,0,3,0,"EU Digital Identity Wallet with business attestations (by end-2026) || Cyprus water scarcity: desalination dependence, reservoirs below 20% (2025) || Clinical triage: route cases by urgency with a short standard question set"
A05,B04,C10,1,3,3,"EU Digital Identity Wallet with business attestations (by end-2026) || Cyprus water scarcity: desalination dependence, reservoirs below 20% (2025) || Futures market: sell next season's output today to lock a price"
A05,B04,C11,0,3,0,"EU Digital Identity Wallet with business attestations (by end-2026) || Cyprus water scarcity: desalination dependence, reservoirs below 20% (2025) || Container shipping standard (TEU): one box fits every ship, truck, crane"
A05,B04,C12,0,3,0,"EU Digital Identity Wallet with business attestations (by end-2026) || Cyprus water scarcity: desalination dependence, reservoirs below 20% (2025) || Speedrun/leaderboard gaming: public live competition drives behaviour"
A05,B04,C13,0,3,0,"EU Digital Identity Wallet with business attestations (by end-2026) || Cyprus water scarcity: desalination dependence, reservoirs below 20% (2025) || Tontine / rotating savings club (ROSCA): members fund each other in turn"
A05,B04,C14,0,3,0,"EU Digital Identity Wallet with business attestations (by end-2026) || Cyprus water scarcity: desalination dependence, reservoirs below 20% (2025) || Prediction market: price aggregates dispersed knowledge into a probability"
A05,B04,C15,0,3,0,"EU Digital Identity Wallet with business attestations (by end-2026) || Cyprus water scarcity: desalination dependence, reservoirs below 20% (2025) || Pharmacovigilance: tiny signals from many reports detect rare problems early"
A05,B05,C01,2,3,6,EU Digital Identity Wallet with business attestations (by end-2026) || Tourism seasonality: Cyprus hotels/staff idle half the year || Airline yield management: price changes by demand minute to minute
A05,B05,C02,1,3,3,"EU Digital Identity Wallet with business attestations (by end-2026) || Tourism seasonality: Cyprus hotels/staff idle half the year || Chess/Elo rating: ranking from pairwise outcomes, no absolute measure needed"
A05,B05,C03,1,3,3,EU Digital Identity Wallet with business attestations (by end-2026) || Tourism seasonality: Cyprus hotels/staff idle half the year || Blood-bank / organ matching: time-critical allocation of scarce perishable supply
A05,B05,C04,0,3,0,EU Digital Identity Wallet with business attestations (by end-2026) || Tourism seasonality: Cyprus hotels/staff idle half the year || Reinsurance: pooling many small risks and selling slices to big capital
A05,B05,C05,1,3,3,EU Digital Identity Wallet with business attestations (by end-2026) || Tourism seasonality: Cyprus hotels/staff idle half the year || Air-traffic control: live deconfliction of many actors in shared space
A05,B05,C06,1,3,3,EU Digital Identity Wallet with business attestations (by end-2026) || Tourism seasonality: Cyprus hotels/staff idle half the year || Spotify royalties: tiny usage events settled into automatic payouts
A05,B05,C07,0,3,0,EU Digital Identity Wallet with business attestations (by end-2026) || Tourism seasonality: Cyprus hotels/staff idle half the year || Carfax-style history report built from many third-party events
A05,B05,C08,1,3,3,EU Digital Identity Wallet with business attestations (by end-2026) || Tourism seasonality: Cyprus hotels/staff idle half the year || Ant colony / stigmergy: coordination through traces left in the environment
A05,B05,C09,0,3,0,EU Digital Identity Wallet with business attestations (by end-2026) || Tourism seasonality: Cyprus hotels/staff idle half the year || Clinical triage: route cases by urgency with a short standard question set
A05,B05,C10,1,3,3,EU Digital Identity Wallet with business attestations (by end-2026) || Tourism seasonality: Cyprus hotels/staff idle half the year || Futures market: sell next season's output today to lock a price
A05,B05,C11,0,3,0,"EU Digital Identity Wallet with business attestations (by end-2026) || Tourism seasonality: Cyprus hotels/staff idle half the year || Container shipping standard (TEU): one box fits every ship, truck, crane"
A05,B05,C12,2,3,6,EU Digital Identity Wallet with business attestations (by end-2026) || Tourism seasonality: Cyprus hotels/staff idle half the year || Speedrun/leaderboard gaming: public live competition drives behaviour
A05,B05,C13,1,3,3,EU Digital Identity Wallet with business attestations (by end-2026) || Tourism seasonality: Cyprus hotels/staff idle half the year || Tontine / rotating savings club (ROSCA): members fund each other in turn
A05,B05,C14,1,3,3,EU Digital Identity Wallet with business attestations (by end-2026) || Tourism seasonality: Cyprus hotels/staff idle half the year || Prediction market: price aggregates dispersed knowledge into a probability
A05,B05,C15,0,3,0,EU Digital Identity Wallet with business attestations (by end-2026) || Tourism seasonality: Cyprus hotels/staff idle half the year || Pharmacovigilance: tiny signals from many reports detect rare problems early
A05,B06,C01,2,2,4,EU Digital Identity Wallet with business attestations (by end-2026) || Red tape: EU SMEs cite administrative burden as top obstacle (Eurobarometer 2023) || Airline yield management: price changes by demand minute to minute
A05,B06,C02,3,2,6,"EU Digital Identity Wallet with business attestations (by end-2026) || Red tape: EU SMEs cite administrative burden as top obstacle (Eurobarometer 2023) || Chess/Elo rating: ranking from pairwise outcomes, no absolute measure needed"
A05,B06,C03,2,2,4,EU Digital Identity Wallet with business attestations (by end-2026) || Red tape: EU SMEs cite administrative burden as top obstacle (Eurobarometer 2023) || Blood-bank / organ matching: time-critical allocation of scarce perishable supply
A05,B06,C04,2,2,4,EU Digital Identity Wallet with business attestations (by end-2026) || Red tape: EU SMEs cite administrative burden as top obstacle (Eurobarometer 2023) || Reinsurance: pooling many small risks and selling slices to big capital
A05,B06,C05,2,2,4,EU Digital Identity Wallet with business attestations (by end-2026) || Red tape: EU SMEs cite administrative burden as top obstacle (Eurobarometer 2023) || Air-traffic control: live deconfliction of many actors in shared space
A05,B06,C06,2,2,4,EU Digital Identity Wallet with business attestations (by end-2026) || Red tape: EU SMEs cite administrative burden as top obstacle (Eurobarometer 2023) || Spotify royalties: tiny usage events settled into automatic payouts
A05,B06,C07,2,2,4,EU Digital Identity Wallet with business attestations (by end-2026) || Red tape: EU SMEs cite administrative burden as top obstacle (Eurobarometer 2023) || Carfax-style history report built from many third-party events
A05,B06,C08,2,2,4,EU Digital Identity Wallet with business attestations (by end-2026) || Red tape: EU SMEs cite administrative burden as top obstacle (Eurobarometer 2023) || Ant colony / stigmergy: coordination through traces left in the environment
A05,B06,C09,3,2,6,EU Digital Identity Wallet with business attestations (by end-2026) || Red tape: EU SMEs cite administrative burden as top obstacle (Eurobarometer 2023) || Clinical triage: route cases by urgency with a short standard question set
A05,B06,C10,2,2,4,EU Digital Identity Wallet with business attestations (by end-2026) || Red tape: EU SMEs cite administrative burden as top obstacle (Eurobarometer 2023) || Futures market: sell next season's output today to lock a price
A05,B06,C11,3,2,6,"EU Digital Identity Wallet with business attestations (by end-2026) || Red tape: EU SMEs cite administrative burden as top obstacle (Eurobarometer 2023) || Container shipping standard (TEU): one box fits every ship, truck, crane"
A05,B06,C12,2,2,4,EU Digital Identity Wallet with business attestations (by end-2026) || Red tape: EU SMEs cite administrative burden as top obstacle (Eurobarometer 2023) || Speedrun/leaderboard gaming: public live competition drives behaviour
A05,B06,C13,2,2,4,EU Digital Identity Wallet with business attestations (by end-2026) || Red tape: EU SMEs cite administrative burden as top obstacle (Eurobarometer 2023) || Tontine / rotating savings club (ROSCA): members fund each other in turn
A05,B06,C14,2,2,4,EU Digital Identity Wallet with business attestations (by end-2026) || Red tape: EU SMEs cite administrative burden as top obstacle (Eurobarometer 2023) || Prediction market: price aggregates dispersed knowledge into a probability
A05,B06,C15,2,2,4,EU Digital Identity Wallet with business attestations (by end-2026) || Red tape: EU SMEs cite administrative burden as top obstacle (Eurobarometer 2023) || Pharmacovigilance: tiny signals from many reports detect rare problems early
A05,B07,C01,0,3,0,EU Digital Identity Wallet with business attestations (by end-2026) || Farmers lose crops to heat/drought with slow or no insurance payout || Airline yield management: price changes by demand minute to minute
A05,B07,C02,1,3,3,"EU Digital Identity Wallet with business attestations (by end-2026) || Farmers lose crops to heat/drought with slow or no insurance payout || Chess/Elo rating: ranking from pairwise outcomes, no absolute measure needed"
A05,B07,C03,0,3,0,EU Digital Identity Wallet with business attestations (by end-2026) || Farmers lose crops to heat/drought with slow or no insurance payout || Blood-bank / organ matching: time-critical allocation of scarce perishable supply
A05,B07,C04,1,3,3,EU Digital Identity Wallet with business attestations (by end-2026) || Farmers lose crops to heat/drought with slow or no insurance payout || Reinsurance: pooling many small risks and selling slices to big capital
A05,B07,C05,0,3,0,EU Digital Identity Wallet with business attestations (by end-2026) || Farmers lose crops to heat/drought with slow or no insurance payout || Air-traffic control: live deconfliction of many actors in shared space
A05,B07,C06,0,3,0,EU Digital Identity Wallet with business attestations (by end-2026) || Farmers lose crops to heat/drought with slow or no insurance payout || Spotify royalties: tiny usage events settled into automatic payouts
A05,B07,C07,0,3,0,EU Digital Identity Wallet with business attestations (by end-2026) || Farmers lose crops to heat/drought with slow or no insurance payout || Carfax-style history report built from many third-party events
A05,B07,C08,0,2,0,EU Digital Identity Wallet with business attestations (by end-2026) || Farmers lose crops to heat/drought with slow or no insurance payout || Ant colony / stigmergy: coordination through traces left in the environment
A05,B07,C09,0,3,0,EU Digital Identity Wallet with business attestations (by end-2026) || Farmers lose crops to heat/drought with slow or no insurance payout || Clinical triage: route cases by urgency with a short standard question set
A05,B07,C10,1,3,3,EU Digital Identity Wallet with business attestations (by end-2026) || Farmers lose crops to heat/drought with slow or no insurance payout || Futures market: sell next season's output today to lock a price
A05,B07,C11,0,3,0,"EU Digital Identity Wallet with business attestations (by end-2026) || Farmers lose crops to heat/drought with slow or no insurance payout || Container shipping standard (TEU): one box fits every ship, truck, crane"
A05,B07,C12,0,3,0,EU Digital Identity Wallet with business attestations (by end-2026) || Farmers lose crops to heat/drought with slow or no insurance payout || Speedrun/leaderboard gaming: public live competition drives behaviour
A05,B07,C13,0,3,0,EU Digital Identity Wallet with business attestations (by end-2026) || Farmers lose crops to heat/drought with slow or no insurance payout || Tontine / rotating savings club (ROSCA): members fund each other in turn
A05,B07,C14,0,3,0,EU Digital Identity Wallet with business attestations (by end-2026) || Farmers lose crops to heat/drought with slow or no insurance payout || Prediction market: price aggregates dispersed knowledge into a probability
A05,B07,C15,0,3,0,EU Digital Identity Wallet with business attestations (by end-2026) || Farmers lose crops to heat/drought with slow or no insurance payout || Pharmacovigilance: tiny signals from many reports detect rare problems early
A05,B08,C01,0,3,0,"EU Digital Identity Wallet with business attestations (by end-2026) || Food waste: ~130 kg per EU citizen/year, retail+hospitality large share || Airline yield management: price changes by demand minute to minute"
A05,B08,C02,1,3,3,"EU Digital Identity Wallet with business attestations (by end-2026) || Food waste: ~130 kg per EU citizen/year, retail+hospitality large share || Chess/Elo rating: ranking from pairwise outcomes, no absolute measure needed"
A05,B08,C03,1,3,3,"EU Digital Identity Wallet with business attestations (by end-2026) || Food waste: ~130 kg per EU citizen/year, retail+hospitality large share || Blood-bank / organ matching: time-critical allocation of scarce perishable supply"
A05,B08,C04,0,3,0,"EU Digital Identity Wallet with business attestations (by end-2026) || Food waste: ~130 kg per EU citizen/year, retail+hospitality large share || Reinsurance: pooling many small risks and selling slices to big capital"
A05,B08,C05,0,3,0,"EU Digital Identity Wallet with business attestations (by end-2026) || Food waste: ~130 kg per EU citizen/year, retail+hospitality large share || Air-traffic control: live deconfliction of many actors in shared space"
A05,B08,C06,0,3,0,"EU Digital Identity Wallet with business attestations (by end-2026) || Food waste: ~130 kg per EU citizen/year, retail+hospitality large share || Spotify royalties: tiny usage events settled into automatic payouts"
A05,B08,C07,1,3,3,"EU Digital Identity Wallet with business attestations (by end-2026) || Food waste: ~130 kg per EU citizen/year, retail+hospitality large share || Carfax-style history report built from many third-party events"
A05,B08,C08,0,3,0,"EU Digital Identity Wallet with business attestations (by end-2026) || Food waste: ~130 kg per EU citizen/year, retail+hospitality large share || Ant colony / stigmergy: coordination through traces left in the environment"
A05,B08,C09,0,3,0,"EU Digital Identity Wallet with business attestations (by end-2026) || Food waste: ~130 kg per EU citizen/year, retail+hospitality large share || Clinical triage: route cases by urgency with a short standard question set"
A05,B08,C10,0,3,0,"EU Digital Identity Wallet with business attestations (by end-2026) || Food waste: ~130 kg per EU citizen/year, retail+hospitality large share || Futures market: sell next season's output today to lock a price"
A05,B08,C11,0,3,0,"EU Digital Identity Wallet with business attestations (by end-2026) || Food waste: ~130 kg per EU citizen/year, retail+hospitality large share || Container shipping standard (TEU): one box fits every ship, truck, crane"
A05,B08,C12,1,3,3,"EU Digital Identity Wallet with business attestations (by end-2026) || Food waste: ~130 kg per EU citizen/year, retail+hospitality large share || Speedrun/leaderboard gaming: public live competition drives behaviour"
A05,B08,C13,0,3,0,"EU Digital Identity Wallet with business attestations (by end-2026) || Food waste: ~130 kg per EU citizen/year, retail+hospitality large share || Tontine / rotating savings club (ROSCA): members fund each other in turn"
A05,B08,C14,0,3,0,"EU Digital Identity Wallet with business attestations (by end-2026) || Food waste: ~130 kg per EU citizen/year, retail+hospitality large share || Prediction market: price aggregates dispersed knowledge into a probability"
A05,B08,C15,0,3,0,"EU Digital Identity Wallet with business attestations (by end-2026) || Food waste: ~130 kg per EU citizen/year, retail+hospitality large share || Pharmacovigilance: tiny signals from many reports detect rare problems early"
A05,B09,C01,1,3,3,EU Digital Identity Wallet with business attestations (by end-2026) || Island grid curtailment: Cyprus wastes solar output at midday (no interconnector) || Airline yield management: price changes by demand minute to minute
A05,B09,C02,1,3,3,"EU Digital Identity Wallet with business attestations (by end-2026) || Island grid curtailment: Cyprus wastes solar output at midday (no interconnector) || Chess/Elo rating: ranking from pairwise outcomes, no absolute measure needed"
A05,B09,C03,1,3,3,EU Digital Identity Wallet with business attestations (by end-2026) || Island grid curtailment: Cyprus wastes solar output at midday (no interconnector) || Blood-bank / organ matching: time-critical allocation of scarce perishable supply
A05,B09,C04,0,3,0,EU Digital Identity Wallet with business attestations (by end-2026) || Island grid curtailment: Cyprus wastes solar output at midday (no interconnector) || Reinsurance: pooling many small risks and selling slices to big capital
A05,B09,C05,2,3,6,EU Digital Identity Wallet with business attestations (by end-2026) || Island grid curtailment: Cyprus wastes solar output at midday (no interconnector) || Air-traffic control: live deconfliction of many actors in shared space
A05,B09,C06,0,3,0,EU Digital Identity Wallet with business attestations (by end-2026) || Island grid curtailment: Cyprus wastes solar output at midday (no interconnector) || Spotify royalties: tiny usage events settled into automatic payouts
A05,B09,C07,0,3,0,EU Digital Identity Wallet with business attestations (by end-2026) || Island grid curtailment: Cyprus wastes solar output at midday (no interconnector) || Carfax-style history report built from many third-party events
A05,B09,C08,2,3,6,EU Digital Identity Wallet with business attestations (by end-2026) || Island grid curtailment: Cyprus wastes solar output at midday (no interconnector) || Ant colony / stigmergy: coordination through traces left in the environment
A05,B09,C09,0,3,0,EU Digital Identity Wallet with business attestations (by end-2026) || Island grid curtailment: Cyprus wastes solar output at midday (no interconnector) || Clinical triage: route cases by urgency with a short standard question set
A05,B09,C10,0,3,0,EU Digital Identity Wallet with business attestations (by end-2026) || Island grid curtailment: Cyprus wastes solar output at midday (no interconnector) || Futures market: sell next season's output today to lock a price
A05,B09,C11,0,3,0,"EU Digital Identity Wallet with business attestations (by end-2026) || Island grid curtailment: Cyprus wastes solar output at midday (no interconnector) || Container shipping standard (TEU): one box fits every ship, truck, crane"
A05,B09,C12,1,3,3,EU Digital Identity Wallet with business attestations (by end-2026) || Island grid curtailment: Cyprus wastes solar output at midday (no interconnector) || Speedrun/leaderboard gaming: public live competition drives behaviour
A05,B09,C13,0,3,0,EU Digital Identity Wallet with business attestations (by end-2026) || Island grid curtailment: Cyprus wastes solar output at midday (no interconnector) || Tontine / rotating savings club (ROSCA): members fund each other in turn
A05,B09,C14,0,3,0,EU Digital Identity Wallet with business attestations (by end-2026) || Island grid curtailment: Cyprus wastes solar output at midday (no interconnector) || Prediction market: price aggregates dispersed knowledge into a probability
A05,B09,C15,0,3,0,EU Digital Identity Wallet with business attestations (by end-2026) || Island grid curtailment: Cyprus wastes solar output at midday (no interconnector) || Pharmacovigilance: tiny signals from many reports detect rare problems early
A05,B10,C01,1,3,3,"EU Digital Identity Wallet with business attestations (by end-2026) || SMEs can't get credit: thin files, no collateral (SAFE survey) || Airline yield management: price changes by demand minute to minute"
A05,B10,C02,4,3,12,"EU Digital Identity Wallet with business attestations (by end-2026) || SMEs can't get credit: thin files, no collateral (SAFE survey) || Chess/Elo rating: ranking from pairwise outcomes, no absolute measure needed"
A05,B10,C03,1,3,3,"EU Digital Identity Wallet with business attestations (by end-2026) || SMEs can't get credit: thin files, no collateral (SAFE survey) || Blood-bank / organ matching: time-critical allocation of scarce perishable supply"
A05,B10,C04,2,2,4,"EU Digital Identity Wallet with business attestations (by end-2026) || SMEs can't get credit: thin files, no collateral (SAFE survey) || Reinsurance: pooling many small risks and selling slices to big capital"
A05,B10,C05,1,3,3,"EU Digital Identity Wallet with business attestations (by end-2026) || SMEs can't get credit: thin files, no collateral (SAFE survey) || Air-traffic control: live deconfliction of many actors in shared space"
A05,B10,C06,2,3,6,"EU Digital Identity Wallet with business attestations (by end-2026) || SMEs can't get credit: thin files, no collateral (SAFE survey) || Spotify royalties: tiny usage events settled into automatic payouts"
A05,B10,C07,2,3,6,"EU Digital Identity Wallet with business attestations (by end-2026) || SMEs can't get credit: thin files, no collateral (SAFE survey) || Carfax-style history report built from many third-party events"
A05,B10,C08,1,3,3,"EU Digital Identity Wallet with business attestations (by end-2026) || SMEs can't get credit: thin files, no collateral (SAFE survey) || Ant colony / stigmergy: coordination through traces left in the environment"
A05,B10,C09,1,3,3,"EU Digital Identity Wallet with business attestations (by end-2026) || SMEs can't get credit: thin files, no collateral (SAFE survey) || Clinical triage: route cases by urgency with a short standard question set"
A05,B10,C10,1,2,2,"EU Digital Identity Wallet with business attestations (by end-2026) || SMEs can't get credit: thin files, no collateral (SAFE survey) || Futures market: sell next season's output today to lock a price"
A05,B10,C11,2,3,6,"EU Digital Identity Wallet with business attestations (by end-2026) || SMEs can't get credit: thin files, no collateral (SAFE survey) || Container shipping standard (TEU): one box fits every ship, truck, crane"
A05,B10,C12,1,3,3,"EU Digital Identity Wallet with business attestations (by end-2026) || SMEs can't get credit: thin files, no collateral (SAFE survey) || Speedrun/leaderboard gaming: public live competition drives behaviour"
A05,B10,C13,2,2,4,"EU Digital Identity Wallet with business attestations (by end-2026) || SMEs can't get credit: thin files, no collateral (SAFE survey) || Tontine / rotating savings club (ROSCA): members fund each other in turn"
A05,B10,C14,2,2,4,"EU Digital Identity Wallet with business attestations (by end-2026) || SMEs can't get credit: thin files, no collateral (SAFE survey) || Prediction market: price aggregates dispersed knowledge into a probability"
A05,B10,C15,2,3,6,"EU Digital Identity Wallet with business attestations (by end-2026) || SMEs can't get credit: thin files, no collateral (SAFE survey) || Pharmacovigilance: tiny signals from many reports detect rare problems early"
A05,B11,C01,0,3,0,"EU Digital Identity Wallet with business attestations (by end-2026) || Used goods and repairs lack trusted history, so resale value collapses || Airline yield management: price changes by demand minute to minute"
A05,B11,C02,2,3,6,"EU Digital Identity Wallet with business attestations (by end-2026) || Used goods and repairs lack trusted history, so resale value collapses || Chess/Elo rating: ranking from pairwise outcomes, no absolute measure needed"
A05,B11,C03,1,3,3,"EU Digital Identity Wallet with business attestations (by end-2026) || Used goods and repairs lack trusted history, so resale value collapses || Blood-bank / organ matching: time-critical allocation of scarce perishable supply"
A05,B11,C04,0,3,0,"EU Digital Identity Wallet with business attestations (by end-2026) || Used goods and repairs lack trusted history, so resale value collapses || Reinsurance: pooling many small risks and selling slices to big capital"
A05,B11,C05,0,3,0,"EU Digital Identity Wallet with business attestations (by end-2026) || Used goods and repairs lack trusted history, so resale value collapses || Air-traffic control: live deconfliction of many actors in shared space"
A05,B11,C06,1,3,3,"EU Digital Identity Wallet with business attestations (by end-2026) || Used goods and repairs lack trusted history, so resale value collapses || Spotify royalties: tiny usage events settled into automatic payouts"
A05,B11,C07,2,3,6,"EU Digital Identity Wallet with business attestations (by end-2026) || Used goods and repairs lack trusted history, so resale value collapses || Carfax-style history report built from many third-party events"
A05,B11,C08,0,3,0,"EU Digital Identity Wallet with business attestations (by end-2026) || Used goods and repairs lack trusted history, so resale value collapses || Ant colony / stigmergy: coordination through traces left in the environment"
A05,B11,C09,0,3,0,"EU Digital Identity Wallet with business attestations (by end-2026) || Used goods and repairs lack trusted history, so resale value collapses || Clinical triage: route cases by urgency with a short standard question set"
A05,B11,C10,0,3,0,"EU Digital Identity Wallet with business attestations (by end-2026) || Used goods and repairs lack trusted history, so resale value collapses || Futures market: sell next season's output today to lock a price"
A05,B11,C11,2,3,6,"EU Digital Identity Wallet with business attestations (by end-2026) || Used goods and repairs lack trusted history, so resale value collapses || Container shipping standard (TEU): one box fits every ship, truck, crane"
A05,B11,C12,0,3,0,"EU Digital Identity Wallet with business attestations (by end-2026) || Used goods and repairs lack trusted history, so resale value collapses || Speedrun/leaderboard gaming: public live competition drives behaviour"
A05,B11,C13,0,3,0,"EU Digital Identity Wallet with business attestations (by end-2026) || Used goods and repairs lack trusted history, so resale value collapses || Tontine / rotating savings club (ROSCA): members fund each other in turn"
A05,B11,C14,1,3,3,"EU Digital Identity Wallet with business attestations (by end-2026) || Used goods and repairs lack trusted history, so resale value collapses || Prediction market: price aggregates dispersed knowledge into a probability"
A05,B11,C15,1,3,3,"EU Digital Identity Wallet with business attestations (by end-2026) || Used goods and repairs lack trusted history, so resale value collapses || Pharmacovigilance: tiny signals from many reports detect rare problems early"
A05,B12,C01,2,3,6,"EU Digital Identity Wallet with business attestations (by end-2026) || Staff shortages in hospitality/care; workers paid late, shifts unfilled || Airline yield management: price changes by demand minute to minute"
A05,B12,C02,1,3,3,"EU Digital Identity Wallet with business attestations (by end-2026) || Staff shortages in hospitality/care; workers paid late, shifts unfilled || Chess/Elo rating: ranking from pairwise outcomes, no absolute measure needed"
A05,B12,C03,1,3,3,"EU Digital Identity Wallet with business attestations (by end-2026) || Staff shortages in hospitality/care; workers paid late, shifts unfilled || Blood-bank / organ matching: time-critical allocation of scarce perishable supply"
A05,B12,C04,0,3,0,"EU Digital Identity Wallet with business attestations (by end-2026) || Staff shortages in hospitality/care; workers paid late, shifts unfilled || Reinsurance: pooling many small risks and selling slices to big capital"
A05,B12,C05,1,3,3,"EU Digital Identity Wallet with business attestations (by end-2026) || Staff shortages in hospitality/care; workers paid late, shifts unfilled || Air-traffic control: live deconfliction of many actors in shared space"
A05,B12,C06,1,3,3,"EU Digital Identity Wallet with business attestations (by end-2026) || Staff shortages in hospitality/care; workers paid late, shifts unfilled || Spotify royalties: tiny usage events settled into automatic payouts"
A05,B12,C07,0,3,0,"EU Digital Identity Wallet with business attestations (by end-2026) || Staff shortages in hospitality/care; workers paid late, shifts unfilled || Carfax-style history report built from many third-party events"
A05,B12,C08,1,3,3,"EU Digital Identity Wallet with business attestations (by end-2026) || Staff shortages in hospitality/care; workers paid late, shifts unfilled || Ant colony / stigmergy: coordination through traces left in the environment"
A05,B12,C09,1,3,3,"EU Digital Identity Wallet with business attestations (by end-2026) || Staff shortages in hospitality/care; workers paid late, shifts unfilled || Clinical triage: route cases by urgency with a short standard question set"
A05,B12,C10,1,3,3,"EU Digital Identity Wallet with business attestations (by end-2026) || Staff shortages in hospitality/care; workers paid late, shifts unfilled || Futures market: sell next season's output today to lock a price"
A05,B12,C11,0,3,0,"EU Digital Identity Wallet with business attestations (by end-2026) || Staff shortages in hospitality/care; workers paid late, shifts unfilled || Container shipping standard (TEU): one box fits every ship, truck, crane"
A05,B12,C12,1,3,3,"EU Digital Identity Wallet with business attestations (by end-2026) || Staff shortages in hospitality/care; workers paid late, shifts unfilled || Speedrun/leaderboard gaming: public live competition drives behaviour"
A05,B12,C13,1,3,3,"EU Digital Identity Wallet with business attestations (by end-2026) || Staff shortages in hospitality/care; workers paid late, shifts unfilled || Tontine / rotating savings club (ROSCA): members fund each other in turn"
A05,B12,C14,1,3,3,"EU Digital Identity Wallet with business attestations (by end-2026) || Staff shortages in hospitality/care; workers paid late, shifts unfilled || Prediction market: price aggregates dispersed knowledge into a probability"
A05,B12,C15,1,3,3,"EU Digital Identity Wallet with business attestations (by end-2026) || Staff shortages in hospitality/care; workers paid late, shifts unfilled || Pharmacovigilance: tiny signals from many reports detect rare problems early"
A05,B13,C01,2,2,4,EU Digital Identity Wallet with business attestations (by end-2026) || Grant and subsidy money goes unclaimed; SMEs don't know or can't apply || Airline yield management: price changes by demand minute to minute
A05,B13,C02,4,2,8,"EU Digital Identity Wallet with business attestations (by end-2026) || Grant and subsidy money goes unclaimed; SMEs don't know or can't apply || Chess/Elo rating: ranking from pairwise outcomes, no absolute measure needed"
A05,B13,C03,2,2,4,EU Digital Identity Wallet with business attestations (by end-2026) || Grant and subsidy money goes unclaimed; SMEs don't know or can't apply || Blood-bank / organ matching: time-critical allocation of scarce perishable supply
A05,B13,C04,2,2,4,EU Digital Identity Wallet with business attestations (by end-2026) || Grant and subsidy money goes unclaimed; SMEs don't know or can't apply || Reinsurance: pooling many small risks and selling slices to big capital
A05,B13,C05,2,2,4,EU Digital Identity Wallet with business attestations (by end-2026) || Grant and subsidy money goes unclaimed; SMEs don't know or can't apply || Air-traffic control: live deconfliction of many actors in shared space
A05,B13,C06,2,2,4,EU Digital Identity Wallet with business attestations (by end-2026) || Grant and subsidy money goes unclaimed; SMEs don't know or can't apply || Spotify royalties: tiny usage events settled into automatic payouts
A05,B13,C07,2,2,4,EU Digital Identity Wallet with business attestations (by end-2026) || Grant and subsidy money goes unclaimed; SMEs don't know or can't apply || Carfax-style history report built from many third-party events
A05,B13,C08,2,2,4,EU Digital Identity Wallet with business attestations (by end-2026) || Grant and subsidy money goes unclaimed; SMEs don't know or can't apply || Ant colony / stigmergy: coordination through traces left in the environment
A05,B13,C09,3,2,6,EU Digital Identity Wallet with business attestations (by end-2026) || Grant and subsidy money goes unclaimed; SMEs don't know or can't apply || Clinical triage: route cases by urgency with a short standard question set
A05,B13,C10,2,2,4,EU Digital Identity Wallet with business attestations (by end-2026) || Grant and subsidy money goes unclaimed; SMEs don't know or can't apply || Futures market: sell next season's output today to lock a price
A05,B13,C11,3,2,6,"EU Digital Identity Wallet with business attestations (by end-2026) || Grant and subsidy money goes unclaimed; SMEs don't know or can't apply || Container shipping standard (TEU): one box fits every ship, truck, crane"
A05,B13,C12,2,2,4,EU Digital Identity Wallet with business attestations (by end-2026) || Grant and subsidy money goes unclaimed; SMEs don't know or can't apply || Speedrun/leaderboard gaming: public live competition drives behaviour
A05,B13,C13,2,2,4,EU Digital Identity Wallet with business attestations (by end-2026) || Grant and subsidy money goes unclaimed; SMEs don't know or can't apply || Tontine / rotating savings club (ROSCA): members fund each other in turn
A05,B13,C14,2,2,4,EU Digital Identity Wallet with business attestations (by end-2026) || Grant and subsidy money goes unclaimed; SMEs don't know or can't apply || Prediction market: price aggregates dispersed knowledge into a probability
A05,B13,C15,2,2,4,EU Digital Identity Wallet with business attestations (by end-2026) || Grant and subsidy money goes unclaimed; SMEs don't know or can't apply || Pharmacovigilance: tiny signals from many reports detect rare problems early
A05,B14,C01,0,3,0,"EU Digital Identity Wallet with business attestations (by end-2026) || Heatwaves: buildings overheat, elderly and workers at risk (Cyprus 45C+) || Airline yield management: price changes by demand minute to minute"
A05,B14,C02,1,3,3,"EU Digital Identity Wallet with business attestations (by end-2026) || Heatwaves: buildings overheat, elderly and workers at risk (Cyprus 45C+) || Chess/Elo rating: ranking from pairwise outcomes, no absolute measure needed"
A05,B14,C03,0,2,0,"EU Digital Identity Wallet with business attestations (by end-2026) || Heatwaves: buildings overheat, elderly and workers at risk (Cyprus 45C+) || Blood-bank / organ matching: time-critical allocation of scarce perishable supply"
A05,B14,C04,1,3,3,"EU Digital Identity Wallet with business attestations (by end-2026) || Heatwaves: buildings overheat, elderly and workers at risk (Cyprus 45C+) || Reinsurance: pooling many small risks and selling slices to big capital"
A05,B14,C05,1,3,3,"EU Digital Identity Wallet with business attestations (by end-2026) || Heatwaves: buildings overheat, elderly and workers at risk (Cyprus 45C+) || Air-traffic control: live deconfliction of many actors in shared space"
A05,B14,C06,0,3,0,"EU Digital Identity Wallet with business attestations (by end-2026) || Heatwaves: buildings overheat, elderly and workers at risk (Cyprus 45C+) || Spotify royalties: tiny usage events settled into automatic payouts"
A05,B14,C07,0,3,0,"EU Digital Identity Wallet with business attestations (by end-2026) || Heatwaves: buildings overheat, elderly and workers at risk (Cyprus 45C+) || Carfax-style history report built from many third-party events"
A05,B14,C08,1,3,3,"EU Digital Identity Wallet with business attestations (by end-2026) || Heatwaves: buildings overheat, elderly and workers at risk (Cyprus 45C+) || Ant colony / stigmergy: coordination through traces left in the environment"
A05,B14,C09,0,2,0,"EU Digital Identity Wallet with business attestations (by end-2026) || Heatwaves: buildings overheat, elderly and workers at risk (Cyprus 45C+) || Clinical triage: route cases by urgency with a short standard question set"
A05,B14,C10,0,3,0,"EU Digital Identity Wallet with business attestations (by end-2026) || Heatwaves: buildings overheat, elderly and workers at risk (Cyprus 45C+) || Futures market: sell next season's output today to lock a price"
A05,B14,C11,0,3,0,"EU Digital Identity Wallet with business attestations (by end-2026) || Heatwaves: buildings overheat, elderly and workers at risk (Cyprus 45C+) || Container shipping standard (TEU): one box fits every ship, truck, crane"
A05,B14,C12,0,3,0,"EU Digital Identity Wallet with business attestations (by end-2026) || Heatwaves: buildings overheat, elderly and workers at risk (Cyprus 45C+) || Speedrun/leaderboard gaming: public live competition drives behaviour"
A05,B14,C13,0,3,0,"EU Digital Identity Wallet with business attestations (by end-2026) || Heatwaves: buildings overheat, elderly and workers at risk (Cyprus 45C+) || Tontine / rotating savings club (ROSCA): members fund each other in turn"
A05,B14,C14,0,3,0,"EU Digital Identity Wallet with business attestations (by end-2026) || Heatwaves: buildings overheat, elderly and workers at risk (Cyprus 45C+) || Prediction market: price aggregates dispersed knowledge into a probability"
A05,B14,C15,0,2,0,"EU Digital Identity Wallet with business attestations (by end-2026) || Heatwaves: buildings overheat, elderly and workers at risk (Cyprus 45C+) || Pharmacovigilance: tiny signals from many reports detect rare problems early"
A05,B15,C01,0,3,0,EU Digital Identity Wallet with business attestations (by end-2026) || Property and utility disputes between landlords and tenants over shared costs || Airline yield management: price changes by demand minute to minute
A05,B15,C02,1,3,3,"EU Digital Identity Wallet with business attestations (by end-2026) || Property and utility disputes between landlords and tenants over shared costs || Chess/Elo rating: ranking from pairwise outcomes, no absolute measure needed"
A05,B15,C03,0,3,0,EU Digital Identity Wallet with business attestations (by end-2026) || Property and utility disputes between landlords and tenants over shared costs || Blood-bank / organ matching: time-critical allocation of scarce perishable supply
A05,B15,C04,0,3,0,EU Digital Identity Wallet with business attestations (by end-2026) || Property and utility disputes between landlords and tenants over shared costs || Reinsurance: pooling many small risks and selling slices to big capital
A05,B15,C05,0,3,0,EU Digital Identity Wallet with business attestations (by end-2026) || Property and utility disputes between landlords and tenants over shared costs || Air-traffic control: live deconfliction of many actors in shared space
A05,B15,C06,0,3,0,EU Digital Identity Wallet with business attestations (by end-2026) || Property and utility disputes between landlords and tenants over shared costs || Spotify royalties: tiny usage events settled into automatic payouts
A05,B15,C07,0,3,0,EU Digital Identity Wallet with business attestations (by end-2026) || Property and utility disputes between landlords and tenants over shared costs || Carfax-style history report built from many third-party events
A05,B15,C08,0,3,0,EU Digital Identity Wallet with business attestations (by end-2026) || Property and utility disputes between landlords and tenants over shared costs || Ant colony / stigmergy: coordination through traces left in the environment
A05,B15,C09,0,3,0,EU Digital Identity Wallet with business attestations (by end-2026) || Property and utility disputes between landlords and tenants over shared costs || Clinical triage: route cases by urgency with a short standard question set
A05,B15,C10,1,3,3,EU Digital Identity Wallet with business attestations (by end-2026) || Property and utility disputes between landlords and tenants over shared costs || Futures market: sell next season's output today to lock a price
A05,B15,C11,0,3,0,"EU Digital Identity Wallet with business attestations (by end-2026) || Property and utility disputes between landlords and tenants over shared costs || Container shipping standard (TEU): one box fits every ship, truck, crane"
A05,B15,C12,0,3,0,EU Digital Identity Wallet with business attestations (by end-2026) || Property and utility disputes between landlords and tenants over shared costs || Speedrun/leaderboard gaming: public live competition drives behaviour
A05,B15,C13,1,3,3,EU Digital Identity Wallet with business attestations (by end-2026) || Property and utility disputes between landlords and tenants over shared costs || Tontine / rotating savings club (ROSCA): members fund each other in turn
A05,B15,C14,0,3,0,EU Digital Identity Wallet with business attestations (by end-2026) || Property and utility disputes between landlords and tenants over shared costs || Prediction market: price aggregates dispersed knowledge into a probability
A05,B15,C15,0,3,0,EU Digital Identity Wallet with business attestations (by end-2026) || Property and utility disputes between landlords and tenants over shared costs || Pharmacovigilance: tiny signals from many reports detect rare problems early
A06,B01,C01,2,2,4,"Mandatory e-invoicing / real-time VAT reporting (ViDA, 2030; national earlier) || SMEs answer many differently-worded sustainability requests from banks/customers || Airline yield management: price changes by demand minute to minute"
A06,B01,C02,3,2,6,"Mandatory e-invoicing / real-time VAT reporting (ViDA, 2030; national earlier) || SMEs answer many differently-worded sustainability requests from banks/customers || Chess/Elo rating: ranking from pairwise outcomes, no absolute measure needed"
A06,B01,C03,2,2,4,"Mandatory e-invoicing / real-time VAT reporting (ViDA, 2030; national earlier) || SMEs answer many differently-worded sustainability requests from banks/customers || Blood-bank / organ matching: time-critical allocation of scarce perishable supply"
A06,B01,C04,2,2,4,"Mandatory e-invoicing / real-time VAT reporting (ViDA, 2030; national earlier) || SMEs answer many differently-worded sustainability requests from banks/customers || Reinsurance: pooling many small risks and selling slices to big capital"
A06,B01,C05,2,2,4,"Mandatory e-invoicing / real-time VAT reporting (ViDA, 2030; national earlier) || SMEs answer many differently-worded sustainability requests from banks/customers || Air-traffic control: live deconfliction of many actors in shared space"
A06,B01,C06,3,2,6,"Mandatory e-invoicing / real-time VAT reporting (ViDA, 2030; national earlier) || SMEs answer many differently-worded sustainability requests from banks/customers || Spotify royalties: tiny usage events settled into automatic payouts"
A06,B01,C07,3,2,6,"Mandatory e-invoicing / real-time VAT reporting (ViDA, 2030; national earlier) || SMEs answer many differently-worded sustainability requests from banks/customers || Carfax-style history report built from many third-party events"
A06,B01,C08,2,2,4,"Mandatory e-invoicing / real-time VAT reporting (ViDA, 2030; national earlier) || SMEs answer many differently-worded sustainability requests from banks/customers || Ant colony / stigmergy: coordination through traces left in the environment"
A06,B01,C09,2,2,4,"Mandatory e-invoicing / real-time VAT reporting (ViDA, 2030; national earlier) || SMEs answer many differently-worded sustainability requests from banks/customers || Clinical triage: route cases by urgency with a short standard question set"
A06,B01,C10,1,2,2,"Mandatory e-invoicing / real-time VAT reporting (ViDA, 2030; national earlier) || SMEs answer many differently-worded sustainability requests from banks/customers || Futures market: sell next season's output today to lock a price"
A06,B01,C11,4,2,8,"Mandatory e-invoicing / real-time VAT reporting (ViDA, 2030; national earlier) || SMEs answer many differently-worded sustainability requests from banks/customers || Container shipping standard (TEU): one box fits every ship, truck, crane"
A06,B01,C12,2,2,4,"Mandatory e-invoicing / real-time VAT reporting (ViDA, 2030; national earlier) || SMEs answer many differently-worded sustainability requests from banks/customers || Speedrun/leaderboard gaming: public live competition drives behaviour"
A06,B01,C13,2,2,4,"Mandatory e-invoicing / real-time VAT reporting (ViDA, 2030; national earlier) || SMEs answer many differently-worded sustainability requests from banks/customers || Tontine / rotating savings club (ROSCA): members fund each other in turn"
A06,B01,C14,3,2,6,"Mandatory e-invoicing / real-time VAT reporting (ViDA, 2030; national earlier) || SMEs answer many differently-worded sustainability requests from banks/customers || Prediction market: price aggregates dispersed knowledge into a probability"
A06,B01,C15,3,2,6,"Mandatory e-invoicing / real-time VAT reporting (ViDA, 2030; national earlier) || SMEs answer many differently-worded sustainability requests from banks/customers || Pharmacovigilance: tiny signals from many reports detect rare problems early"
A06,B02,C01,2,3,6,"Mandatory e-invoicing / real-time VAT reporting (ViDA, 2030; national earlier) || Energy cost is a major barrier for ~50% of EU firms; SMEs under-invest in efficiency || Airline yield management: price changes by demand minute to minute"
A06,B02,C02,1,3,3,"Mandatory e-invoicing / real-time VAT reporting (ViDA, 2030; national earlier) || Energy cost is a major barrier for ~50% of EU firms; SMEs under-invest in efficiency || Chess/Elo rating: ranking from pairwise outcomes, no absolute measure needed"
A06,B02,C03,1,3,3,"Mandatory e-invoicing / real-time VAT reporting (ViDA, 2030; national earlier) || Energy cost is a major barrier for ~50% of EU firms; SMEs under-invest in efficiency || Blood-bank / organ matching: time-critical allocation of scarce perishable supply"
A06,B02,C04,1,3,3,"Mandatory e-invoicing / real-time VAT reporting (ViDA, 2030; national earlier) || Energy cost is a major barrier for ~50% of EU firms; SMEs under-invest in efficiency || Reinsurance: pooling many small risks and selling slices to big capital"
A06,B02,C05,1,3,3,"Mandatory e-invoicing / real-time VAT reporting (ViDA, 2030; national earlier) || Energy cost is a major barrier for ~50% of EU firms; SMEs under-invest in efficiency || Air-traffic control: live deconfliction of many actors in shared space"
A06,B02,C06,2,3,6,"Mandatory e-invoicing / real-time VAT reporting (ViDA, 2030; national earlier) || Energy cost is a major barrier for ~50% of EU firms; SMEs under-invest in efficiency || Spotify royalties: tiny usage events settled into automatic payouts"
A06,B02,C07,1,3,3,"Mandatory e-invoicing / real-time VAT reporting (ViDA, 2030; national earlier) || Energy cost is a major barrier for ~50% of EU firms; SMEs under-invest in efficiency || Carfax-style history report built from many third-party events"
A06,B02,C08,1,3,3,"Mandatory e-invoicing / real-time VAT reporting (ViDA, 2030; national earlier) || Energy cost is a major barrier for ~50% of EU firms; SMEs under-invest in efficiency || Ant colony / stigmergy: coordination through traces left in the environment"
A06,B02,C09,0,3,0,"Mandatory e-invoicing / real-time VAT reporting (ViDA, 2030; national earlier) || Energy cost is a major barrier for ~50% of EU firms; SMEs under-invest in efficiency || Clinical triage: route cases by urgency with a short standard question set"
A06,B02,C10,1,3,3,"Mandatory e-invoicing / real-time VAT reporting (ViDA, 2030; national earlier) || Energy cost is a major barrier for ~50% of EU firms; SMEs under-invest in efficiency || Futures market: sell next season's output today to lock a price"
A06,B02,C11,1,3,3,"Mandatory e-invoicing / real-time VAT reporting (ViDA, 2030; national earlier) || Energy cost is a major barrier for ~50% of EU firms; SMEs under-invest in efficiency || Container shipping standard (TEU): one box fits every ship, truck, crane"
A06,B02,C12,1,3,3,"Mandatory e-invoicing / real-time VAT reporting (ViDA, 2030; national earlier) || Energy cost is a major barrier for ~50% of EU firms; SMEs under-invest in efficiency || Speedrun/leaderboard gaming: public live competition drives behaviour"
A06,B02,C13,2,3,6,"Mandatory e-invoicing / real-time VAT reporting (ViDA, 2030; national earlier) || Energy cost is a major barrier for ~50% of EU firms; SMEs under-invest in efficiency || Tontine / rotating savings club (ROSCA): members fund each other in turn"
A06,B02,C14,2,3,6,"Mandatory e-invoicing / real-time VAT reporting (ViDA, 2030; national earlier) || Energy cost is a major barrier for ~50% of EU firms; SMEs under-invest in efficiency || Prediction market: price aggregates dispersed knowledge into a probability"
A06,B02,C15,1,3,3,"Mandatory e-invoicing / real-time VAT reporting (ViDA, 2030; national earlier) || Energy cost is a major barrier for ~50% of EU firms; SMEs under-invest in efficiency || Pharmacovigilance: tiny signals from many reports detect rare problems early"
A06,B03,C01,3,3,9,"Mandatory e-invoicing / real-time VAT reporting (ViDA, 2030; national earlier) || Late payment: ~50% of EU invoices paid late; SMEs hit hardest || Airline yield management: price changes by demand minute to minute"
A06,B03,C02,2,3,6,"Mandatory e-invoicing / real-time VAT reporting (ViDA, 2030; national earlier) || Late payment: ~50% of EU invoices paid late; SMEs hit hardest || Chess/Elo rating: ranking from pairwise outcomes, no absolute measure needed"
A06,B03,C03,2,3,6,"Mandatory e-invoicing / real-time VAT reporting (ViDA, 2030; national earlier) || Late payment: ~50% of EU invoices paid late; SMEs hit hardest || Blood-bank / organ matching: time-critical allocation of scarce perishable supply"
A06,B03,C04,2,2,4,"Mandatory e-invoicing / real-time VAT reporting (ViDA, 2030; national earlier) || Late payment: ~50% of EU invoices paid late; SMEs hit hardest || Reinsurance: pooling many small risks and selling slices to big capital"
A06,B03,C05,2,3,6,"Mandatory e-invoicing / real-time VAT reporting (ViDA, 2030; national earlier) || Late payment: ~50% of EU invoices paid late; SMEs hit hardest || Air-traffic control: live deconfliction of many actors in shared space"
A06,B03,C06,3,3,9,"Mandatory e-invoicing / real-time VAT reporting (ViDA, 2030; national earlier) || Late payment: ~50% of EU invoices paid late; SMEs hit hardest || Spotify royalties: tiny usage events settled into automatic payouts"
A06,B03,C07,2,3,6,"Mandatory e-invoicing / real-time VAT reporting (ViDA, 2030; national earlier) || Late payment: ~50% of EU invoices paid late; SMEs hit hardest || Carfax-style history report built from many third-party events"
A06,B03,C08,2,3,6,"Mandatory e-invoicing / real-time VAT reporting (ViDA, 2030; national earlier) || Late payment: ~50% of EU invoices paid late; SMEs hit hardest || Ant colony / stigmergy: coordination through traces left in the environment"
A06,B03,C09,1,3,3,"Mandatory e-invoicing / real-time VAT reporting (ViDA, 2030; national earlier) || Late payment: ~50% of EU invoices paid late; SMEs hit hardest || Clinical triage: route cases by urgency with a short standard question set"
A06,B03,C10,2,2,4,"Mandatory e-invoicing / real-time VAT reporting (ViDA, 2030; national earlier) || Late payment: ~50% of EU invoices paid late; SMEs hit hardest || Futures market: sell next season's output today to lock a price"
A06,B03,C11,2,3,6,"Mandatory e-invoicing / real-time VAT reporting (ViDA, 2030; national earlier) || Late payment: ~50% of EU invoices paid late; SMEs hit hardest || Container shipping standard (TEU): one box fits every ship, truck, crane"
A06,B03,C12,2,3,6,"Mandatory e-invoicing / real-time VAT reporting (ViDA, 2030; national earlier) || Late payment: ~50% of EU invoices paid late; SMEs hit hardest || Speedrun/leaderboard gaming: public live competition drives behaviour"
A06,B03,C13,3,2,6,"Mandatory e-invoicing / real-time VAT reporting (ViDA, 2030; national earlier) || Late payment: ~50% of EU invoices paid late; SMEs hit hardest || Tontine / rotating savings club (ROSCA): members fund each other in turn"
A06,B03,C14,3,2,6,"Mandatory e-invoicing / real-time VAT reporting (ViDA, 2030; national earlier) || Late payment: ~50% of EU invoices paid late; SMEs hit hardest || Prediction market: price aggregates dispersed knowledge into a probability"
A06,B03,C15,2,3,6,"Mandatory e-invoicing / real-time VAT reporting (ViDA, 2030; national earlier) || Late payment: ~50% of EU invoices paid late; SMEs hit hardest || Pharmacovigilance: tiny signals from many reports detect rare problems early"
A06,B04,C01,1,3,3,"Mandatory e-invoicing / real-time VAT reporting (ViDA, 2030; national earlier) || Cyprus water scarcity: desalination dependence, reservoirs below 20% (2025) || Airline yield management: price changes by demand minute to minute"
A06,B04,C02,1,3,3,"Mandatory e-invoicing / real-time VAT reporting (ViDA, 2030; national earlier) || Cyprus water scarcity: desalination dependence, reservoirs below 20% (2025) || Chess/Elo rating: ranking from pairwise outcomes, no absolute measure needed"
A06,B04,C03,1,3,3,"Mandatory e-invoicing / real-time VAT reporting (ViDA, 2030; national earlier) || Cyprus water scarcity: desalination dependence, reservoirs below 20% (2025) || Blood-bank / organ matching: time-critical allocation of scarce perishable supply"
A06,B04,C04,0,3,0,"Mandatory e-invoicing / real-time VAT reporting (ViDA, 2030; national earlier) || Cyprus water scarcity: desalination dependence, reservoirs below 20% (2025) || Reinsurance: pooling many small risks and selling slices to big capital"
A06,B04,C05,2,3,6,"Mandatory e-invoicing / real-time VAT reporting (ViDA, 2030; national earlier) || Cyprus water scarcity: desalination dependence, reservoirs below 20% (2025) || Air-traffic control: live deconfliction of many actors in shared space"
A06,B04,C06,1,3,3,"Mandatory e-invoicing / real-time VAT reporting (ViDA, 2030; national earlier) || Cyprus water scarcity: desalination dependence, reservoirs below 20% (2025) || Spotify royalties: tiny usage events settled into automatic payouts"
A06,B04,C07,1,3,3,"Mandatory e-invoicing / real-time VAT reporting (ViDA, 2030; national earlier) || Cyprus water scarcity: desalination dependence, reservoirs below 20% (2025) || Carfax-style history report built from many third-party events"
A06,B04,C08,2,3,6,"Mandatory e-invoicing / real-time VAT reporting (ViDA, 2030; national earlier) || Cyprus water scarcity: desalination dependence, reservoirs below 20% (2025) || Ant colony / stigmergy: coordination through traces left in the environment"
A06,B04,C09,0,3,0,"Mandatory e-invoicing / real-time VAT reporting (ViDA, 2030; national earlier) || Cyprus water scarcity: desalination dependence, reservoirs below 20% (2025) || Clinical triage: route cases by urgency with a short standard question set"
A06,B04,C10,1,3,3,"Mandatory e-invoicing / real-time VAT reporting (ViDA, 2030; national earlier) || Cyprus water scarcity: desalination dependence, reservoirs below 20% (2025) || Futures market: sell next season's output today to lock a price"
A06,B04,C11,1,3,3,"Mandatory e-invoicing / real-time VAT reporting (ViDA, 2030; national earlier) || Cyprus water scarcity: desalination dependence, reservoirs below 20% (2025) || Container shipping standard (TEU): one box fits every ship, truck, crane"
A06,B04,C12,1,3,3,"Mandatory e-invoicing / real-time VAT reporting (ViDA, 2030; national earlier) || Cyprus water scarcity: desalination dependence, reservoirs below 20% (2025) || Speedrun/leaderboard gaming: public live competition drives behaviour"
A06,B04,C13,0,3,0,"Mandatory e-invoicing / real-time VAT reporting (ViDA, 2030; national earlier) || Cyprus water scarcity: desalination dependence, reservoirs below 20% (2025) || Tontine / rotating savings club (ROSCA): members fund each other in turn"
A06,B04,C14,1,3,3,"Mandatory e-invoicing / real-time VAT reporting (ViDA, 2030; national earlier) || Cyprus water scarcity: desalination dependence, reservoirs below 20% (2025) || Prediction market: price aggregates dispersed knowledge into a probability"
A06,B04,C15,1,3,3,"Mandatory e-invoicing / real-time VAT reporting (ViDA, 2030; national earlier) || Cyprus water scarcity: desalination dependence, reservoirs below 20% (2025) || Pharmacovigilance: tiny signals from many reports detect rare problems early"
A06,B05,C01,4,3,12,"Mandatory e-invoicing / real-time VAT reporting (ViDA, 2030; national earlier) || Tourism seasonality: Cyprus hotels/staff idle half the year || Airline yield management: price changes by demand minute to minute"
A06,B05,C02,2,3,6,"Mandatory e-invoicing / real-time VAT reporting (ViDA, 2030; national earlier) || Tourism seasonality: Cyprus hotels/staff idle half the year || Chess/Elo rating: ranking from pairwise outcomes, no absolute measure needed"
A06,B05,C03,3,3,9,"Mandatory e-invoicing / real-time VAT reporting (ViDA, 2030; national earlier) || Tourism seasonality: Cyprus hotels/staff idle half the year || Blood-bank / organ matching: time-critical allocation of scarce perishable supply"
A06,B05,C04,1,3,3,"Mandatory e-invoicing / real-time VAT reporting (ViDA, 2030; national earlier) || Tourism seasonality: Cyprus hotels/staff idle half the year || Reinsurance: pooling many small risks and selling slices to big capital"
A06,B05,C05,3,3,9,"Mandatory e-invoicing / real-time VAT reporting (ViDA, 2030; national earlier) || Tourism seasonality: Cyprus hotels/staff idle half the year || Air-traffic control: live deconfliction of many actors in shared space"
A06,B05,C06,3,3,9,"Mandatory e-invoicing / real-time VAT reporting (ViDA, 2030; national earlier) || Tourism seasonality: Cyprus hotels/staff idle half the year || Spotify royalties: tiny usage events settled into automatic payouts"
A06,B05,C07,2,3,6,"Mandatory e-invoicing / real-time VAT reporting (ViDA, 2030; national earlier) || Tourism seasonality: Cyprus hotels/staff idle half the year || Carfax-style history report built from many third-party events"
A06,B05,C08,3,3,9,"Mandatory e-invoicing / real-time VAT reporting (ViDA, 2030; national earlier) || Tourism seasonality: Cyprus hotels/staff idle half the year || Ant colony / stigmergy: coordination through traces left in the environment"
A06,B05,C09,1,3,3,"Mandatory e-invoicing / real-time VAT reporting (ViDA, 2030; national earlier) || Tourism seasonality: Cyprus hotels/staff idle half the year || Clinical triage: route cases by urgency with a short standard question set"
A06,B05,C10,2,3,6,"Mandatory e-invoicing / real-time VAT reporting (ViDA, 2030; national earlier) || Tourism seasonality: Cyprus hotels/staff idle half the year || Futures market: sell next season's output today to lock a price"
A06,B05,C11,2,3,6,"Mandatory e-invoicing / real-time VAT reporting (ViDA, 2030; national earlier) || Tourism seasonality: Cyprus hotels/staff idle half the year || Container shipping standard (TEU): one box fits every ship, truck, crane"
A06,B05,C12,4,3,12,"Mandatory e-invoicing / real-time VAT reporting (ViDA, 2030; national earlier) || Tourism seasonality: Cyprus hotels/staff idle half the year || Speedrun/leaderboard gaming: public live competition drives behaviour"
A06,B05,C13,2,3,6,"Mandatory e-invoicing / real-time VAT reporting (ViDA, 2030; national earlier) || Tourism seasonality: Cyprus hotels/staff idle half the year || Tontine / rotating savings club (ROSCA): members fund each other in turn"
A06,B05,C14,3,3,9,"Mandatory e-invoicing / real-time VAT reporting (ViDA, 2030; national earlier) || Tourism seasonality: Cyprus hotels/staff idle half the year || Prediction market: price aggregates dispersed knowledge into a probability"
A06,B05,C15,2,3,6,"Mandatory e-invoicing / real-time VAT reporting (ViDA, 2030; national earlier) || Tourism seasonality: Cyprus hotels/staff idle half the year || Pharmacovigilance: tiny signals from many reports detect rare problems early"
A06,B06,C01,1,2,2,"Mandatory e-invoicing / real-time VAT reporting (ViDA, 2030; national earlier) || Red tape: EU SMEs cite administrative burden as top obstacle (Eurobarometer 2023) || Airline yield management: price changes by demand minute to minute"
A06,B06,C02,1,2,2,"Mandatory e-invoicing / real-time VAT reporting (ViDA, 2030; national earlier) || Red tape: EU SMEs cite administrative burden as top obstacle (Eurobarometer 2023) || Chess/Elo rating: ranking from pairwise outcomes, no absolute measure needed"
A06,B06,C03,1,2,2,"Mandatory e-invoicing / real-time VAT reporting (ViDA, 2030; national earlier) || Red tape: EU SMEs cite administrative burden as top obstacle (Eurobarometer 2023) || Blood-bank / organ matching: time-critical allocation of scarce perishable supply"
A06,B06,C04,0,2,0,"Mandatory e-invoicing / real-time VAT reporting (ViDA, 2030; national earlier) || Red tape: EU SMEs cite administrative burden as top obstacle (Eurobarometer 2023) || Reinsurance: pooling many small risks and selling slices to big capital"
A06,B06,C05,1,2,2,"Mandatory e-invoicing / real-time VAT reporting (ViDA, 2030; national earlier) || Red tape: EU SMEs cite administrative burden as top obstacle (Eurobarometer 2023) || Air-traffic control: live deconfliction of many actors in shared space"
A06,B06,C06,1,2,2,"Mandatory e-invoicing / real-time VAT reporting (ViDA, 2030; national earlier) || Red tape: EU SMEs cite administrative burden as top obstacle (Eurobarometer 2023) || Spotify royalties: tiny usage events settled into automatic payouts"
A06,B06,C07,1,2,2,"Mandatory e-invoicing / real-time VAT reporting (ViDA, 2030; national earlier) || Red tape: EU SMEs cite administrative burden as top obstacle (Eurobarometer 2023) || Carfax-style history report built from many third-party events"
A06,B06,C08,1,2,2,"Mandatory e-invoicing / real-time VAT reporting (ViDA, 2030; national earlier) || Red tape: EU SMEs cite administrative burden as top obstacle (Eurobarometer 2023) || Ant colony / stigmergy: coordination through traces left in the environment"
A06,B06,C09,1,2,2,"Mandatory e-invoicing / real-time VAT reporting (ViDA, 2030; national earlier) || Red tape: EU SMEs cite administrative burden as top obstacle (Eurobarometer 2023) || Clinical triage: route cases by urgency with a short standard question set"
A06,B06,C10,0,2,0,"Mandatory e-invoicing / real-time VAT reporting (ViDA, 2030; national earlier) || Red tape: EU SMEs cite administrative burden as top obstacle (Eurobarometer 2023) || Futures market: sell next season's output today to lock a price"
A06,B06,C11,2,2,4,"Mandatory e-invoicing / real-time VAT reporting (ViDA, 2030; national earlier) || Red tape: EU SMEs cite administrative burden as top obstacle (Eurobarometer 2023) || Container shipping standard (TEU): one box fits every ship, truck, crane"
A06,B06,C12,1,2,2,"Mandatory e-invoicing / real-time VAT reporting (ViDA, 2030; national earlier) || Red tape: EU SMEs cite administrative burden as top obstacle (Eurobarometer 2023) || Speedrun/leaderboard gaming: public live competition drives behaviour"
A06,B06,C13,0,2,0,"Mandatory e-invoicing / real-time VAT reporting (ViDA, 2030; national earlier) || Red tape: EU SMEs cite administrative burden as top obstacle (Eurobarometer 2023) || Tontine / rotating savings club (ROSCA): members fund each other in turn"
A06,B06,C14,1,2,2,"Mandatory e-invoicing / real-time VAT reporting (ViDA, 2030; national earlier) || Red tape: EU SMEs cite administrative burden as top obstacle (Eurobarometer 2023) || Prediction market: price aggregates dispersed knowledge into a probability"
A06,B06,C15,1,2,2,"Mandatory e-invoicing / real-time VAT reporting (ViDA, 2030; national earlier) || Red tape: EU SMEs cite administrative burden as top obstacle (Eurobarometer 2023) || Pharmacovigilance: tiny signals from many reports detect rare problems early"
A06,B07,C01,1,3,3,"Mandatory e-invoicing / real-time VAT reporting (ViDA, 2030; national earlier) || Farmers lose crops to heat/drought with slow or no insurance payout || Airline yield management: price changes by demand minute to minute"
A06,B07,C02,1,3,3,"Mandatory e-invoicing / real-time VAT reporting (ViDA, 2030; national earlier) || Farmers lose crops to heat/drought with slow or no insurance payout || Chess/Elo rating: ranking from pairwise outcomes, no absolute measure needed"
A06,B07,C03,1,3,3,"Mandatory e-invoicing / real-time VAT reporting (ViDA, 2030; national earlier) || Farmers lose crops to heat/drought with slow or no insurance payout || Blood-bank / organ matching: time-critical allocation of scarce perishable supply"
A06,B07,C04,1,3,3,"Mandatory e-invoicing / real-time VAT reporting (ViDA, 2030; national earlier) || Farmers lose crops to heat/drought with slow or no insurance payout || Reinsurance: pooling many small risks and selling slices to big capital"
A06,B07,C05,1,3,3,"Mandatory e-invoicing / real-time VAT reporting (ViDA, 2030; national earlier) || Farmers lose crops to heat/drought with slow or no insurance payout || Air-traffic control: live deconfliction of many actors in shared space"
A06,B07,C06,1,3,3,"Mandatory e-invoicing / real-time VAT reporting (ViDA, 2030; national earlier) || Farmers lose crops to heat/drought with slow or no insurance payout || Spotify royalties: tiny usage events settled into automatic payouts"
A06,B07,C07,1,3,3,"Mandatory e-invoicing / real-time VAT reporting (ViDA, 2030; national earlier) || Farmers lose crops to heat/drought with slow or no insurance payout || Carfax-style history report built from many third-party events"
A06,B07,C08,1,2,2,"Mandatory e-invoicing / real-time VAT reporting (ViDA, 2030; national earlier) || Farmers lose crops to heat/drought with slow or no insurance payout || Ant colony / stigmergy: coordination through traces left in the environment"
A06,B07,C09,0,3,0,"Mandatory e-invoicing / real-time VAT reporting (ViDA, 2030; national earlier) || Farmers lose crops to heat/drought with slow or no insurance payout || Clinical triage: route cases by urgency with a short standard question set"
A06,B07,C10,1,3,3,"Mandatory e-invoicing / real-time VAT reporting (ViDA, 2030; national earlier) || Farmers lose crops to heat/drought with slow or no insurance payout || Futures market: sell next season's output today to lock a price"
A06,B07,C11,1,3,3,"Mandatory e-invoicing / real-time VAT reporting (ViDA, 2030; national earlier) || Farmers lose crops to heat/drought with slow or no insurance payout || Container shipping standard (TEU): one box fits every ship, truck, crane"
A06,B07,C12,1,3,3,"Mandatory e-invoicing / real-time VAT reporting (ViDA, 2030; national earlier) || Farmers lose crops to heat/drought with slow or no insurance payout || Speedrun/leaderboard gaming: public live competition drives behaviour"
A06,B07,C13,0,3,0,"Mandatory e-invoicing / real-time VAT reporting (ViDA, 2030; national earlier) || Farmers lose crops to heat/drought with slow or no insurance payout || Tontine / rotating savings club (ROSCA): members fund each other in turn"
A06,B07,C14,1,3,3,"Mandatory e-invoicing / real-time VAT reporting (ViDA, 2030; national earlier) || Farmers lose crops to heat/drought with slow or no insurance payout || Prediction market: price aggregates dispersed knowledge into a probability"
A06,B07,C15,1,3,3,"Mandatory e-invoicing / real-time VAT reporting (ViDA, 2030; national earlier) || Farmers lose crops to heat/drought with slow or no insurance payout || Pharmacovigilance: tiny signals from many reports detect rare problems early"
A06,B08,C01,1,3,3,"Mandatory e-invoicing / real-time VAT reporting (ViDA, 2030; national earlier) || Food waste: ~130 kg per EU citizen/year, retail+hospitality large share || Airline yield management: price changes by demand minute to minute"
A06,B08,C02,1,3,3,"Mandatory e-invoicing / real-time VAT reporting (ViDA, 2030; national earlier) || Food waste: ~130 kg per EU citizen/year, retail+hospitality large share || Chess/Elo rating: ranking from pairwise outcomes, no absolute measure needed"
A06,B08,C03,2,3,6,"Mandatory e-invoicing / real-time VAT reporting (ViDA, 2030; national earlier) || Food waste: ~130 kg per EU citizen/year, retail+hospitality large share || Blood-bank / organ matching: time-critical allocation of scarce perishable supply"
A06,B08,C04,0,3,0,"Mandatory e-invoicing / real-time VAT reporting (ViDA, 2030; national earlier) || Food waste: ~130 kg per EU citizen/year, retail+hospitality large share || Reinsurance: pooling many small risks and selling slices to big capital"
A06,B08,C05,1,3,3,"Mandatory e-invoicing / real-time VAT reporting (ViDA, 2030; national earlier) || Food waste: ~130 kg per EU citizen/year, retail+hospitality large share || Air-traffic control: live deconfliction of many actors in shared space"
A06,B08,C06,1,3,3,"Mandatory e-invoicing / real-time VAT reporting (ViDA, 2030; national earlier) || Food waste: ~130 kg per EU citizen/year, retail+hospitality large share || Spotify royalties: tiny usage events settled into automatic payouts"
A06,B08,C07,2,3,6,"Mandatory e-invoicing / real-time VAT reporting (ViDA, 2030; national earlier) || Food waste: ~130 kg per EU citizen/year, retail+hospitality large share || Carfax-style history report built from many third-party events"
A06,B08,C08,1,3,3,"Mandatory e-invoicing / real-time VAT reporting (ViDA, 2030; national earlier) || Food waste: ~130 kg per EU citizen/year, retail+hospitality large share || Ant colony / stigmergy: coordination through traces left in the environment"
A06,B08,C09,0,3,0,"Mandatory e-invoicing / real-time VAT reporting (ViDA, 2030; national earlier) || Food waste: ~130 kg per EU citizen/year, retail+hospitality large share || Clinical triage: route cases by urgency with a short standard question set"
A06,B08,C10,0,3,0,"Mandatory e-invoicing / real-time VAT reporting (ViDA, 2030; national earlier) || Food waste: ~130 kg per EU citizen/year, retail+hospitality large share || Futures market: sell next season's output today to lock a price"
A06,B08,C11,1,3,3,"Mandatory e-invoicing / real-time VAT reporting (ViDA, 2030; national earlier) || Food waste: ~130 kg per EU citizen/year, retail+hospitality large share || Container shipping standard (TEU): one box fits every ship, truck, crane"
A06,B08,C12,2,3,6,"Mandatory e-invoicing / real-time VAT reporting (ViDA, 2030; national earlier) || Food waste: ~130 kg per EU citizen/year, retail+hospitality large share || Speedrun/leaderboard gaming: public live competition drives behaviour"
A06,B08,C13,0,3,0,"Mandatory e-invoicing / real-time VAT reporting (ViDA, 2030; national earlier) || Food waste: ~130 kg per EU citizen/year, retail+hospitality large share || Tontine / rotating savings club (ROSCA): members fund each other in turn"
A06,B08,C14,1,3,3,"Mandatory e-invoicing / real-time VAT reporting (ViDA, 2030; national earlier) || Food waste: ~130 kg per EU citizen/year, retail+hospitality large share || Prediction market: price aggregates dispersed knowledge into a probability"
A06,B08,C15,1,3,3,"Mandatory e-invoicing / real-time VAT reporting (ViDA, 2030; national earlier) || Food waste: ~130 kg per EU citizen/year, retail+hospitality large share || Pharmacovigilance: tiny signals from many reports detect rare problems early"
A06,B09,C01,3,3,9,"Mandatory e-invoicing / real-time VAT reporting (ViDA, 2030; national earlier) || Island grid curtailment: Cyprus wastes solar output at midday (no interconnector) || Airline yield management: price changes by demand minute to minute"
A06,B09,C02,2,3,6,"Mandatory e-invoicing / real-time VAT reporting (ViDA, 2030; national earlier) || Island grid curtailment: Cyprus wastes solar output at midday (no interconnector) || Chess/Elo rating: ranking from pairwise outcomes, no absolute measure needed"
A06,B09,C03,3,3,9,"Mandatory e-invoicing / real-time VAT reporting (ViDA, 2030; national earlier) || Island grid curtailment: Cyprus wastes solar output at midday (no interconnector) || Blood-bank / organ matching: time-critical allocation of scarce perishable supply"
A06,B09,C04,1,3,3,"Mandatory e-invoicing / real-time VAT reporting (ViDA, 2030; national earlier) || Island grid curtailment: Cyprus wastes solar output at midday (no interconnector) || Reinsurance: pooling many small risks and selling slices to big capital"
A06,B09,C05,4,3,12,"Mandatory e-invoicing / real-time VAT reporting (ViDA, 2030; national earlier) || Island grid curtailment: Cyprus wastes solar output at midday (no interconnector) || Air-traffic control: live deconfliction of many actors in shared space"
A06,B09,C06,2,3,6,"Mandatory e-invoicing / real-time VAT reporting (ViDA, 2030; national earlier) || Island grid curtailment: Cyprus wastes solar output at midday (no interconnector) || Spotify royalties: tiny usage events settled into automatic payouts"
A06,B09,C07,2,3,6,"Mandatory e-invoicing / real-time VAT reporting (ViDA, 2030; national earlier) || Island grid curtailment: Cyprus wastes solar output at midday (no interconnector) || Carfax-style history report built from many third-party events"
A06,B09,C08,4,3,12,"Mandatory e-invoicing / real-time VAT reporting (ViDA, 2030; national earlier) || Island grid curtailment: Cyprus wastes solar output at midday (no interconnector) || Ant colony / stigmergy: coordination through traces left in the environment"
A06,B09,C09,1,3,3,"Mandatory e-invoicing / real-time VAT reporting (ViDA, 2030; national earlier) || Island grid curtailment: Cyprus wastes solar output at midday (no interconnector) || Clinical triage: route cases by urgency with a short standard question set"
A06,B09,C10,1,3,3,"Mandatory e-invoicing / real-time VAT reporting (ViDA, 2030; national earlier) || Island grid curtailment: Cyprus wastes solar output at midday (no interconnector) || Futures market: sell next season's output today to lock a price"
A06,B09,C11,2,3,6,"Mandatory e-invoicing / real-time VAT reporting (ViDA, 2030; national earlier) || Island grid curtailment: Cyprus wastes solar output at midday (no interconnector) || Container shipping standard (TEU): one box fits every ship, truck, crane"
A06,B09,C12,3,3,9,"Mandatory e-invoicing / real-time VAT reporting (ViDA, 2030; national earlier) || Island grid curtailment: Cyprus wastes solar output at midday (no interconnector) || Speedrun/leaderboard gaming: public live competition drives behaviour"
A06,B09,C13,1,3,3,"Mandatory e-invoicing / real-time VAT reporting (ViDA, 2030; national earlier) || Island grid curtailment: Cyprus wastes solar output at midday (no interconnector) || Tontine / rotating savings club (ROSCA): members fund each other in turn"
A06,B09,C14,2,3,6,"Mandatory e-invoicing / real-time VAT reporting (ViDA, 2030; national earlier) || Island grid curtailment: Cyprus wastes solar output at midday (no interconnector) || Prediction market: price aggregates dispersed knowledge into a probability"
A06,B09,C15,2,3,6,"Mandatory e-invoicing / real-time VAT reporting (ViDA, 2030; national earlier) || Island grid curtailment: Cyprus wastes solar output at midday (no interconnector) || Pharmacovigilance: tiny signals from many reports detect rare problems early"
A06,B10,C01,2,3,6,"Mandatory e-invoicing / real-time VAT reporting (ViDA, 2030; national earlier) || SMEs can't get credit: thin files, no collateral (SAFE survey) || Airline yield management: price changes by demand minute to minute"
A06,B10,C02,4,3,12,"Mandatory e-invoicing / real-time VAT reporting (ViDA, 2030; national earlier) || SMEs can't get credit: thin files, no collateral (SAFE survey) || Chess/Elo rating: ranking from pairwise outcomes, no absolute measure needed"
A06,B10,C03,2,3,6,"Mandatory e-invoicing / real-time VAT reporting (ViDA, 2030; national earlier) || SMEs can't get credit: thin files, no collateral (SAFE survey) || Blood-bank / organ matching: time-critical allocation of scarce perishable supply"
A06,B10,C04,2,2,4,"Mandatory e-invoicing / real-time VAT reporting (ViDA, 2030; national earlier) || SMEs can't get credit: thin files, no collateral (SAFE survey) || Reinsurance: pooling many small risks and selling slices to big capital"
A06,B10,C05,2,3,6,"Mandatory e-invoicing / real-time VAT reporting (ViDA, 2030; national earlier) || SMEs can't get credit: thin files, no collateral (SAFE survey) || Air-traffic control: live deconfliction of many actors in shared space"
A06,B10,C06,3,3,9,"Mandatory e-invoicing / real-time VAT reporting (ViDA, 2030; national earlier) || SMEs can't get credit: thin files, no collateral (SAFE survey) || Spotify royalties: tiny usage events settled into automatic payouts"
A06,B10,C07,3,3,9,"Mandatory e-invoicing / real-time VAT reporting (ViDA, 2030; national earlier) || SMEs can't get credit: thin files, no collateral (SAFE survey) || Carfax-style history report built from many third-party events"
A06,B10,C08,2,3,6,"Mandatory e-invoicing / real-time VAT reporting (ViDA, 2030; national earlier) || SMEs can't get credit: thin files, no collateral (SAFE survey) || Ant colony / stigmergy: coordination through traces left in the environment"
A06,B10,C09,1,3,3,"Mandatory e-invoicing / real-time VAT reporting (ViDA, 2030; national earlier) || SMEs can't get credit: thin files, no collateral (SAFE survey) || Clinical triage: route cases by urgency with a short standard question set"
A06,B10,C10,1,2,2,"Mandatory e-invoicing / real-time VAT reporting (ViDA, 2030; national earlier) || SMEs can't get credit: thin files, no collateral (SAFE survey) || Futures market: sell next season's output today to lock a price"
A06,B10,C11,3,3,9,"Mandatory e-invoicing / real-time VAT reporting (ViDA, 2030; national earlier) || SMEs can't get credit: thin files, no collateral (SAFE survey) || Container shipping standard (TEU): one box fits every ship, truck, crane"
A06,B10,C12,2,3,6,"Mandatory e-invoicing / real-time VAT reporting (ViDA, 2030; national earlier) || SMEs can't get credit: thin files, no collateral (SAFE survey) || Speedrun/leaderboard gaming: public live competition drives behaviour"
A06,B10,C13,2,2,4,"Mandatory e-invoicing / real-time VAT reporting (ViDA, 2030; national earlier) || SMEs can't get credit: thin files, no collateral (SAFE survey) || Tontine / rotating savings club (ROSCA): members fund each other in turn"
A06,B10,C14,3,2,6,"Mandatory e-invoicing / real-time VAT reporting (ViDA, 2030; national earlier) || SMEs can't get credit: thin files, no collateral (SAFE survey) || Prediction market: price aggregates dispersed knowledge into a probability"
A06,B10,C15,3,3,9,"Mandatory e-invoicing / real-time VAT reporting (ViDA, 2030; national earlier) || SMEs can't get credit: thin files, no collateral (SAFE survey) || Pharmacovigilance: tiny signals from many reports detect rare problems early"
A06,B11,C01,2,3,6,"Mandatory e-invoicing / real-time VAT reporting (ViDA, 2030; national earlier) || Used goods and repairs lack trusted history, so resale value collapses || Airline yield management: price changes by demand minute to minute"
A06,B11,C02,3,3,9,"Mandatory e-invoicing / real-time VAT reporting (ViDA, 2030; national earlier) || Used goods and repairs lack trusted history, so resale value collapses || Chess/Elo rating: ranking from pairwise outcomes, no absolute measure needed"
A06,B11,C03,3,3,9,"Mandatory e-invoicing / real-time VAT reporting (ViDA, 2030; national earlier) || Used goods and repairs lack trusted history, so resale value collapses || Blood-bank / organ matching: time-critical allocation of scarce perishable supply"
A06,B11,C04,1,3,3,"Mandatory e-invoicing / real-time VAT reporting (ViDA, 2030; national earlier) || Used goods and repairs lack trusted history, so resale value collapses || Reinsurance: pooling many small risks and selling slices to big capital"
A06,B11,C05,2,3,6,"Mandatory e-invoicing / real-time VAT reporting (ViDA, 2030; national earlier) || Used goods and repairs lack trusted history, so resale value collapses || Air-traffic control: live deconfliction of many actors in shared space"
A06,B11,C06,3,3,9,"Mandatory e-invoicing / real-time VAT reporting (ViDA, 2030; national earlier) || Used goods and repairs lack trusted history, so resale value collapses || Spotify royalties: tiny usage events settled into automatic payouts"
A06,B11,C07,4,3,12,"Mandatory e-invoicing / real-time VAT reporting (ViDA, 2030; national earlier) || Used goods and repairs lack trusted history, so resale value collapses || Carfax-style history report built from many third-party events"
A06,B11,C08,2,3,6,"Mandatory e-invoicing / real-time VAT reporting (ViDA, 2030; national earlier) || Used goods and repairs lack trusted history, so resale value collapses || Ant colony / stigmergy: coordination through traces left in the environment"
A06,B11,C09,1,3,3,"Mandatory e-invoicing / real-time VAT reporting (ViDA, 2030; national earlier) || Used goods and repairs lack trusted history, so resale value collapses || Clinical triage: route cases by urgency with a short standard question set"
A06,B11,C10,1,3,3,"Mandatory e-invoicing / real-time VAT reporting (ViDA, 2030; national earlier) || Used goods and repairs lack trusted history, so resale value collapses || Futures market: sell next season's output today to lock a price"
A06,B11,C11,4,3,12,"Mandatory e-invoicing / real-time VAT reporting (ViDA, 2030; national earlier) || Used goods and repairs lack trusted history, so resale value collapses || Container shipping standard (TEU): one box fits every ship, truck, crane"
A06,B11,C12,2,3,6,"Mandatory e-invoicing / real-time VAT reporting (ViDA, 2030; national earlier) || Used goods and repairs lack trusted history, so resale value collapses || Speedrun/leaderboard gaming: public live competition drives behaviour"
A06,B11,C13,1,3,3,"Mandatory e-invoicing / real-time VAT reporting (ViDA, 2030; national earlier) || Used goods and repairs lack trusted history, so resale value collapses || Tontine / rotating savings club (ROSCA): members fund each other in turn"
A06,B11,C14,3,3,9,"Mandatory e-invoicing / real-time VAT reporting (ViDA, 2030; national earlier) || Used goods and repairs lack trusted history, so resale value collapses || Prediction market: price aggregates dispersed knowledge into a probability"
A06,B11,C15,3,3,9,"Mandatory e-invoicing / real-time VAT reporting (ViDA, 2030; national earlier) || Used goods and repairs lack trusted history, so resale value collapses || Pharmacovigilance: tiny signals from many reports detect rare problems early"
A06,B12,C01,4,3,12,"Mandatory e-invoicing / real-time VAT reporting (ViDA, 2030; national earlier) || Staff shortages in hospitality/care; workers paid late, shifts unfilled || Airline yield management: price changes by demand minute to minute"
A06,B12,C02,2,3,6,"Mandatory e-invoicing / real-time VAT reporting (ViDA, 2030; national earlier) || Staff shortages in hospitality/care; workers paid late, shifts unfilled || Chess/Elo rating: ranking from pairwise outcomes, no absolute measure needed"
A06,B12,C03,3,3,9,"Mandatory e-invoicing / real-time VAT reporting (ViDA, 2030; national earlier) || Staff shortages in hospitality/care; workers paid late, shifts unfilled || Blood-bank / organ matching: time-critical allocation of scarce perishable supply"
A06,B12,C04,1,3,3,"Mandatory e-invoicing / real-time VAT reporting (ViDA, 2030; national earlier) || Staff shortages in hospitality/care; workers paid late, shifts unfilled || Reinsurance: pooling many small risks and selling slices to big capital"
A06,B12,C05,3,3,9,"Mandatory e-invoicing / real-time VAT reporting (ViDA, 2030; national earlier) || Staff shortages in hospitality/care; workers paid late, shifts unfilled || Air-traffic control: live deconfliction of many actors in shared space"
A06,B12,C06,3,3,9,"Mandatory e-invoicing / real-time VAT reporting (ViDA, 2030; national earlier) || Staff shortages in hospitality/care; workers paid late, shifts unfilled || Spotify royalties: tiny usage events settled into automatic payouts"
A06,B12,C07,2,3,6,"Mandatory e-invoicing / real-time VAT reporting (ViDA, 2030; national earlier) || Staff shortages in hospitality/care; workers paid late, shifts unfilled || Carfax-style history report built from many third-party events"
A06,B12,C08,3,3,9,"Mandatory e-invoicing / real-time VAT reporting (ViDA, 2030; national earlier) || Staff shortages in hospitality/care; workers paid late, shifts unfilled || Ant colony / stigmergy: coordination through traces left in the environment"
A06,B12,C09,2,3,6,"Mandatory e-invoicing / real-time VAT reporting (ViDA, 2030; national earlier) || Staff shortages in hospitality/care; workers paid late, shifts unfilled || Clinical triage: route cases by urgency with a short standard question set"
A06,B12,C10,2,3,6,"Mandatory e-invoicing / real-time VAT reporting (ViDA, 2030; national earlier) || Staff shortages in hospitality/care; workers paid late, shifts unfilled || Futures market: sell next season's output today to lock a price"
A06,B12,C11,2,3,6,"Mandatory e-invoicing / real-time VAT reporting (ViDA, 2030; national earlier) || Staff shortages in hospitality/care; workers paid late, shifts unfilled || Container shipping standard (TEU): one box fits every ship, truck, crane"
A06,B12,C12,3,3,9,"Mandatory e-invoicing / real-time VAT reporting (ViDA, 2030; national earlier) || Staff shortages in hospitality/care; workers paid late, shifts unfilled || Speedrun/leaderboard gaming: public live competition drives behaviour"
A06,B12,C13,2,3,6,"Mandatory e-invoicing / real-time VAT reporting (ViDA, 2030; national earlier) || Staff shortages in hospitality/care; workers paid late, shifts unfilled || Tontine / rotating savings club (ROSCA): members fund each other in turn"
A06,B12,C14,3,3,9,"Mandatory e-invoicing / real-time VAT reporting (ViDA, 2030; national earlier) || Staff shortages in hospitality/care; workers paid late, shifts unfilled || Prediction market: price aggregates dispersed knowledge into a probability"
A06,B12,C15,3,3,9,"Mandatory e-invoicing / real-time VAT reporting (ViDA, 2030; national earlier) || Staff shortages in hospitality/care; workers paid late, shifts unfilled || Pharmacovigilance: tiny signals from many reports detect rare problems early"
A06,B13,C01,1,2,2,"Mandatory e-invoicing / real-time VAT reporting (ViDA, 2030; national earlier) || Grant and subsidy money goes unclaimed; SMEs don't know or can't apply || Airline yield management: price changes by demand minute to minute"
A06,B13,C02,2,2,4,"Mandatory e-invoicing / real-time VAT reporting (ViDA, 2030; national earlier) || Grant and subsidy money goes unclaimed; SMEs don't know or can't apply || Chess/Elo rating: ranking from pairwise outcomes, no absolute measure needed"
A06,B13,C03,1,2,2,"Mandatory e-invoicing / real-time VAT reporting (ViDA, 2030; national earlier) || Grant and subsidy money goes unclaimed; SMEs don't know or can't apply || Blood-bank / organ matching: time-critical allocation of scarce perishable supply"
A06,B13,C04,0,2,0,"Mandatory e-invoicing / real-time VAT reporting (ViDA, 2030; national earlier) || Grant and subsidy money goes unclaimed; SMEs don't know or can't apply || Reinsurance: pooling many small risks and selling slices to big capital"
A06,B13,C05,1,2,2,"Mandatory e-invoicing / real-time VAT reporting (ViDA, 2030; national earlier) || Grant and subsidy money goes unclaimed; SMEs don't know or can't apply || Air-traffic control: live deconfliction of many actors in shared space"
A06,B13,C06,1,2,2,"Mandatory e-invoicing / real-time VAT reporting (ViDA, 2030; national earlier) || Grant and subsidy money goes unclaimed; SMEs don't know or can't apply || Spotify royalties: tiny usage events settled into automatic payouts"
A06,B13,C07,1,2,2,"Mandatory e-invoicing / real-time VAT reporting (ViDA, 2030; national earlier) || Grant and subsidy money goes unclaimed; SMEs don't know or can't apply || Carfax-style history report built from many third-party events"
A06,B13,C08,1,2,2,"Mandatory e-invoicing / real-time VAT reporting (ViDA, 2030; national earlier) || Grant and subsidy money goes unclaimed; SMEs don't know or can't apply || Ant colony / stigmergy: coordination through traces left in the environment"
A06,B13,C09,1,2,2,"Mandatory e-invoicing / real-time VAT reporting (ViDA, 2030; national earlier) || Grant and subsidy money goes unclaimed; SMEs don't know or can't apply || Clinical triage: route cases by urgency with a short standard question set"
A06,B13,C10,0,2,0,"Mandatory e-invoicing / real-time VAT reporting (ViDA, 2030; national earlier) || Grant and subsidy money goes unclaimed; SMEs don't know or can't apply || Futures market: sell next season's output today to lock a price"
A06,B13,C11,2,2,4,"Mandatory e-invoicing / real-time VAT reporting (ViDA, 2030; national earlier) || Grant and subsidy money goes unclaimed; SMEs don't know or can't apply || Container shipping standard (TEU): one box fits every ship, truck, crane"
A06,B13,C12,1,2,2,"Mandatory e-invoicing / real-time VAT reporting (ViDA, 2030; national earlier) || Grant and subsidy money goes unclaimed; SMEs don't know or can't apply || Speedrun/leaderboard gaming: public live competition drives behaviour"
A06,B13,C13,0,2,0,"Mandatory e-invoicing / real-time VAT reporting (ViDA, 2030; national earlier) || Grant and subsidy money goes unclaimed; SMEs don't know or can't apply || Tontine / rotating savings club (ROSCA): members fund each other in turn"
A06,B13,C14,1,2,2,"Mandatory e-invoicing / real-time VAT reporting (ViDA, 2030; national earlier) || Grant and subsidy money goes unclaimed; SMEs don't know or can't apply || Prediction market: price aggregates dispersed knowledge into a probability"
A06,B13,C15,1,2,2,"Mandatory e-invoicing / real-time VAT reporting (ViDA, 2030; national earlier) || Grant and subsidy money goes unclaimed; SMEs don't know or can't apply || Pharmacovigilance: tiny signals from many reports detect rare problems early"
A06,B14,C01,1,3,3,"Mandatory e-invoicing / real-time VAT reporting (ViDA, 2030; national earlier) || Heatwaves: buildings overheat, elderly and workers at risk (Cyprus 45C+) || Airline yield management: price changes by demand minute to minute"
A06,B14,C02,1,3,3,"Mandatory e-invoicing / real-time VAT reporting (ViDA, 2030; national earlier) || Heatwaves: buildings overheat, elderly and workers at risk (Cyprus 45C+) || Chess/Elo rating: ranking from pairwise outcomes, no absolute measure needed"
A06,B14,C03,1,2,2,"Mandatory e-invoicing / real-time VAT reporting (ViDA, 2030; national earlier) || Heatwaves: buildings overheat, elderly and workers at risk (Cyprus 45C+) || Blood-bank / organ matching: time-critical allocation of scarce perishable supply"
A06,B14,C04,1,3,3,"Mandatory e-invoicing / real-time VAT reporting (ViDA, 2030; national earlier) || Heatwaves: buildings overheat, elderly and workers at risk (Cyprus 45C+) || Reinsurance: pooling many small risks and selling slices to big capital"
A06,B14,C05,2,3,6,"Mandatory e-invoicing / real-time VAT reporting (ViDA, 2030; national earlier) || Heatwaves: buildings overheat, elderly and workers at risk (Cyprus 45C+) || Air-traffic control: live deconfliction of many actors in shared space"
A06,B14,C06,1,3,3,"Mandatory e-invoicing / real-time VAT reporting (ViDA, 2030; national earlier) || Heatwaves: buildings overheat, elderly and workers at risk (Cyprus 45C+) || Spotify royalties: tiny usage events settled into automatic payouts"
A06,B14,C07,1,3,3,"Mandatory e-invoicing / real-time VAT reporting (ViDA, 2030; national earlier) || Heatwaves: buildings overheat, elderly and workers at risk (Cyprus 45C+) || Carfax-style history report built from many third-party events"
A06,B14,C08,2,3,6,"Mandatory e-invoicing / real-time VAT reporting (ViDA, 2030; national earlier) || Heatwaves: buildings overheat, elderly and workers at risk (Cyprus 45C+) || Ant colony / stigmergy: coordination through traces left in the environment"
A06,B14,C09,0,2,0,"Mandatory e-invoicing / real-time VAT reporting (ViDA, 2030; national earlier) || Heatwaves: buildings overheat, elderly and workers at risk (Cyprus 45C+) || Clinical triage: route cases by urgency with a short standard question set"
A06,B14,C10,0,3,0,"Mandatory e-invoicing / real-time VAT reporting (ViDA, 2030; national earlier) || Heatwaves: buildings overheat, elderly and workers at risk (Cyprus 45C+) || Futures market: sell next season's output today to lock a price"
A06,B14,C11,1,3,3,"Mandatory e-invoicing / real-time VAT reporting (ViDA, 2030; national earlier) || Heatwaves: buildings overheat, elderly and workers at risk (Cyprus 45C+) || Container shipping standard (TEU): one box fits every ship, truck, crane"
A06,B14,C12,1,3,3,"Mandatory e-invoicing / real-time VAT reporting (ViDA, 2030; national earlier) || Heatwaves: buildings overheat, elderly and workers at risk (Cyprus 45C+) || Speedrun/leaderboard gaming: public live competition drives behaviour"
A06,B14,C13,0,3,0,"Mandatory e-invoicing / real-time VAT reporting (ViDA, 2030; national earlier) || Heatwaves: buildings overheat, elderly and workers at risk (Cyprus 45C+) || Tontine / rotating savings club (ROSCA): members fund each other in turn"
A06,B14,C14,1,3,3,"Mandatory e-invoicing / real-time VAT reporting (ViDA, 2030; national earlier) || Heatwaves: buildings overheat, elderly and workers at risk (Cyprus 45C+) || Prediction market: price aggregates dispersed knowledge into a probability"
A06,B14,C15,1,2,2,"Mandatory e-invoicing / real-time VAT reporting (ViDA, 2030; national earlier) || Heatwaves: buildings overheat, elderly and workers at risk (Cyprus 45C+) || Pharmacovigilance: tiny signals from many reports detect rare problems early"
A06,B15,C01,1,3,3,"Mandatory e-invoicing / real-time VAT reporting (ViDA, 2030; national earlier) || Property and utility disputes between landlords and tenants over shared costs || Airline yield management: price changes by demand minute to minute"
A06,B15,C02,1,3,3,"Mandatory e-invoicing / real-time VAT reporting (ViDA, 2030; national earlier) || Property and utility disputes between landlords and tenants over shared costs || Chess/Elo rating: ranking from pairwise outcomes, no absolute measure needed"
A06,B15,C03,1,3,3,"Mandatory e-invoicing / real-time VAT reporting (ViDA, 2030; national earlier) || Property and utility disputes between landlords and tenants over shared costs || Blood-bank / organ matching: time-critical allocation of scarce perishable supply"
A06,B15,C04,0,3,0,"Mandatory e-invoicing / real-time VAT reporting (ViDA, 2030; national earlier) || Property and utility disputes between landlords and tenants over shared costs || Reinsurance: pooling many small risks and selling slices to big capital"
A06,B15,C05,1,3,3,"Mandatory e-invoicing / real-time VAT reporting (ViDA, 2030; national earlier) || Property and utility disputes between landlords and tenants over shared costs || Air-traffic control: live deconfliction of many actors in shared space"
A06,B15,C06,1,3,3,"Mandatory e-invoicing / real-time VAT reporting (ViDA, 2030; national earlier) || Property and utility disputes between landlords and tenants over shared costs || Spotify royalties: tiny usage events settled into automatic payouts"
A06,B15,C07,1,3,3,"Mandatory e-invoicing / real-time VAT reporting (ViDA, 2030; national earlier) || Property and utility disputes between landlords and tenants over shared costs || Carfax-style history report built from many third-party events"
A06,B15,C08,1,3,3,"Mandatory e-invoicing / real-time VAT reporting (ViDA, 2030; national earlier) || Property and utility disputes between landlords and tenants over shared costs || Ant colony / stigmergy: coordination through traces left in the environment"
A06,B15,C09,0,3,0,"Mandatory e-invoicing / real-time VAT reporting (ViDA, 2030; national earlier) || Property and utility disputes between landlords and tenants over shared costs || Clinical triage: route cases by urgency with a short standard question set"
A06,B15,C10,1,3,3,"Mandatory e-invoicing / real-time VAT reporting (ViDA, 2030; national earlier) || Property and utility disputes between landlords and tenants over shared costs || Futures market: sell next season's output today to lock a price"
A06,B15,C11,1,3,3,"Mandatory e-invoicing / real-time VAT reporting (ViDA, 2030; national earlier) || Property and utility disputes between landlords and tenants over shared costs || Container shipping standard (TEU): one box fits every ship, truck, crane"
A06,B15,C12,1,3,3,"Mandatory e-invoicing / real-time VAT reporting (ViDA, 2030; national earlier) || Property and utility disputes between landlords and tenants over shared costs || Speedrun/leaderboard gaming: public live competition drives behaviour"
A06,B15,C13,1,3,3,"Mandatory e-invoicing / real-time VAT reporting (ViDA, 2030; national earlier) || Property and utility disputes between landlords and tenants over shared costs || Tontine / rotating savings club (ROSCA): members fund each other in turn"
A06,B15,C14,1,3,3,"Mandatory e-invoicing / real-time VAT reporting (ViDA, 2030; national earlier) || Property and utility disputes between landlords and tenants over shared costs || Prediction market: price aggregates dispersed knowledge into a probability"
A06,B15,C15,1,3,3,"Mandatory e-invoicing / real-time VAT reporting (ViDA, 2030; national earlier) || Property and utility disputes between landlords and tenants over shared costs || Pharmacovigilance: tiny signals from many reports detect rare problems early"
A07,B01,C01,2,3,6,Open finance data access (FiDA proposal) beyond payment accounts || SMEs answer many differently-worded sustainability requests from banks/customers || Airline yield management: price changes by demand minute to minute
A07,B01,C02,5,3,15,"Open finance data access (FiDA proposal) beyond payment accounts || SMEs answer many differently-worded sustainability requests from banks/customers || Chess/Elo rating: ranking from pairwise outcomes, no absolute measure needed"
A07,B01,C03,2,3,6,Open finance data access (FiDA proposal) beyond payment accounts || SMEs answer many differently-worded sustainability requests from banks/customers || Blood-bank / organ matching: time-critical allocation of scarce perishable supply
A07,B01,C04,4,2,8,Open finance data access (FiDA proposal) beyond payment accounts || SMEs answer many differently-worded sustainability requests from banks/customers || Reinsurance: pooling many small risks and selling slices to big capital
A07,B01,C05,2,3,6,Open finance data access (FiDA proposal) beyond payment accounts || SMEs answer many differently-worded sustainability requests from banks/customers || Air-traffic control: live deconfliction of many actors in shared space
A07,B01,C06,4,3,12,Open finance data access (FiDA proposal) beyond payment accounts || SMEs answer many differently-worded sustainability requests from banks/customers || Spotify royalties: tiny usage events settled into automatic payouts
A07,B01,C07,4,3,12,Open finance data access (FiDA proposal) beyond payment accounts || SMEs answer many differently-worded sustainability requests from banks/customers || Carfax-style history report built from many third-party events
A07,B01,C08,2,3,6,Open finance data access (FiDA proposal) beyond payment accounts || SMEs answer many differently-worded sustainability requests from banks/customers || Ant colony / stigmergy: coordination through traces left in the environment
A07,B01,C09,3,3,9,Open finance data access (FiDA proposal) beyond payment accounts || SMEs answer many differently-worded sustainability requests from banks/customers || Clinical triage: route cases by urgency with a short standard question set
A07,B01,C10,2,2,4,Open finance data access (FiDA proposal) beyond payment accounts || SMEs answer many differently-worded sustainability requests from banks/customers || Futures market: sell next season's output today to lock a price
A07,B01,C11,5,3,15,"Open finance data access (FiDA proposal) beyond payment accounts || SMEs answer many differently-worded sustainability requests from banks/customers || Container shipping standard (TEU): one box fits every ship, truck, crane"
A07,B01,C12,2,3,6,Open finance data access (FiDA proposal) beyond payment accounts || SMEs answer many differently-worded sustainability requests from banks/customers || Speedrun/leaderboard gaming: public live competition drives behaviour
A07,B01,C13,4,2,8,Open finance data access (FiDA proposal) beyond payment accounts || SMEs answer many differently-worded sustainability requests from banks/customers || Tontine / rotating savings club (ROSCA): members fund each other in turn
A07,B01,C14,4,2,8,Open finance data access (FiDA proposal) beyond payment accounts || SMEs answer many differently-worded sustainability requests from banks/customers || Prediction market: price aggregates dispersed knowledge into a probability
A07,B01,C15,4,3,12,Open finance data access (FiDA proposal) beyond payment accounts || SMEs answer many differently-worded sustainability requests from banks/customers || Pharmacovigilance: tiny signals from many reports detect rare problems early
A07,B02,C01,2,3,6,Open finance data access (FiDA proposal) beyond payment accounts || Energy cost is a major barrier for ~50% of EU firms; SMEs under-invest in efficiency || Airline yield management: price changes by demand minute to minute
A07,B02,C02,3,3,9,"Open finance data access (FiDA proposal) beyond payment accounts || Energy cost is a major barrier for ~50% of EU firms; SMEs under-invest in efficiency || Chess/Elo rating: ranking from pairwise outcomes, no absolute measure needed"
A07,B02,C03,1,3,3,Open finance data access (FiDA proposal) beyond payment accounts || Energy cost is a major barrier for ~50% of EU firms; SMEs under-invest in efficiency || Blood-bank / organ matching: time-critical allocation of scarce perishable supply
A07,B02,C04,3,2,6,Open finance data access (FiDA proposal) beyond payment accounts || Energy cost is a major barrier for ~50% of EU firms; SMEs under-invest in efficiency || Reinsurance: pooling many small risks and selling slices to big capital
A07,B02,C05,1,3,3,Open finance data access (FiDA proposal) beyond payment accounts || Energy cost is a major barrier for ~50% of EU firms; SMEs under-invest in efficiency || Air-traffic control: live deconfliction of many actors in shared space
A07,B02,C06,3,3,9,Open finance data access (FiDA proposal) beyond payment accounts || Energy cost is a major barrier for ~50% of EU firms; SMEs under-invest in efficiency || Spotify royalties: tiny usage events settled into automatic payouts
A07,B02,C07,2,3,6,Open finance data access (FiDA proposal) beyond payment accounts || Energy cost is a major barrier for ~50% of EU firms; SMEs under-invest in efficiency || Carfax-style history report built from many third-party events
A07,B02,C08,1,3,3,Open finance data access (FiDA proposal) beyond payment accounts || Energy cost is a major barrier for ~50% of EU firms; SMEs under-invest in efficiency || Ant colony / stigmergy: coordination through traces left in the environment
A07,B02,C09,1,3,3,Open finance data access (FiDA proposal) beyond payment accounts || Energy cost is a major barrier for ~50% of EU firms; SMEs under-invest in efficiency || Clinical triage: route cases by urgency with a short standard question set
A07,B02,C10,2,2,4,Open finance data access (FiDA proposal) beyond payment accounts || Energy cost is a major barrier for ~50% of EU firms; SMEs under-invest in efficiency || Futures market: sell next season's output today to lock a price
A07,B02,C11,2,3,6,"Open finance data access (FiDA proposal) beyond payment accounts || Energy cost is a major barrier for ~50% of EU firms; SMEs under-invest in efficiency || Container shipping standard (TEU): one box fits every ship, truck, crane"
A07,B02,C12,1,3,3,Open finance data access (FiDA proposal) beyond payment accounts || Energy cost is a major barrier for ~50% of EU firms; SMEs under-invest in efficiency || Speedrun/leaderboard gaming: public live competition drives behaviour
A07,B02,C13,4,2,8,Open finance data access (FiDA proposal) beyond payment accounts || Energy cost is a major barrier for ~50% of EU firms; SMEs under-invest in efficiency || Tontine / rotating savings club (ROSCA): members fund each other in turn
A07,B02,C14,3,2,6,Open finance data access (FiDA proposal) beyond payment accounts || Energy cost is a major barrier for ~50% of EU firms; SMEs under-invest in efficiency || Prediction market: price aggregates dispersed knowledge into a probability
A07,B02,C15,2,3,6,Open finance data access (FiDA proposal) beyond payment accounts || Energy cost is a major barrier for ~50% of EU firms; SMEs under-invest in efficiency || Pharmacovigilance: tiny signals from many reports detect rare problems early
A07,B03,C01,2,2,4,Open finance data access (FiDA proposal) beyond payment accounts || Late payment: ~50% of EU invoices paid late; SMEs hit hardest || Airline yield management: price changes by demand minute to minute
A07,B03,C02,3,2,6,"Open finance data access (FiDA proposal) beyond payment accounts || Late payment: ~50% of EU invoices paid late; SMEs hit hardest || Chess/Elo rating: ranking from pairwise outcomes, no absolute measure needed"
A07,B03,C03,1,2,2,Open finance data access (FiDA proposal) beyond payment accounts || Late payment: ~50% of EU invoices paid late; SMEs hit hardest || Blood-bank / organ matching: time-critical allocation of scarce perishable supply
A07,B03,C04,3,0,0,Open finance data access (FiDA proposal) beyond payment accounts || Late payment: ~50% of EU invoices paid late; SMEs hit hardest || Reinsurance: pooling many small risks and selling slices to big capital
A07,B03,C05,1,2,2,Open finance data access (FiDA proposal) beyond payment accounts || Late payment: ~50% of EU invoices paid late; SMEs hit hardest || Air-traffic control: live deconfliction of many actors in shared space
A07,B03,C06,3,2,6,Open finance data access (FiDA proposal) beyond payment accounts || Late payment: ~50% of EU invoices paid late; SMEs hit hardest || Spotify royalties: tiny usage events settled into automatic payouts
A07,B03,C07,2,2,4,Open finance data access (FiDA proposal) beyond payment accounts || Late payment: ~50% of EU invoices paid late; SMEs hit hardest || Carfax-style history report built from many third-party events
A07,B03,C08,1,2,2,Open finance data access (FiDA proposal) beyond payment accounts || Late payment: ~50% of EU invoices paid late; SMEs hit hardest || Ant colony / stigmergy: coordination through traces left in the environment
A07,B03,C09,1,2,2,Open finance data access (FiDA proposal) beyond payment accounts || Late payment: ~50% of EU invoices paid late; SMEs hit hardest || Clinical triage: route cases by urgency with a short standard question set
A07,B03,C10,2,0,0,Open finance data access (FiDA proposal) beyond payment accounts || Late payment: ~50% of EU invoices paid late; SMEs hit hardest || Futures market: sell next season's output today to lock a price
A07,B03,C11,2,2,4,"Open finance data access (FiDA proposal) beyond payment accounts || Late payment: ~50% of EU invoices paid late; SMEs hit hardest || Container shipping standard (TEU): one box fits every ship, truck, crane"
A07,B03,C12,1,2,2,Open finance data access (FiDA proposal) beyond payment accounts || Late payment: ~50% of EU invoices paid late; SMEs hit hardest || Speedrun/leaderboard gaming: public live competition drives behaviour
A07,B03,C13,4,0,0,Open finance data access (FiDA proposal) beyond payment accounts || Late payment: ~50% of EU invoices paid late; SMEs hit hardest || Tontine / rotating savings club (ROSCA): members fund each other in turn
A07,B03,C14,3,0,0,Open finance data access (FiDA proposal) beyond payment accounts || Late payment: ~50% of EU invoices paid late; SMEs hit hardest || Prediction market: price aggregates dispersed knowledge into a probability
A07,B03,C15,2,2,4,Open finance data access (FiDA proposal) beyond payment accounts || Late payment: ~50% of EU invoices paid late; SMEs hit hardest || Pharmacovigilance: tiny signals from many reports detect rare problems early
A07,B04,C01,0,3,0,"Open finance data access (FiDA proposal) beyond payment accounts || Cyprus water scarcity: desalination dependence, reservoirs below 20% (2025) || Airline yield management: price changes by demand minute to minute"
A07,B04,C02,2,3,6,"Open finance data access (FiDA proposal) beyond payment accounts || Cyprus water scarcity: desalination dependence, reservoirs below 20% (2025) || Chess/Elo rating: ranking from pairwise outcomes, no absolute measure needed"
A07,B04,C03,0,3,0,"Open finance data access (FiDA proposal) beyond payment accounts || Cyprus water scarcity: desalination dependence, reservoirs below 20% (2025) || Blood-bank / organ matching: time-critical allocation of scarce perishable supply"
A07,B04,C04,1,2,2,"Open finance data access (FiDA proposal) beyond payment accounts || Cyprus water scarcity: desalination dependence, reservoirs below 20% (2025) || Reinsurance: pooling many small risks and selling slices to big capital"
A07,B04,C05,1,3,3,"Open finance data access (FiDA proposal) beyond payment accounts || Cyprus water scarcity: desalination dependence, reservoirs below 20% (2025) || Air-traffic control: live deconfliction of many actors in shared space"
A07,B04,C06,1,3,3,"Open finance data access (FiDA proposal) beyond payment accounts || Cyprus water scarcity: desalination dependence, reservoirs below 20% (2025) || Spotify royalties: tiny usage events settled into automatic payouts"
A07,B04,C07,1,3,3,"Open finance data access (FiDA proposal) beyond payment accounts || Cyprus water scarcity: desalination dependence, reservoirs below 20% (2025) || Carfax-style history report built from many third-party events"
A07,B04,C08,1,3,3,"Open finance data access (FiDA proposal) beyond payment accounts || Cyprus water scarcity: desalination dependence, reservoirs below 20% (2025) || Ant colony / stigmergy: coordination through traces left in the environment"
A07,B04,C09,0,3,0,"Open finance data access (FiDA proposal) beyond payment accounts || Cyprus water scarcity: desalination dependence, reservoirs below 20% (2025) || Clinical triage: route cases by urgency with a short standard question set"
A07,B04,C10,1,2,2,"Open finance data access (FiDA proposal) beyond payment accounts || Cyprus water scarcity: desalination dependence, reservoirs below 20% (2025) || Futures market: sell next season's output today to lock a price"
A07,B04,C11,1,3,3,"Open finance data access (FiDA proposal) beyond payment accounts || Cyprus water scarcity: desalination dependence, reservoirs below 20% (2025) || Container shipping standard (TEU): one box fits every ship, truck, crane"
A07,B04,C12,0,3,0,"Open finance data access (FiDA proposal) beyond payment accounts || Cyprus water scarcity: desalination dependence, reservoirs below 20% (2025) || Speedrun/leaderboard gaming: public live competition drives behaviour"
A07,B04,C13,1,2,2,"Open finance data access (FiDA proposal) beyond payment accounts || Cyprus water scarcity: desalination dependence, reservoirs below 20% (2025) || Tontine / rotating savings club (ROSCA): members fund each other in turn"
A07,B04,C14,1,2,2,"Open finance data access (FiDA proposal) beyond payment accounts || Cyprus water scarcity: desalination dependence, reservoirs below 20% (2025) || Prediction market: price aggregates dispersed knowledge into a probability"
A07,B04,C15,1,3,3,"Open finance data access (FiDA proposal) beyond payment accounts || Cyprus water scarcity: desalination dependence, reservoirs below 20% (2025) || Pharmacovigilance: tiny signals from many reports detect rare problems early"
A07,B05,C01,2,3,6,Open finance data access (FiDA proposal) beyond payment accounts || Tourism seasonality: Cyprus hotels/staff idle half the year || Airline yield management: price changes by demand minute to minute
A07,B05,C02,2,3,6,"Open finance data access (FiDA proposal) beyond payment accounts || Tourism seasonality: Cyprus hotels/staff idle half the year || Chess/Elo rating: ranking from pairwise outcomes, no absolute measure needed"
A07,B05,C03,1,3,3,Open finance data access (FiDA proposal) beyond payment accounts || Tourism seasonality: Cyprus hotels/staff idle half the year || Blood-bank / organ matching: time-critical allocation of scarce perishable supply
A07,B05,C04,1,2,2,Open finance data access (FiDA proposal) beyond payment accounts || Tourism seasonality: Cyprus hotels/staff idle half the year || Reinsurance: pooling many small risks and selling slices to big capital
A07,B05,C05,1,3,3,Open finance data access (FiDA proposal) beyond payment accounts || Tourism seasonality: Cyprus hotels/staff idle half the year || Air-traffic control: live deconfliction of many actors in shared space
A07,B05,C06,2,3,6,Open finance data access (FiDA proposal) beyond payment accounts || Tourism seasonality: Cyprus hotels/staff idle half the year || Spotify royalties: tiny usage events settled into automatic payouts
A07,B05,C07,1,3,3,Open finance data access (FiDA proposal) beyond payment accounts || Tourism seasonality: Cyprus hotels/staff idle half the year || Carfax-style history report built from many third-party events
A07,B05,C08,1,3,3,Open finance data access (FiDA proposal) beyond payment accounts || Tourism seasonality: Cyprus hotels/staff idle half the year || Ant colony / stigmergy: coordination through traces left in the environment
A07,B05,C09,0,3,0,Open finance data access (FiDA proposal) beyond payment accounts || Tourism seasonality: Cyprus hotels/staff idle half the year || Clinical triage: route cases by urgency with a short standard question set
A07,B05,C10,1,2,2,Open finance data access (FiDA proposal) beyond payment accounts || Tourism seasonality: Cyprus hotels/staff idle half the year || Futures market: sell next season's output today to lock a price
A07,B05,C11,1,3,3,"Open finance data access (FiDA proposal) beyond payment accounts || Tourism seasonality: Cyprus hotels/staff idle half the year || Container shipping standard (TEU): one box fits every ship, truck, crane"
A07,B05,C12,2,3,6,Open finance data access (FiDA proposal) beyond payment accounts || Tourism seasonality: Cyprus hotels/staff idle half the year || Speedrun/leaderboard gaming: public live competition drives behaviour
A07,B05,C13,2,2,4,Open finance data access (FiDA proposal) beyond payment accounts || Tourism seasonality: Cyprus hotels/staff idle half the year || Tontine / rotating savings club (ROSCA): members fund each other in turn
A07,B05,C14,2,2,4,Open finance data access (FiDA proposal) beyond payment accounts || Tourism seasonality: Cyprus hotels/staff idle half the year || Prediction market: price aggregates dispersed knowledge into a probability
A07,B05,C15,1,3,3,Open finance data access (FiDA proposal) beyond payment accounts || Tourism seasonality: Cyprus hotels/staff idle half the year || Pharmacovigilance: tiny signals from many reports detect rare problems early
A07,B06,C01,0,3,0,Open finance data access (FiDA proposal) beyond payment accounts || Red tape: EU SMEs cite administrative burden as top obstacle (Eurobarometer 2023) || Airline yield management: price changes by demand minute to minute
A07,B06,C02,2,3,6,"Open finance data access (FiDA proposal) beyond payment accounts || Red tape: EU SMEs cite administrative burden as top obstacle (Eurobarometer 2023) || Chess/Elo rating: ranking from pairwise outcomes, no absolute measure needed"
A07,B06,C03,0,3,0,Open finance data access (FiDA proposal) beyond payment accounts || Red tape: EU SMEs cite administrative burden as top obstacle (Eurobarometer 2023) || Blood-bank / organ matching: time-critical allocation of scarce perishable supply
A07,B06,C04,1,2,2,Open finance data access (FiDA proposal) beyond payment accounts || Red tape: EU SMEs cite administrative burden as top obstacle (Eurobarometer 2023) || Reinsurance: pooling many small risks and selling slices to big capital
A07,B06,C05,0,3,0,Open finance data access (FiDA proposal) beyond payment accounts || Red tape: EU SMEs cite administrative burden as top obstacle (Eurobarometer 2023) || Air-traffic control: live deconfliction of many actors in shared space
A07,B06,C06,1,3,3,Open finance data access (FiDA proposal) beyond payment accounts || Red tape: EU SMEs cite administrative burden as top obstacle (Eurobarometer 2023) || Spotify royalties: tiny usage events settled into automatic payouts
A07,B06,C07,1,3,3,Open finance data access (FiDA proposal) beyond payment accounts || Red tape: EU SMEs cite administrative burden as top obstacle (Eurobarometer 2023) || Carfax-style history report built from many third-party events
A07,B06,C08,0,3,0,Open finance data access (FiDA proposal) beyond payment accounts || Red tape: EU SMEs cite administrative burden as top obstacle (Eurobarometer 2023) || Ant colony / stigmergy: coordination through traces left in the environment
A07,B06,C09,1,3,3,Open finance data access (FiDA proposal) beyond payment accounts || Red tape: EU SMEs cite administrative burden as top obstacle (Eurobarometer 2023) || Clinical triage: route cases by urgency with a short standard question set
A07,B06,C10,0,2,0,Open finance data access (FiDA proposal) beyond payment accounts || Red tape: EU SMEs cite administrative burden as top obstacle (Eurobarometer 2023) || Futures market: sell next season's output today to lock a price
A07,B06,C11,2,3,6,"Open finance data access (FiDA proposal) beyond payment accounts || Red tape: EU SMEs cite administrative burden as top obstacle (Eurobarometer 2023) || Container shipping standard (TEU): one box fits every ship, truck, crane"
A07,B06,C12,0,3,0,Open finance data access (FiDA proposal) beyond payment accounts || Red tape: EU SMEs cite administrative burden as top obstacle (Eurobarometer 2023) || Speedrun/leaderboard gaming: public live competition drives behaviour
A07,B06,C13,1,2,2,Open finance data access (FiDA proposal) beyond payment accounts || Red tape: EU SMEs cite administrative burden as top obstacle (Eurobarometer 2023) || Tontine / rotating savings club (ROSCA): members fund each other in turn
A07,B06,C14,1,2,2,Open finance data access (FiDA proposal) beyond payment accounts || Red tape: EU SMEs cite administrative burden as top obstacle (Eurobarometer 2023) || Prediction market: price aggregates dispersed knowledge into a probability
A07,B06,C15,1,3,3,Open finance data access (FiDA proposal) beyond payment accounts || Red tape: EU SMEs cite administrative burden as top obstacle (Eurobarometer 2023) || Pharmacovigilance: tiny signals from many reports detect rare problems early
A07,B07,C01,0,3,0,Open finance data access (FiDA proposal) beyond payment accounts || Farmers lose crops to heat/drought with slow or no insurance payout || Airline yield management: price changes by demand minute to minute
A07,B07,C02,2,3,6,"Open finance data access (FiDA proposal) beyond payment accounts || Farmers lose crops to heat/drought with slow or no insurance payout || Chess/Elo rating: ranking from pairwise outcomes, no absolute measure needed"
A07,B07,C03,0,3,0,Open finance data access (FiDA proposal) beyond payment accounts || Farmers lose crops to heat/drought with slow or no insurance payout || Blood-bank / organ matching: time-critical allocation of scarce perishable supply
A07,B07,C04,2,2,4,Open finance data access (FiDA proposal) beyond payment accounts || Farmers lose crops to heat/drought with slow or no insurance payout || Reinsurance: pooling many small risks and selling slices to big capital
A07,B07,C05,0,3,0,Open finance data access (FiDA proposal) beyond payment accounts || Farmers lose crops to heat/drought with slow or no insurance payout || Air-traffic control: live deconfliction of many actors in shared space
A07,B07,C06,1,3,3,Open finance data access (FiDA proposal) beyond payment accounts || Farmers lose crops to heat/drought with slow or no insurance payout || Spotify royalties: tiny usage events settled into automatic payouts
A07,B07,C07,1,3,3,Open finance data access (FiDA proposal) beyond payment accounts || Farmers lose crops to heat/drought with slow or no insurance payout || Carfax-style history report built from many third-party events
A07,B07,C08,0,2,0,Open finance data access (FiDA proposal) beyond payment accounts || Farmers lose crops to heat/drought with slow or no insurance payout || Ant colony / stigmergy: coordination through traces left in the environment
A07,B07,C09,0,3,0,Open finance data access (FiDA proposal) beyond payment accounts || Farmers lose crops to heat/drought with slow or no insurance payout || Clinical triage: route cases by urgency with a short standard question set
A07,B07,C10,1,2,2,Open finance data access (FiDA proposal) beyond payment accounts || Farmers lose crops to heat/drought with slow or no insurance payout || Futures market: sell next season's output today to lock a price
A07,B07,C11,1,3,3,"Open finance data access (FiDA proposal) beyond payment accounts || Farmers lose crops to heat/drought with slow or no insurance payout || Container shipping standard (TEU): one box fits every ship, truck, crane"
A07,B07,C12,0,3,0,Open finance data access (FiDA proposal) beyond payment accounts || Farmers lose crops to heat/drought with slow or no insurance payout || Speedrun/leaderboard gaming: public live competition drives behaviour
A07,B07,C13,1,2,2,Open finance data access (FiDA proposal) beyond payment accounts || Farmers lose crops to heat/drought with slow or no insurance payout || Tontine / rotating savings club (ROSCA): members fund each other in turn
A07,B07,C14,1,2,2,Open finance data access (FiDA proposal) beyond payment accounts || Farmers lose crops to heat/drought with slow or no insurance payout || Prediction market: price aggregates dispersed knowledge into a probability
A07,B07,C15,1,3,3,Open finance data access (FiDA proposal) beyond payment accounts || Farmers lose crops to heat/drought with slow or no insurance payout || Pharmacovigilance: tiny signals from many reports detect rare problems early
A07,B08,C01,0,3,0,"Open finance data access (FiDA proposal) beyond payment accounts || Food waste: ~130 kg per EU citizen/year, retail+hospitality large share || Airline yield management: price changes by demand minute to minute"
A07,B08,C02,2,3,6,"Open finance data access (FiDA proposal) beyond payment accounts || Food waste: ~130 kg per EU citizen/year, retail+hospitality large share || Chess/Elo rating: ranking from pairwise outcomes, no absolute measure needed"
A07,B08,C03,1,3,3,"Open finance data access (FiDA proposal) beyond payment accounts || Food waste: ~130 kg per EU citizen/year, retail+hospitality large share || Blood-bank / organ matching: time-critical allocation of scarce perishable supply"
A07,B08,C04,1,2,2,"Open finance data access (FiDA proposal) beyond payment accounts || Food waste: ~130 kg per EU citizen/year, retail+hospitality large share || Reinsurance: pooling many small risks and selling slices to big capital"
A07,B08,C05,0,3,0,"Open finance data access (FiDA proposal) beyond payment accounts || Food waste: ~130 kg per EU citizen/year, retail+hospitality large share || Air-traffic control: live deconfliction of many actors in shared space"
A07,B08,C06,1,3,3,"Open finance data access (FiDA proposal) beyond payment accounts || Food waste: ~130 kg per EU citizen/year, retail+hospitality large share || Spotify royalties: tiny usage events settled into automatic payouts"
A07,B08,C07,2,3,6,"Open finance data access (FiDA proposal) beyond payment accounts || Food waste: ~130 kg per EU citizen/year, retail+hospitality large share || Carfax-style history report built from many third-party events"
A07,B08,C08,0,3,0,"Open finance data access (FiDA proposal) beyond payment accounts || Food waste: ~130 kg per EU citizen/year, retail+hospitality large share || Ant colony / stigmergy: coordination through traces left in the environment"
A07,B08,C09,0,3,0,"Open finance data access (FiDA proposal) beyond payment accounts || Food waste: ~130 kg per EU citizen/year, retail+hospitality large share || Clinical triage: route cases by urgency with a short standard question set"
A07,B08,C10,0,2,0,"Open finance data access (FiDA proposal) beyond payment accounts || Food waste: ~130 kg per EU citizen/year, retail+hospitality large share || Futures market: sell next season's output today to lock a price"
A07,B08,C11,1,3,3,"Open finance data access (FiDA proposal) beyond payment accounts || Food waste: ~130 kg per EU citizen/year, retail+hospitality large share || Container shipping standard (TEU): one box fits every ship, truck, crane"
A07,B08,C12,1,3,3,"Open finance data access (FiDA proposal) beyond payment accounts || Food waste: ~130 kg per EU citizen/year, retail+hospitality large share || Speedrun/leaderboard gaming: public live competition drives behaviour"
A07,B08,C13,1,2,2,"Open finance data access (FiDA proposal) beyond payment accounts || Food waste: ~130 kg per EU citizen/year, retail+hospitality large share || Tontine / rotating savings club (ROSCA): members fund each other in turn"
A07,B08,C14,1,2,2,"Open finance data access (FiDA proposal) beyond payment accounts || Food waste: ~130 kg per EU citizen/year, retail+hospitality large share || Prediction market: price aggregates dispersed knowledge into a probability"
A07,B08,C15,1,3,3,"Open finance data access (FiDA proposal) beyond payment accounts || Food waste: ~130 kg per EU citizen/year, retail+hospitality large share || Pharmacovigilance: tiny signals from many reports detect rare problems early"
A07,B09,C01,1,3,3,Open finance data access (FiDA proposal) beyond payment accounts || Island grid curtailment: Cyprus wastes solar output at midday (no interconnector) || Airline yield management: price changes by demand minute to minute
A07,B09,C02,2,3,6,"Open finance data access (FiDA proposal) beyond payment accounts || Island grid curtailment: Cyprus wastes solar output at midday (no interconnector) || Chess/Elo rating: ranking from pairwise outcomes, no absolute measure needed"
A07,B09,C03,1,3,3,Open finance data access (FiDA proposal) beyond payment accounts || Island grid curtailment: Cyprus wastes solar output at midday (no interconnector) || Blood-bank / organ matching: time-critical allocation of scarce perishable supply
A07,B09,C04,1,2,2,Open finance data access (FiDA proposal) beyond payment accounts || Island grid curtailment: Cyprus wastes solar output at midday (no interconnector) || Reinsurance: pooling many small risks and selling slices to big capital
A07,B09,C05,2,3,6,Open finance data access (FiDA proposal) beyond payment accounts || Island grid curtailment: Cyprus wastes solar output at midday (no interconnector) || Air-traffic control: live deconfliction of many actors in shared space
A07,B09,C06,1,3,3,Open finance data access (FiDA proposal) beyond payment accounts || Island grid curtailment: Cyprus wastes solar output at midday (no interconnector) || Spotify royalties: tiny usage events settled into automatic payouts
A07,B09,C07,1,3,3,Open finance data access (FiDA proposal) beyond payment accounts || Island grid curtailment: Cyprus wastes solar output at midday (no interconnector) || Carfax-style history report built from many third-party events
A07,B09,C08,2,3,6,Open finance data access (FiDA proposal) beyond payment accounts || Island grid curtailment: Cyprus wastes solar output at midday (no interconnector) || Ant colony / stigmergy: coordination through traces left in the environment
A07,B09,C09,0,3,0,Open finance data access (FiDA proposal) beyond payment accounts || Island grid curtailment: Cyprus wastes solar output at midday (no interconnector) || Clinical triage: route cases by urgency with a short standard question set
A07,B09,C10,0,2,0,Open finance data access (FiDA proposal) beyond payment accounts || Island grid curtailment: Cyprus wastes solar output at midday (no interconnector) || Futures market: sell next season's output today to lock a price
A07,B09,C11,1,3,3,"Open finance data access (FiDA proposal) beyond payment accounts || Island grid curtailment: Cyprus wastes solar output at midday (no interconnector) || Container shipping standard (TEU): one box fits every ship, truck, crane"
A07,B09,C12,1,3,3,Open finance data access (FiDA proposal) beyond payment accounts || Island grid curtailment: Cyprus wastes solar output at midday (no interconnector) || Speedrun/leaderboard gaming: public live competition drives behaviour
A07,B09,C13,1,2,2,Open finance data access (FiDA proposal) beyond payment accounts || Island grid curtailment: Cyprus wastes solar output at midday (no interconnector) || Tontine / rotating savings club (ROSCA): members fund each other in turn
A07,B09,C14,1,2,2,Open finance data access (FiDA proposal) beyond payment accounts || Island grid curtailment: Cyprus wastes solar output at midday (no interconnector) || Prediction market: price aggregates dispersed knowledge into a probability
A07,B09,C15,1,3,3,Open finance data access (FiDA proposal) beyond payment accounts || Island grid curtailment: Cyprus wastes solar output at midday (no interconnector) || Pharmacovigilance: tiny signals from many reports detect rare problems early
A07,B10,C01,3,2,6,"Open finance data access (FiDA proposal) beyond payment accounts || SMEs can't get credit: thin files, no collateral (SAFE survey) || Airline yield management: price changes by demand minute to minute"
A07,B10,C02,7,2,14,"Open finance data access (FiDA proposal) beyond payment accounts || SMEs can't get credit: thin files, no collateral (SAFE survey) || Chess/Elo rating: ranking from pairwise outcomes, no absolute measure needed"
A07,B10,C03,3,2,6,"Open finance data access (FiDA proposal) beyond payment accounts || SMEs can't get credit: thin files, no collateral (SAFE survey) || Blood-bank / organ matching: time-critical allocation of scarce perishable supply"
A07,B10,C04,5,0,0,"Open finance data access (FiDA proposal) beyond payment accounts || SMEs can't get credit: thin files, no collateral (SAFE survey) || Reinsurance: pooling many small risks and selling slices to big capital"
A07,B10,C05,3,2,6,"Open finance data access (FiDA proposal) beyond payment accounts || SMEs can't get credit: thin files, no collateral (SAFE survey) || Air-traffic control: live deconfliction of many actors in shared space"
A07,B10,C06,5,2,10,"Open finance data access (FiDA proposal) beyond payment accounts || SMEs can't get credit: thin files, no collateral (SAFE survey) || Spotify royalties: tiny usage events settled into automatic payouts"
A07,B10,C07,5,2,10,"Open finance data access (FiDA proposal) beyond payment accounts || SMEs can't get credit: thin files, no collateral (SAFE survey) || Carfax-style history report built from many third-party events"
A07,B10,C08,3,2,6,"Open finance data access (FiDA proposal) beyond payment accounts || SMEs can't get credit: thin files, no collateral (SAFE survey) || Ant colony / stigmergy: coordination through traces left in the environment"
A07,B10,C09,3,2,6,"Open finance data access (FiDA proposal) beyond payment accounts || SMEs can't get credit: thin files, no collateral (SAFE survey) || Clinical triage: route cases by urgency with a short standard question set"
A07,B10,C10,3,0,0,"Open finance data access (FiDA proposal) beyond payment accounts || SMEs can't get credit: thin files, no collateral (SAFE survey) || Futures market: sell next season's output today to lock a price"
A07,B10,C11,5,2,10,"Open finance data access (FiDA proposal) beyond payment accounts || SMEs can't get credit: thin files, no collateral (SAFE survey) || Container shipping standard (TEU): one box fits every ship, truck, crane"
A07,B10,C12,3,2,6,"Open finance data access (FiDA proposal) beyond payment accounts || SMEs can't get credit: thin files, no collateral (SAFE survey) || Speedrun/leaderboard gaming: public live competition drives behaviour"
A07,B10,C13,5,0,0,"Open finance data access (FiDA proposal) beyond payment accounts || SMEs can't get credit: thin files, no collateral (SAFE survey) || Tontine / rotating savings club (ROSCA): members fund each other in turn"
A07,B10,C14,5,0,0,"Open finance data access (FiDA proposal) beyond payment accounts || SMEs can't get credit: thin files, no collateral (SAFE survey) || Prediction market: price aggregates dispersed knowledge into a probability"
A07,B10,C15,5,2,10,"Open finance data access (FiDA proposal) beyond payment accounts || SMEs can't get credit: thin files, no collateral (SAFE survey) || Pharmacovigilance: tiny signals from many reports detect rare problems early"
A07,B11,C01,1,3,3,"Open finance data access (FiDA proposal) beyond payment accounts || Used goods and repairs lack trusted history, so resale value collapses || Airline yield management: price changes by demand minute to minute"
A07,B11,C02,4,3,12,"Open finance data access (FiDA proposal) beyond payment accounts || Used goods and repairs lack trusted history, so resale value collapses || Chess/Elo rating: ranking from pairwise outcomes, no absolute measure needed"
A07,B11,C03,2,3,6,"Open finance data access (FiDA proposal) beyond payment accounts || Used goods and repairs lack trusted history, so resale value collapses || Blood-bank / organ matching: time-critical allocation of scarce perishable supply"
A07,B11,C04,2,2,4,"Open finance data access (FiDA proposal) beyond payment accounts || Used goods and repairs lack trusted history, so resale value collapses || Reinsurance: pooling many small risks and selling slices to big capital"
A07,B11,C05,1,3,3,"Open finance data access (FiDA proposal) beyond payment accounts || Used goods and repairs lack trusted history, so resale value collapses || Air-traffic control: live deconfliction of many actors in shared space"
A07,B11,C06,3,3,9,"Open finance data access (FiDA proposal) beyond payment accounts || Used goods and repairs lack trusted history, so resale value collapses || Spotify royalties: tiny usage events settled into automatic payouts"
A07,B11,C07,4,3,12,"Open finance data access (FiDA proposal) beyond payment accounts || Used goods and repairs lack trusted history, so resale value collapses || Carfax-style history report built from many third-party events"
A07,B11,C08,1,3,3,"Open finance data access (FiDA proposal) beyond payment accounts || Used goods and repairs lack trusted history, so resale value collapses || Ant colony / stigmergy: coordination through traces left in the environment"
A07,B11,C09,1,3,3,"Open finance data access (FiDA proposal) beyond payment accounts || Used goods and repairs lack trusted history, so resale value collapses || Clinical triage: route cases by urgency with a short standard question set"
A07,B11,C10,1,2,2,"Open finance data access (FiDA proposal) beyond payment accounts || Used goods and repairs lack trusted history, so resale value collapses || Futures market: sell next season's output today to lock a price"
A07,B11,C11,4,3,12,"Open finance data access (FiDA proposal) beyond payment accounts || Used goods and repairs lack trusted history, so resale value collapses || Container shipping standard (TEU): one box fits every ship, truck, crane"
A07,B11,C12,1,3,3,"Open finance data access (FiDA proposal) beyond payment accounts || Used goods and repairs lack trusted history, so resale value collapses || Speedrun/leaderboard gaming: public live competition drives behaviour"
A07,B11,C13,2,2,4,"Open finance data access (FiDA proposal) beyond payment accounts || Used goods and repairs lack trusted history, so resale value collapses || Tontine / rotating savings club (ROSCA): members fund each other in turn"
A07,B11,C14,3,2,6,"Open finance data access (FiDA proposal) beyond payment accounts || Used goods and repairs lack trusted history, so resale value collapses || Prediction market: price aggregates dispersed knowledge into a probability"
A07,B11,C15,3,3,9,"Open finance data access (FiDA proposal) beyond payment accounts || Used goods and repairs lack trusted history, so resale value collapses || Pharmacovigilance: tiny signals from many reports detect rare problems early"
A07,B12,C01,2,3,6,"Open finance data access (FiDA proposal) beyond payment accounts || Staff shortages in hospitality/care; workers paid late, shifts unfilled || Airline yield management: price changes by demand minute to minute"
A07,B12,C02,2,3,6,"Open finance data access (FiDA proposal) beyond payment accounts || Staff shortages in hospitality/care; workers paid late, shifts unfilled || Chess/Elo rating: ranking from pairwise outcomes, no absolute measure needed"
A07,B12,C03,1,3,3,"Open finance data access (FiDA proposal) beyond payment accounts || Staff shortages in hospitality/care; workers paid late, shifts unfilled || Blood-bank / organ matching: time-critical allocation of scarce perishable supply"
A07,B12,C04,1,2,2,"Open finance data access (FiDA proposal) beyond payment accounts || Staff shortages in hospitality/care; workers paid late, shifts unfilled || Reinsurance: pooling many small risks and selling slices to big capital"
A07,B12,C05,1,3,3,"Open finance data access (FiDA proposal) beyond payment accounts || Staff shortages in hospitality/care; workers paid late, shifts unfilled || Air-traffic control: live deconfliction of many actors in shared space"
A07,B12,C06,2,3,6,"Open finance data access (FiDA proposal) beyond payment accounts || Staff shortages in hospitality/care; workers paid late, shifts unfilled || Spotify royalties: tiny usage events settled into automatic payouts"
A07,B12,C07,1,3,3,"Open finance data access (FiDA proposal) beyond payment accounts || Staff shortages in hospitality/care; workers paid late, shifts unfilled || Carfax-style history report built from many third-party events"
A07,B12,C08,1,3,3,"Open finance data access (FiDA proposal) beyond payment accounts || Staff shortages in hospitality/care; workers paid late, shifts unfilled || Ant colony / stigmergy: coordination through traces left in the environment"
A07,B12,C09,1,3,3,"Open finance data access (FiDA proposal) beyond payment accounts || Staff shortages in hospitality/care; workers paid late, shifts unfilled || Clinical triage: route cases by urgency with a short standard question set"
A07,B12,C10,1,2,2,"Open finance data access (FiDA proposal) beyond payment accounts || Staff shortages in hospitality/care; workers paid late, shifts unfilled || Futures market: sell next season's output today to lock a price"
A07,B12,C11,1,3,3,"Open finance data access (FiDA proposal) beyond payment accounts || Staff shortages in hospitality/care; workers paid late, shifts unfilled || Container shipping standard (TEU): one box fits every ship, truck, crane"
A07,B12,C12,1,3,3,"Open finance data access (FiDA proposal) beyond payment accounts || Staff shortages in hospitality/care; workers paid late, shifts unfilled || Speedrun/leaderboard gaming: public live competition drives behaviour"
A07,B12,C13,2,2,4,"Open finance data access (FiDA proposal) beyond payment accounts || Staff shortages in hospitality/care; workers paid late, shifts unfilled || Tontine / rotating savings club (ROSCA): members fund each other in turn"
A07,B12,C14,2,2,4,"Open finance data access (FiDA proposal) beyond payment accounts || Staff shortages in hospitality/care; workers paid late, shifts unfilled || Prediction market: price aggregates dispersed knowledge into a probability"
A07,B12,C15,2,3,6,"Open finance data access (FiDA proposal) beyond payment accounts || Staff shortages in hospitality/care; workers paid late, shifts unfilled || Pharmacovigilance: tiny signals from many reports detect rare problems early"
A07,B13,C01,1,3,3,Open finance data access (FiDA proposal) beyond payment accounts || Grant and subsidy money goes unclaimed; SMEs don't know or can't apply || Airline yield management: price changes by demand minute to minute
A07,B13,C02,4,3,12,"Open finance data access (FiDA proposal) beyond payment accounts || Grant and subsidy money goes unclaimed; SMEs don't know or can't apply || Chess/Elo rating: ranking from pairwise outcomes, no absolute measure needed"
A07,B13,C03,1,3,3,Open finance data access (FiDA proposal) beyond payment accounts || Grant and subsidy money goes unclaimed; SMEs don't know or can't apply || Blood-bank / organ matching: time-critical allocation of scarce perishable supply
A07,B13,C04,2,2,4,Open finance data access (FiDA proposal) beyond payment accounts || Grant and subsidy money goes unclaimed; SMEs don't know or can't apply || Reinsurance: pooling many small risks and selling slices to big capital
A07,B13,C05,1,3,3,Open finance data access (FiDA proposal) beyond payment accounts || Grant and subsidy money goes unclaimed; SMEs don't know or can't apply || Air-traffic control: live deconfliction of many actors in shared space
A07,B13,C06,2,3,6,Open finance data access (FiDA proposal) beyond payment accounts || Grant and subsidy money goes unclaimed; SMEs don't know or can't apply || Spotify royalties: tiny usage events settled into automatic payouts
A07,B13,C07,2,3,6,Open finance data access (FiDA proposal) beyond payment accounts || Grant and subsidy money goes unclaimed; SMEs don't know or can't apply || Carfax-style history report built from many third-party events
A07,B13,C08,1,3,3,Open finance data access (FiDA proposal) beyond payment accounts || Grant and subsidy money goes unclaimed; SMEs don't know or can't apply || Ant colony / stigmergy: coordination through traces left in the environment
A07,B13,C09,2,3,6,Open finance data access (FiDA proposal) beyond payment accounts || Grant and subsidy money goes unclaimed; SMEs don't know or can't apply || Clinical triage: route cases by urgency with a short standard question set
A07,B13,C10,1,2,2,Open finance data access (FiDA proposal) beyond payment accounts || Grant and subsidy money goes unclaimed; SMEs don't know or can't apply || Futures market: sell next season's output today to lock a price
A07,B13,C11,3,3,9,"Open finance data access (FiDA proposal) beyond payment accounts || Grant and subsidy money goes unclaimed; SMEs don't know or can't apply || Container shipping standard (TEU): one box fits every ship, truck, crane"
A07,B13,C12,1,3,3,Open finance data access (FiDA proposal) beyond payment accounts || Grant and subsidy money goes unclaimed; SMEs don't know or can't apply || Speedrun/leaderboard gaming: public live competition drives behaviour
A07,B13,C13,2,2,4,Open finance data access (FiDA proposal) beyond payment accounts || Grant and subsidy money goes unclaimed; SMEs don't know or can't apply || Tontine / rotating savings club (ROSCA): members fund each other in turn
A07,B13,C14,2,2,4,Open finance data access (FiDA proposal) beyond payment accounts || Grant and subsidy money goes unclaimed; SMEs don't know or can't apply || Prediction market: price aggregates dispersed knowledge into a probability
A07,B13,C15,2,3,6,Open finance data access (FiDA proposal) beyond payment accounts || Grant and subsidy money goes unclaimed; SMEs don't know or can't apply || Pharmacovigilance: tiny signals from many reports detect rare problems early
A07,B14,C01,0,3,0,"Open finance data access (FiDA proposal) beyond payment accounts || Heatwaves: buildings overheat, elderly and workers at risk (Cyprus 45C+) || Airline yield management: price changes by demand minute to minute"
A07,B14,C02,2,3,6,"Open finance data access (FiDA proposal) beyond payment accounts || Heatwaves: buildings overheat, elderly and workers at risk (Cyprus 45C+) || Chess/Elo rating: ranking from pairwise outcomes, no absolute measure needed"
A07,B14,C03,0,2,0,"Open finance data access (FiDA proposal) beyond payment accounts || Heatwaves: buildings overheat, elderly and workers at risk (Cyprus 45C+) || Blood-bank / organ matching: time-critical allocation of scarce perishable supply"
A07,B14,C04,2,2,4,"Open finance data access (FiDA proposal) beyond payment accounts || Heatwaves: buildings overheat, elderly and workers at risk (Cyprus 45C+) || Reinsurance: pooling many small risks and selling slices to big capital"
A07,B14,C05,1,3,3,"Open finance data access (FiDA proposal) beyond payment accounts || Heatwaves: buildings overheat, elderly and workers at risk (Cyprus 45C+) || Air-traffic control: live deconfliction of many actors in shared space"
A07,B14,C06,1,3,3,"Open finance data access (FiDA proposal) beyond payment accounts || Heatwaves: buildings overheat, elderly and workers at risk (Cyprus 45C+) || Spotify royalties: tiny usage events settled into automatic payouts"
A07,B14,C07,1,3,3,"Open finance data access (FiDA proposal) beyond payment accounts || Heatwaves: buildings overheat, elderly and workers at risk (Cyprus 45C+) || Carfax-style history report built from many third-party events"
A07,B14,C08,1,3,3,"Open finance data access (FiDA proposal) beyond payment accounts || Heatwaves: buildings overheat, elderly and workers at risk (Cyprus 45C+) || Ant colony / stigmergy: coordination through traces left in the environment"
A07,B14,C09,0,2,0,"Open finance data access (FiDA proposal) beyond payment accounts || Heatwaves: buildings overheat, elderly and workers at risk (Cyprus 45C+) || Clinical triage: route cases by urgency with a short standard question set"
A07,B14,C10,0,2,0,"Open finance data access (FiDA proposal) beyond payment accounts || Heatwaves: buildings overheat, elderly and workers at risk (Cyprus 45C+) || Futures market: sell next season's output today to lock a price"
A07,B14,C11,1,3,3,"Open finance data access (FiDA proposal) beyond payment accounts || Heatwaves: buildings overheat, elderly and workers at risk (Cyprus 45C+) || Container shipping standard (TEU): one box fits every ship, truck, crane"
A07,B14,C12,0,3,0,"Open finance data access (FiDA proposal) beyond payment accounts || Heatwaves: buildings overheat, elderly and workers at risk (Cyprus 45C+) || Speedrun/leaderboard gaming: public live competition drives behaviour"
A07,B14,C13,1,2,2,"Open finance data access (FiDA proposal) beyond payment accounts || Heatwaves: buildings overheat, elderly and workers at risk (Cyprus 45C+) || Tontine / rotating savings club (ROSCA): members fund each other in turn"
A07,B14,C14,1,2,2,"Open finance data access (FiDA proposal) beyond payment accounts || Heatwaves: buildings overheat, elderly and workers at risk (Cyprus 45C+) || Prediction market: price aggregates dispersed knowledge into a probability"
A07,B14,C15,1,2,2,"Open finance data access (FiDA proposal) beyond payment accounts || Heatwaves: buildings overheat, elderly and workers at risk (Cyprus 45C+) || Pharmacovigilance: tiny signals from many reports detect rare problems early"
A07,B15,C01,0,3,0,Open finance data access (FiDA proposal) beyond payment accounts || Property and utility disputes between landlords and tenants over shared costs || Airline yield management: price changes by demand minute to minute
A07,B15,C02,2,3,6,"Open finance data access (FiDA proposal) beyond payment accounts || Property and utility disputes between landlords and tenants over shared costs || Chess/Elo rating: ranking from pairwise outcomes, no absolute measure needed"
A07,B15,C03,0,3,0,Open finance data access (FiDA proposal) beyond payment accounts || Property and utility disputes between landlords and tenants over shared costs || Blood-bank / organ matching: time-critical allocation of scarce perishable supply
A07,B15,C04,1,2,2,Open finance data access (FiDA proposal) beyond payment accounts || Property and utility disputes between landlords and tenants over shared costs || Reinsurance: pooling many small risks and selling slices to big capital
A07,B15,C05,0,3,0,Open finance data access (FiDA proposal) beyond payment accounts || Property and utility disputes between landlords and tenants over shared costs || Air-traffic control: live deconfliction of many actors in shared space
A07,B15,C06,1,3,3,Open finance data access (FiDA proposal) beyond payment accounts || Property and utility disputes between landlords and tenants over shared costs || Spotify royalties: tiny usage events settled into automatic payouts
A07,B15,C07,1,3,3,Open finance data access (FiDA proposal) beyond payment accounts || Property and utility disputes between landlords and tenants over shared costs || Carfax-style history report built from many third-party events
A07,B15,C08,0,3,0,Open finance data access (FiDA proposal) beyond payment accounts || Property and utility disputes between landlords and tenants over shared costs || Ant colony / stigmergy: coordination through traces left in the environment
A07,B15,C09,0,3,0,Open finance data access (FiDA proposal) beyond payment accounts || Property and utility disputes between landlords and tenants over shared costs || Clinical triage: route cases by urgency with a short standard question set
A07,B15,C10,1,2,2,Open finance data access (FiDA proposal) beyond payment accounts || Property and utility disputes between landlords and tenants over shared costs || Futures market: sell next season's output today to lock a price
A07,B15,C11,1,3,3,"Open finance data access (FiDA proposal) beyond payment accounts || Property and utility disputes between landlords and tenants over shared costs || Container shipping standard (TEU): one box fits every ship, truck, crane"
A07,B15,C12,0,3,0,Open finance data access (FiDA proposal) beyond payment accounts || Property and utility disputes between landlords and tenants over shared costs || Speedrun/leaderboard gaming: public live competition drives behaviour
A07,B15,C13,2,2,4,Open finance data access (FiDA proposal) beyond payment accounts || Property and utility disputes between landlords and tenants over shared costs || Tontine / rotating savings club (ROSCA): members fund each other in turn
A07,B15,C14,1,2,2,Open finance data access (FiDA proposal) beyond payment accounts || Property and utility disputes between landlords and tenants over shared costs || Prediction market: price aggregates dispersed knowledge into a probability
A07,B15,C15,1,3,3,Open finance data access (FiDA proposal) beyond payment accounts || Property and utility disputes between landlords and tenants over shared costs || Pharmacovigilance: tiny signals from many reports detect rare problems early
A08,B01,C01,1,3,3,"Cheap on-device vision models reading paper, meters, shelves in real time || SMEs answer many differently-worded sustainability requests from banks/customers || Airline yield management: price changes by demand minute to minute"
A08,B01,C02,1,3,3,"Cheap on-device vision models reading paper, meters, shelves in real time || SMEs answer many differently-worded sustainability requests from banks/customers || Chess/Elo rating: ranking from pairwise outcomes, no absolute measure needed"
A08,B01,C03,1,3,3,"Cheap on-device vision models reading paper, meters, shelves in real time || SMEs answer many differently-worded sustainability requests from banks/customers || Blood-bank / organ matching: time-critical allocation of scarce perishable supply"
A08,B01,C04,1,3,3,"Cheap on-device vision models reading paper, meters, shelves in real time || SMEs answer many differently-worded sustainability requests from banks/customers || Reinsurance: pooling many small risks and selling slices to big capital"
A08,B01,C05,2,3,6,"Cheap on-device vision models reading paper, meters, shelves in real time || SMEs answer many differently-worded sustainability requests from banks/customers || Air-traffic control: live deconfliction of many actors in shared space"
A08,B01,C06,1,3,3,"Cheap on-device vision models reading paper, meters, shelves in real time || SMEs answer many differently-worded sustainability requests from banks/customers || Spotify royalties: tiny usage events settled into automatic payouts"
A08,B01,C07,1,3,3,"Cheap on-device vision models reading paper, meters, shelves in real time || SMEs answer many differently-worded sustainability requests from banks/customers || Carfax-style history report built from many third-party events"
A08,B01,C08,2,3,6,"Cheap on-device vision models reading paper, meters, shelves in real time || SMEs answer many differently-worded sustainability requests from banks/customers || Ant colony / stigmergy: coordination through traces left in the environment"
A08,B01,C09,1,3,3,"Cheap on-device vision models reading paper, meters, shelves in real time || SMEs answer many differently-worded sustainability requests from banks/customers || Clinical triage: route cases by urgency with a short standard question set"
A08,B01,C10,0,3,0,"Cheap on-device vision models reading paper, meters, shelves in real time || SMEs answer many differently-worded sustainability requests from banks/customers || Futures market: sell next season's output today to lock a price"
A08,B01,C11,2,3,6,"Cheap on-device vision models reading paper, meters, shelves in real time || SMEs answer many differently-worded sustainability requests from banks/customers || Container shipping standard (TEU): one box fits every ship, truck, crane"
A08,B01,C12,1,3,3,"Cheap on-device vision models reading paper, meters, shelves in real time || SMEs answer many differently-worded sustainability requests from banks/customers || Speedrun/leaderboard gaming: public live competition drives behaviour"
A08,B01,C13,1,3,3,"Cheap on-device vision models reading paper, meters, shelves in real time || SMEs answer many differently-worded sustainability requests from banks/customers || Tontine / rotating savings club (ROSCA): members fund each other in turn"
A08,B01,C14,1,3,3,"Cheap on-device vision models reading paper, meters, shelves in real time || SMEs answer many differently-worded sustainability requests from banks/customers || Prediction market: price aggregates dispersed knowledge into a probability"
A08,B01,C15,1,3,3,"Cheap on-device vision models reading paper, meters, shelves in real time || SMEs answer many differently-worded sustainability requests from banks/customers || Pharmacovigilance: tiny signals from many reports detect rare problems early"
A08,B02,C01,2,3,6,"Cheap on-device vision models reading paper, meters, shelves in real time || Energy cost is a major barrier for ~50% of EU firms; SMEs under-invest in efficiency || Airline yield management: price changes by demand minute to minute"
A08,B02,C02,0,3,0,"Cheap on-device vision models reading paper, meters, shelves in real time || Energy cost is a major barrier for ~50% of EU firms; SMEs under-invest in efficiency || Chess/Elo rating: ranking from pairwise outcomes, no absolute measure needed"
A08,B02,C03,1,3,3,"Cheap on-device vision models reading paper, meters, shelves in real time || Energy cost is a major barrier for ~50% of EU firms; SMEs under-invest in efficiency || Blood-bank / organ matching: time-critical allocation of scarce perishable supply"
A08,B02,C04,1,3,3,"Cheap on-device vision models reading paper, meters, shelves in real time || Energy cost is a major barrier for ~50% of EU firms; SMEs under-invest in efficiency || Reinsurance: pooling many small risks and selling slices to big capital"
A08,B02,C05,2,3,6,"Cheap on-device vision models reading paper, meters, shelves in real time || Energy cost is a major barrier for ~50% of EU firms; SMEs under-invest in efficiency || Air-traffic control: live deconfliction of many actors in shared space"
A08,B02,C06,1,3,3,"Cheap on-device vision models reading paper, meters, shelves in real time || Energy cost is a major barrier for ~50% of EU firms; SMEs under-invest in efficiency || Spotify royalties: tiny usage events settled into automatic payouts"
A08,B02,C07,0,3,0,"Cheap on-device vision models reading paper, meters, shelves in real time || Energy cost is a major barrier for ~50% of EU firms; SMEs under-invest in efficiency || Carfax-style history report built from many third-party events"
A08,B02,C08,2,3,6,"Cheap on-device vision models reading paper, meters, shelves in real time || Energy cost is a major barrier for ~50% of EU firms; SMEs under-invest in efficiency || Ant colony / stigmergy: coordination through traces left in the environment"
A08,B02,C09,0,3,0,"Cheap on-device vision models reading paper, meters, shelves in real time || Energy cost is a major barrier for ~50% of EU firms; SMEs under-invest in efficiency || Clinical triage: route cases by urgency with a short standard question set"
A08,B02,C10,1,3,3,"Cheap on-device vision models reading paper, meters, shelves in real time || Energy cost is a major barrier for ~50% of EU firms; SMEs under-invest in efficiency || Futures market: sell next season's output today to lock a price"
A08,B02,C11,0,3,0,"Cheap on-device vision models reading paper, meters, shelves in real time || Energy cost is a major barrier for ~50% of EU firms; SMEs under-invest in efficiency || Container shipping standard (TEU): one box fits every ship, truck, crane"
A08,B02,C12,1,3,3,"Cheap on-device vision models reading paper, meters, shelves in real time || Energy cost is a major barrier for ~50% of EU firms; SMEs under-invest in efficiency || Speedrun/leaderboard gaming: public live competition drives behaviour"
A08,B02,C13,2,3,6,"Cheap on-device vision models reading paper, meters, shelves in real time || Energy cost is a major barrier for ~50% of EU firms; SMEs under-invest in efficiency || Tontine / rotating savings club (ROSCA): members fund each other in turn"
A08,B02,C14,1,3,3,"Cheap on-device vision models reading paper, meters, shelves in real time || Energy cost is a major barrier for ~50% of EU firms; SMEs under-invest in efficiency || Prediction market: price aggregates dispersed knowledge into a probability"
A08,B02,C15,0,3,0,"Cheap on-device vision models reading paper, meters, shelves in real time || Energy cost is a major barrier for ~50% of EU firms; SMEs under-invest in efficiency || Pharmacovigilance: tiny signals from many reports detect rare problems early"
A08,B03,C01,2,3,6,"Cheap on-device vision models reading paper, meters, shelves in real time || Late payment: ~50% of EU invoices paid late; SMEs hit hardest || Airline yield management: price changes by demand minute to minute"
A08,B03,C02,0,3,0,"Cheap on-device vision models reading paper, meters, shelves in real time || Late payment: ~50% of EU invoices paid late; SMEs hit hardest || Chess/Elo rating: ranking from pairwise outcomes, no absolute measure needed"
A08,B03,C03,1,3,3,"Cheap on-device vision models reading paper, meters, shelves in real time || Late payment: ~50% of EU invoices paid late; SMEs hit hardest || Blood-bank / organ matching: time-critical allocation of scarce perishable supply"
A08,B03,C04,1,2,2,"Cheap on-device vision models reading paper, meters, shelves in real time || Late payment: ~50% of EU invoices paid late; SMEs hit hardest || Reinsurance: pooling many small risks and selling slices to big capital"
A08,B03,C05,2,3,6,"Cheap on-device vision models reading paper, meters, shelves in real time || Late payment: ~50% of EU invoices paid late; SMEs hit hardest || Air-traffic control: live deconfliction of many actors in shared space"
A08,B03,C06,1,3,3,"Cheap on-device vision models reading paper, meters, shelves in real time || Late payment: ~50% of EU invoices paid late; SMEs hit hardest || Spotify royalties: tiny usage events settled into automatic payouts"
A08,B03,C07,0,3,0,"Cheap on-device vision models reading paper, meters, shelves in real time || Late payment: ~50% of EU invoices paid late; SMEs hit hardest || Carfax-style history report built from many third-party events"
A08,B03,C08,2,3,6,"Cheap on-device vision models reading paper, meters, shelves in real time || Late payment: ~50% of EU invoices paid late; SMEs hit hardest || Ant colony / stigmergy: coordination through traces left in the environment"
A08,B03,C09,0,3,0,"Cheap on-device vision models reading paper, meters, shelves in real time || Late payment: ~50% of EU invoices paid late; SMEs hit hardest || Clinical triage: route cases by urgency with a short standard question set"
A08,B03,C10,1,2,2,"Cheap on-device vision models reading paper, meters, shelves in real time || Late payment: ~50% of EU invoices paid late; SMEs hit hardest || Futures market: sell next season's output today to lock a price"
A08,B03,C11,0,3,0,"Cheap on-device vision models reading paper, meters, shelves in real time || Late payment: ~50% of EU invoices paid late; SMEs hit hardest || Container shipping standard (TEU): one box fits every ship, truck, crane"
A08,B03,C12,1,3,3,"Cheap on-device vision models reading paper, meters, shelves in real time || Late payment: ~50% of EU invoices paid late; SMEs hit hardest || Speedrun/leaderboard gaming: public live competition drives behaviour"
A08,B03,C13,2,2,4,"Cheap on-device vision models reading paper, meters, shelves in real time || Late payment: ~50% of EU invoices paid late; SMEs hit hardest || Tontine / rotating savings club (ROSCA): members fund each other in turn"
A08,B03,C14,1,2,2,"Cheap on-device vision models reading paper, meters, shelves in real time || Late payment: ~50% of EU invoices paid late; SMEs hit hardest || Prediction market: price aggregates dispersed knowledge into a probability"
A08,B03,C15,0,3,0,"Cheap on-device vision models reading paper, meters, shelves in real time || Late payment: ~50% of EU invoices paid late; SMEs hit hardest || Pharmacovigilance: tiny signals from many reports detect rare problems early"
A08,B04,C01,2,3,6,"Cheap on-device vision models reading paper, meters, shelves in real time || Cyprus water scarcity: desalination dependence, reservoirs below 20% (2025) || Airline yield management: price changes by demand minute to minute"
A08,B04,C02,1,3,3,"Cheap on-device vision models reading paper, meters, shelves in real time || Cyprus water scarcity: desalination dependence, reservoirs below 20% (2025) || Chess/Elo rating: ranking from pairwise outcomes, no absolute measure needed"
A08,B04,C03,2,3,6,"Cheap on-device vision models reading paper, meters, shelves in real time || Cyprus water scarcity: desalination dependence, reservoirs below 20% (2025) || Blood-bank / organ matching: time-critical allocation of scarce perishable supply"
A08,B04,C04,1,3,3,"Cheap on-device vision models reading paper, meters, shelves in real time || Cyprus water scarcity: desalination dependence, reservoirs below 20% (2025) || Reinsurance: pooling many small risks and selling slices to big capital"
A08,B04,C05,4,3,12,"Cheap on-device vision models reading paper, meters, shelves in real time || Cyprus water scarcity: desalination dependence, reservoirs below 20% (2025) || Air-traffic control: live deconfliction of many actors in shared space"
A08,B04,C06,1,3,3,"Cheap on-device vision models reading paper, meters, shelves in real time || Cyprus water scarcity: desalination dependence, reservoirs below 20% (2025) || Spotify royalties: tiny usage events settled into automatic payouts"
A08,B04,C07,1,3,3,"Cheap on-device vision models reading paper, meters, shelves in real time || Cyprus water scarcity: desalination dependence, reservoirs below 20% (2025) || Carfax-style history report built from many third-party events"
A08,B04,C08,4,3,12,"Cheap on-device vision models reading paper, meters, shelves in real time || Cyprus water scarcity: desalination dependence, reservoirs below 20% (2025) || Ant colony / stigmergy: coordination through traces left in the environment"
A08,B04,C09,1,3,3,"Cheap on-device vision models reading paper, meters, shelves in real time || Cyprus water scarcity: desalination dependence, reservoirs below 20% (2025) || Clinical triage: route cases by urgency with a short standard question set"
A08,B04,C10,2,3,6,"Cheap on-device vision models reading paper, meters, shelves in real time || Cyprus water scarcity: desalination dependence, reservoirs below 20% (2025) || Futures market: sell next season's output today to lock a price"
A08,B04,C11,1,3,3,"Cheap on-device vision models reading paper, meters, shelves in real time || Cyprus water scarcity: desalination dependence, reservoirs below 20% (2025) || Container shipping standard (TEU): one box fits every ship, truck, crane"
A08,B04,C12,2,3,6,"Cheap on-device vision models reading paper, meters, shelves in real time || Cyprus water scarcity: desalination dependence, reservoirs below 20% (2025) || Speedrun/leaderboard gaming: public live competition drives behaviour"
A08,B04,C13,1,3,3,"Cheap on-device vision models reading paper, meters, shelves in real time || Cyprus water scarcity: desalination dependence, reservoirs below 20% (2025) || Tontine / rotating savings club (ROSCA): members fund each other in turn"
A08,B04,C14,1,3,3,"Cheap on-device vision models reading paper, meters, shelves in real time || Cyprus water scarcity: desalination dependence, reservoirs below 20% (2025) || Prediction market: price aggregates dispersed knowledge into a probability"
A08,B04,C15,1,3,3,"Cheap on-device vision models reading paper, meters, shelves in real time || Cyprus water scarcity: desalination dependence, reservoirs below 20% (2025) || Pharmacovigilance: tiny signals from many reports detect rare problems early"
A08,B05,C01,4,3,12,"Cheap on-device vision models reading paper, meters, shelves in real time || Tourism seasonality: Cyprus hotels/staff idle half the year || Airline yield management: price changes by demand minute to minute"
A08,B05,C02,1,3,3,"Cheap on-device vision models reading paper, meters, shelves in real time || Tourism seasonality: Cyprus hotels/staff idle half the year || Chess/Elo rating: ranking from pairwise outcomes, no absolute measure needed"
A08,B05,C03,3,3,9,"Cheap on-device vision models reading paper, meters, shelves in real time || Tourism seasonality: Cyprus hotels/staff idle half the year || Blood-bank / organ matching: time-critical allocation of scarce perishable supply"
A08,B05,C04,1,3,3,"Cheap on-device vision models reading paper, meters, shelves in real time || Tourism seasonality: Cyprus hotels/staff idle half the year || Reinsurance: pooling many small risks and selling slices to big capital"
A08,B05,C05,4,3,12,"Cheap on-device vision models reading paper, meters, shelves in real time || Tourism seasonality: Cyprus hotels/staff idle half the year || Air-traffic control: live deconfliction of many actors in shared space"
A08,B05,C06,2,3,6,"Cheap on-device vision models reading paper, meters, shelves in real time || Tourism seasonality: Cyprus hotels/staff idle half the year || Spotify royalties: tiny usage events settled into automatic payouts"
A08,B05,C07,1,3,3,"Cheap on-device vision models reading paper, meters, shelves in real time || Tourism seasonality: Cyprus hotels/staff idle half the year || Carfax-style history report built from many third-party events"
A08,B05,C08,4,3,12,"Cheap on-device vision models reading paper, meters, shelves in real time || Tourism seasonality: Cyprus hotels/staff idle half the year || Ant colony / stigmergy: coordination through traces left in the environment"
A08,B05,C09,1,3,3,"Cheap on-device vision models reading paper, meters, shelves in real time || Tourism seasonality: Cyprus hotels/staff idle half the year || Clinical triage: route cases by urgency with a short standard question set"
A08,B05,C10,2,3,6,"Cheap on-device vision models reading paper, meters, shelves in real time || Tourism seasonality: Cyprus hotels/staff idle half the year || Futures market: sell next season's output today to lock a price"
A08,B05,C11,1,3,3,"Cheap on-device vision models reading paper, meters, shelves in real time || Tourism seasonality: Cyprus hotels/staff idle half the year || Container shipping standard (TEU): one box fits every ship, truck, crane"
A08,B05,C12,4,3,12,"Cheap on-device vision models reading paper, meters, shelves in real time || Tourism seasonality: Cyprus hotels/staff idle half the year || Speedrun/leaderboard gaming: public live competition drives behaviour"
A08,B05,C13,2,3,6,"Cheap on-device vision models reading paper, meters, shelves in real time || Tourism seasonality: Cyprus hotels/staff idle half the year || Tontine / rotating savings club (ROSCA): members fund each other in turn"
A08,B05,C14,2,3,6,"Cheap on-device vision models reading paper, meters, shelves in real time || Tourism seasonality: Cyprus hotels/staff idle half the year || Prediction market: price aggregates dispersed knowledge into a probability"
A08,B05,C15,1,3,3,"Cheap on-device vision models reading paper, meters, shelves in real time || Tourism seasonality: Cyprus hotels/staff idle half the year || Pharmacovigilance: tiny signals from many reports detect rare problems early"
A08,B06,C01,1,3,3,"Cheap on-device vision models reading paper, meters, shelves in real time || Red tape: EU SMEs cite administrative burden as top obstacle (Eurobarometer 2023) || Airline yield management: price changes by demand minute to minute"
A08,B06,C02,0,3,0,"Cheap on-device vision models reading paper, meters, shelves in real time || Red tape: EU SMEs cite administrative burden as top obstacle (Eurobarometer 2023) || Chess/Elo rating: ranking from pairwise outcomes, no absolute measure needed"
A08,B06,C03,1,3,3,"Cheap on-device vision models reading paper, meters, shelves in real time || Red tape: EU SMEs cite administrative burden as top obstacle (Eurobarometer 2023) || Blood-bank / organ matching: time-critical allocation of scarce perishable supply"
A08,B06,C04,0,3,0,"Cheap on-device vision models reading paper, meters, shelves in real time || Red tape: EU SMEs cite administrative burden as top obstacle (Eurobarometer 2023) || Reinsurance: pooling many small risks and selling slices to big capital"
A08,B06,C05,2,3,6,"Cheap on-device vision models reading paper, meters, shelves in real time || Red tape: EU SMEs cite administrative burden as top obstacle (Eurobarometer 2023) || Air-traffic control: live deconfliction of many actors in shared space"
A08,B06,C06,0,3,0,"Cheap on-device vision models reading paper, meters, shelves in real time || Red tape: EU SMEs cite administrative burden as top obstacle (Eurobarometer 2023) || Spotify royalties: tiny usage events settled into automatic payouts"
A08,B06,C07,0,3,0,"Cheap on-device vision models reading paper, meters, shelves in real time || Red tape: EU SMEs cite administrative burden as top obstacle (Eurobarometer 2023) || Carfax-style history report built from many third-party events"
A08,B06,C08,2,3,6,"Cheap on-device vision models reading paper, meters, shelves in real time || Red tape: EU SMEs cite administrative burden as top obstacle (Eurobarometer 2023) || Ant colony / stigmergy: coordination through traces left in the environment"
A08,B06,C09,1,3,3,"Cheap on-device vision models reading paper, meters, shelves in real time || Red tape: EU SMEs cite administrative burden as top obstacle (Eurobarometer 2023) || Clinical triage: route cases by urgency with a short standard question set"
A08,B06,C10,0,3,0,"Cheap on-device vision models reading paper, meters, shelves in real time || Red tape: EU SMEs cite administrative burden as top obstacle (Eurobarometer 2023) || Futures market: sell next season's output today to lock a price"
A08,B06,C11,1,3,3,"Cheap on-device vision models reading paper, meters, shelves in real time || Red tape: EU SMEs cite administrative burden as top obstacle (Eurobarometer 2023) || Container shipping standard (TEU): one box fits every ship, truck, crane"
A08,B06,C12,1,3,3,"Cheap on-device vision models reading paper, meters, shelves in real time || Red tape: EU SMEs cite administrative burden as top obstacle (Eurobarometer 2023) || Speedrun/leaderboard gaming: public live competition drives behaviour"
A08,B06,C13,0,3,0,"Cheap on-device vision models reading paper, meters, shelves in real time || Red tape: EU SMEs cite administrative burden as top obstacle (Eurobarometer 2023) || Tontine / rotating savings club (ROSCA): members fund each other in turn"
A08,B06,C14,0,3,0,"Cheap on-device vision models reading paper, meters, shelves in real time || Red tape: EU SMEs cite administrative burden as top obstacle (Eurobarometer 2023) || Prediction market: price aggregates dispersed knowledge into a probability"
A08,B06,C15,0,3,0,"Cheap on-device vision models reading paper, meters, shelves in real time || Red tape: EU SMEs cite administrative burden as top obstacle (Eurobarometer 2023) || Pharmacovigilance: tiny signals from many reports detect rare problems early"
A08,B07,C01,1,3,3,"Cheap on-device vision models reading paper, meters, shelves in real time || Farmers lose crops to heat/drought with slow or no insurance payout || Airline yield management: price changes by demand minute to minute"
A08,B07,C02,0,3,0,"Cheap on-device vision models reading paper, meters, shelves in real time || Farmers lose crops to heat/drought with slow or no insurance payout || Chess/Elo rating: ranking from pairwise outcomes, no absolute measure needed"
A08,B07,C03,1,3,3,"Cheap on-device vision models reading paper, meters, shelves in real time || Farmers lose crops to heat/drought with slow or no insurance payout || Blood-bank / organ matching: time-critical allocation of scarce perishable supply"
A08,B07,C04,1,3,3,"Cheap on-device vision models reading paper, meters, shelves in real time || Farmers lose crops to heat/drought with slow or no insurance payout || Reinsurance: pooling many small risks and selling slices to big capital"
A08,B07,C05,2,3,6,"Cheap on-device vision models reading paper, meters, shelves in real time || Farmers lose crops to heat/drought with slow or no insurance payout || Air-traffic control: live deconfliction of many actors in shared space"
A08,B07,C06,0,3,0,"Cheap on-device vision models reading paper, meters, shelves in real time || Farmers lose crops to heat/drought with slow or no insurance payout || Spotify royalties: tiny usage events settled into automatic payouts"
A08,B07,C07,0,3,0,"Cheap on-device vision models reading paper, meters, shelves in real time || Farmers lose crops to heat/drought with slow or no insurance payout || Carfax-style history report built from many third-party events"
A08,B07,C08,2,2,4,"Cheap on-device vision models reading paper, meters, shelves in real time || Farmers lose crops to heat/drought with slow or no insurance payout || Ant colony / stigmergy: coordination through traces left in the environment"
A08,B07,C09,0,3,0,"Cheap on-device vision models reading paper, meters, shelves in real time || Farmers lose crops to heat/drought with slow or no insurance payout || Clinical triage: route cases by urgency with a short standard question set"
A08,B07,C10,1,3,3,"Cheap on-device vision models reading paper, meters, shelves in real time || Farmers lose crops to heat/drought with slow or no insurance payout || Futures market: sell next season's output today to lock a price"
A08,B07,C11,0,3,0,"Cheap on-device vision models reading paper, meters, shelves in real time || Farmers lose crops to heat/drought with slow or no insurance payout || Container shipping standard (TEU): one box fits every ship, truck, crane"
A08,B07,C12,1,3,3,"Cheap on-device vision models reading paper, meters, shelves in real time || Farmers lose crops to heat/drought with slow or no insurance payout || Speedrun/leaderboard gaming: public live competition drives behaviour"
A08,B07,C13,0,3,0,"Cheap on-device vision models reading paper, meters, shelves in real time || Farmers lose crops to heat/drought with slow or no insurance payout || Tontine / rotating savings club (ROSCA): members fund each other in turn"
A08,B07,C14,0,3,0,"Cheap on-device vision models reading paper, meters, shelves in real time || Farmers lose crops to heat/drought with slow or no insurance payout || Prediction market: price aggregates dispersed knowledge into a probability"
A08,B07,C15,0,3,0,"Cheap on-device vision models reading paper, meters, shelves in real time || Farmers lose crops to heat/drought with slow or no insurance payout || Pharmacovigilance: tiny signals from many reports detect rare problems early"
A08,B08,C01,2,3,6,"Cheap on-device vision models reading paper, meters, shelves in real time || Food waste: ~130 kg per EU citizen/year, retail+hospitality large share || Airline yield management: price changes by demand minute to minute"
A08,B08,C02,1,3,3,"Cheap on-device vision models reading paper, meters, shelves in real time || Food waste: ~130 kg per EU citizen/year, retail+hospitality large share || Chess/Elo rating: ranking from pairwise outcomes, no absolute measure needed"
A08,B08,C03,3,3,9,"Cheap on-device vision models reading paper, meters, shelves in real time || Food waste: ~130 kg per EU citizen/year, retail+hospitality large share || Blood-bank / organ matching: time-critical allocation of scarce perishable supply"
A08,B08,C04,1,3,3,"Cheap on-device vision models reading paper, meters, shelves in real time || Food waste: ~130 kg per EU citizen/year, retail+hospitality large share || Reinsurance: pooling many small risks and selling slices to big capital"
A08,B08,C05,3,3,9,"Cheap on-device vision models reading paper, meters, shelves in real time || Food waste: ~130 kg per EU citizen/year, retail+hospitality large share || Air-traffic control: live deconfliction of many actors in shared space"
A08,B08,C06,1,3,3,"Cheap on-device vision models reading paper, meters, shelves in real time || Food waste: ~130 kg per EU citizen/year, retail+hospitality large share || Spotify royalties: tiny usage events settled into automatic payouts"
A08,B08,C07,2,3,6,"Cheap on-device vision models reading paper, meters, shelves in real time || Food waste: ~130 kg per EU citizen/year, retail+hospitality large share || Carfax-style history report built from many third-party events"
A08,B08,C08,3,3,9,"Cheap on-device vision models reading paper, meters, shelves in real time || Food waste: ~130 kg per EU citizen/year, retail+hospitality large share || Ant colony / stigmergy: coordination through traces left in the environment"
A08,B08,C09,1,3,3,"Cheap on-device vision models reading paper, meters, shelves in real time || Food waste: ~130 kg per EU citizen/year, retail+hospitality large share || Clinical triage: route cases by urgency with a short standard question set"
A08,B08,C10,1,3,3,"Cheap on-device vision models reading paper, meters, shelves in real time || Food waste: ~130 kg per EU citizen/year, retail+hospitality large share || Futures market: sell next season's output today to lock a price"
A08,B08,C11,1,3,3,"Cheap on-device vision models reading paper, meters, shelves in real time || Food waste: ~130 kg per EU citizen/year, retail+hospitality large share || Container shipping standard (TEU): one box fits every ship, truck, crane"
A08,B08,C12,3,3,9,"Cheap on-device vision models reading paper, meters, shelves in real time || Food waste: ~130 kg per EU citizen/year, retail+hospitality large share || Speedrun/leaderboard gaming: public live competition drives behaviour"
A08,B08,C13,1,3,3,"Cheap on-device vision models reading paper, meters, shelves in real time || Food waste: ~130 kg per EU citizen/year, retail+hospitality large share || Tontine / rotating savings club (ROSCA): members fund each other in turn"
A08,B08,C14,1,3,3,"Cheap on-device vision models reading paper, meters, shelves in real time || Food waste: ~130 kg per EU citizen/year, retail+hospitality large share || Prediction market: price aggregates dispersed knowledge into a probability"
A08,B08,C15,1,3,3,"Cheap on-device vision models reading paper, meters, shelves in real time || Food waste: ~130 kg per EU citizen/year, retail+hospitality large share || Pharmacovigilance: tiny signals from many reports detect rare problems early"
A08,B09,C01,4,3,12,"Cheap on-device vision models reading paper, meters, shelves in real time || Island grid curtailment: Cyprus wastes solar output at midday (no interconnector) || Airline yield management: price changes by demand minute to minute"
A08,B09,C02,2,3,6,"Cheap on-device vision models reading paper, meters, shelves in real time || Island grid curtailment: Cyprus wastes solar output at midday (no interconnector) || Chess/Elo rating: ranking from pairwise outcomes, no absolute measure needed"
A08,B09,C03,4,3,12,"Cheap on-device vision models reading paper, meters, shelves in real time || Island grid curtailment: Cyprus wastes solar output at midday (no interconnector) || Blood-bank / organ matching: time-critical allocation of scarce perishable supply"
A08,B09,C04,2,3,6,"Cheap on-device vision models reading paper, meters, shelves in real time || Island grid curtailment: Cyprus wastes solar output at midday (no interconnector) || Reinsurance: pooling many small risks and selling slices to big capital"
A08,B09,C05,6,3,18,"Cheap on-device vision models reading paper, meters, shelves in real time || Island grid curtailment: Cyprus wastes solar output at midday (no interconnector) || Air-traffic control: live deconfliction of many actors in shared space"
A08,B09,C06,2,3,6,"Cheap on-device vision models reading paper, meters, shelves in real time || Island grid curtailment: Cyprus wastes solar output at midday (no interconnector) || Spotify royalties: tiny usage events settled into automatic payouts"
A08,B09,C07,2,3,6,"Cheap on-device vision models reading paper, meters, shelves in real time || Island grid curtailment: Cyprus wastes solar output at midday (no interconnector) || Carfax-style history report built from many third-party events"
A08,B09,C08,6,3,18,"Cheap on-device vision models reading paper, meters, shelves in real time || Island grid curtailment: Cyprus wastes solar output at midday (no interconnector) || Ant colony / stigmergy: coordination through traces left in the environment"
A08,B09,C09,2,3,6,"Cheap on-device vision models reading paper, meters, shelves in real time || Island grid curtailment: Cyprus wastes solar output at midday (no interconnector) || Clinical triage: route cases by urgency with a short standard question set"
A08,B09,C10,2,3,6,"Cheap on-device vision models reading paper, meters, shelves in real time || Island grid curtailment: Cyprus wastes solar output at midday (no interconnector) || Futures market: sell next season's output today to lock a price"
A08,B09,C11,2,3,6,"Cheap on-device vision models reading paper, meters, shelves in real time || Island grid curtailment: Cyprus wastes solar output at midday (no interconnector) || Container shipping standard (TEU): one box fits every ship, truck, crane"
A08,B09,C12,4,3,12,"Cheap on-device vision models reading paper, meters, shelves in real time || Island grid curtailment: Cyprus wastes solar output at midday (no interconnector) || Speedrun/leaderboard gaming: public live competition drives behaviour"
A08,B09,C13,2,3,6,"Cheap on-device vision models reading paper, meters, shelves in real time || Island grid curtailment: Cyprus wastes solar output at midday (no interconnector) || Tontine / rotating savings club (ROSCA): members fund each other in turn"
A08,B09,C14,2,3,6,"Cheap on-device vision models reading paper, meters, shelves in real time || Island grid curtailment: Cyprus wastes solar output at midday (no interconnector) || Prediction market: price aggregates dispersed knowledge into a probability"
A08,B09,C15,2,3,6,"Cheap on-device vision models reading paper, meters, shelves in real time || Island grid curtailment: Cyprus wastes solar output at midday (no interconnector) || Pharmacovigilance: tiny signals from many reports detect rare problems early"
A08,B10,C01,1,3,3,"Cheap on-device vision models reading paper, meters, shelves in real time || SMEs can't get credit: thin files, no collateral (SAFE survey) || Airline yield management: price changes by demand minute to minute"
A08,B10,C02,2,3,6,"Cheap on-device vision models reading paper, meters, shelves in real time || SMEs can't get credit: thin files, no collateral (SAFE survey) || Chess/Elo rating: ranking from pairwise outcomes, no absolute measure needed"
A08,B10,C03,1,3,3,"Cheap on-device vision models reading paper, meters, shelves in real time || SMEs can't get credit: thin files, no collateral (SAFE survey) || Blood-bank / organ matching: time-critical allocation of scarce perishable supply"
A08,B10,C04,1,2,2,"Cheap on-device vision models reading paper, meters, shelves in real time || SMEs can't get credit: thin files, no collateral (SAFE survey) || Reinsurance: pooling many small risks and selling slices to big capital"
A08,B10,C05,2,3,6,"Cheap on-device vision models reading paper, meters, shelves in real time || SMEs can't get credit: thin files, no collateral (SAFE survey) || Air-traffic control: live deconfliction of many actors in shared space"
A08,B10,C06,1,3,3,"Cheap on-device vision models reading paper, meters, shelves in real time || SMEs can't get credit: thin files, no collateral (SAFE survey) || Spotify royalties: tiny usage events settled into automatic payouts"
A08,B10,C07,1,3,3,"Cheap on-device vision models reading paper, meters, shelves in real time || SMEs can't get credit: thin files, no collateral (SAFE survey) || Carfax-style history report built from many third-party events"
A08,B10,C08,2,3,6,"Cheap on-device vision models reading paper, meters, shelves in real time || SMEs can't get credit: thin files, no collateral (SAFE survey) || Ant colony / stigmergy: coordination through traces left in the environment"
A08,B10,C09,0,3,0,"Cheap on-device vision models reading paper, meters, shelves in real time || SMEs can't get credit: thin files, no collateral (SAFE survey) || Clinical triage: route cases by urgency with a short standard question set"
A08,B10,C10,0,2,0,"Cheap on-device vision models reading paper, meters, shelves in real time || SMEs can't get credit: thin files, no collateral (SAFE survey) || Futures market: sell next season's output today to lock a price"
A08,B10,C11,1,3,3,"Cheap on-device vision models reading paper, meters, shelves in real time || SMEs can't get credit: thin files, no collateral (SAFE survey) || Container shipping standard (TEU): one box fits every ship, truck, crane"
A08,B10,C12,1,3,3,"Cheap on-device vision models reading paper, meters, shelves in real time || SMEs can't get credit: thin files, no collateral (SAFE survey) || Speedrun/leaderboard gaming: public live competition drives behaviour"
A08,B10,C13,1,2,2,"Cheap on-device vision models reading paper, meters, shelves in real time || SMEs can't get credit: thin files, no collateral (SAFE survey) || Tontine / rotating savings club (ROSCA): members fund each other in turn"
A08,B10,C14,1,2,2,"Cheap on-device vision models reading paper, meters, shelves in real time || SMEs can't get credit: thin files, no collateral (SAFE survey) || Prediction market: price aggregates dispersed knowledge into a probability"
A08,B10,C15,1,3,3,"Cheap on-device vision models reading paper, meters, shelves in real time || SMEs can't get credit: thin files, no collateral (SAFE survey) || Pharmacovigilance: tiny signals from many reports detect rare problems early"
A08,B11,C01,1,3,3,"Cheap on-device vision models reading paper, meters, shelves in real time || Used goods and repairs lack trusted history, so resale value collapses || Airline yield management: price changes by demand minute to minute"
A08,B11,C02,1,3,3,"Cheap on-device vision models reading paper, meters, shelves in real time || Used goods and repairs lack trusted history, so resale value collapses || Chess/Elo rating: ranking from pairwise outcomes, no absolute measure needed"
A08,B11,C03,2,3,6,"Cheap on-device vision models reading paper, meters, shelves in real time || Used goods and repairs lack trusted history, so resale value collapses || Blood-bank / organ matching: time-critical allocation of scarce perishable supply"
A08,B11,C04,0,3,0,"Cheap on-device vision models reading paper, meters, shelves in real time || Used goods and repairs lack trusted history, so resale value collapses || Reinsurance: pooling many small risks and selling slices to big capital"
A08,B11,C05,2,3,6,"Cheap on-device vision models reading paper, meters, shelves in real time || Used goods and repairs lack trusted history, so resale value collapses || Air-traffic control: live deconfliction of many actors in shared space"
A08,B11,C06,1,3,3,"Cheap on-device vision models reading paper, meters, shelves in real time || Used goods and repairs lack trusted history, so resale value collapses || Spotify royalties: tiny usage events settled into automatic payouts"
A08,B11,C07,2,3,6,"Cheap on-device vision models reading paper, meters, shelves in real time || Used goods and repairs lack trusted history, so resale value collapses || Carfax-style history report built from many third-party events"
A08,B11,C08,2,3,6,"Cheap on-device vision models reading paper, meters, shelves in real time || Used goods and repairs lack trusted history, so resale value collapses || Ant colony / stigmergy: coordination through traces left in the environment"
A08,B11,C09,0,3,0,"Cheap on-device vision models reading paper, meters, shelves in real time || Used goods and repairs lack trusted history, so resale value collapses || Clinical triage: route cases by urgency with a short standard question set"
A08,B11,C10,0,3,0,"Cheap on-device vision models reading paper, meters, shelves in real time || Used goods and repairs lack trusted history, so resale value collapses || Futures market: sell next season's output today to lock a price"
A08,B11,C11,2,3,6,"Cheap on-device vision models reading paper, meters, shelves in real time || Used goods and repairs lack trusted history, so resale value collapses || Container shipping standard (TEU): one box fits every ship, truck, crane"
A08,B11,C12,1,3,3,"Cheap on-device vision models reading paper, meters, shelves in real time || Used goods and repairs lack trusted history, so resale value collapses || Speedrun/leaderboard gaming: public live competition drives behaviour"
A08,B11,C13,0,3,0,"Cheap on-device vision models reading paper, meters, shelves in real time || Used goods and repairs lack trusted history, so resale value collapses || Tontine / rotating savings club (ROSCA): members fund each other in turn"
A08,B11,C14,1,3,3,"Cheap on-device vision models reading paper, meters, shelves in real time || Used goods and repairs lack trusted history, so resale value collapses || Prediction market: price aggregates dispersed knowledge into a probability"
A08,B11,C15,1,3,3,"Cheap on-device vision models reading paper, meters, shelves in real time || Used goods and repairs lack trusted history, so resale value collapses || Pharmacovigilance: tiny signals from many reports detect rare problems early"
A08,B12,C01,4,3,12,"Cheap on-device vision models reading paper, meters, shelves in real time || Staff shortages in hospitality/care; workers paid late, shifts unfilled || Airline yield management: price changes by demand minute to minute"
A08,B12,C02,1,3,3,"Cheap on-device vision models reading paper, meters, shelves in real time || Staff shortages in hospitality/care; workers paid late, shifts unfilled || Chess/Elo rating: ranking from pairwise outcomes, no absolute measure needed"
A08,B12,C03,3,3,9,"Cheap on-device vision models reading paper, meters, shelves in real time || Staff shortages in hospitality/care; workers paid late, shifts unfilled || Blood-bank / organ matching: time-critical allocation of scarce perishable supply"
A08,B12,C04,1,3,3,"Cheap on-device vision models reading paper, meters, shelves in real time || Staff shortages in hospitality/care; workers paid late, shifts unfilled || Reinsurance: pooling many small risks and selling slices to big capital"
A08,B12,C05,4,3,12,"Cheap on-device vision models reading paper, meters, shelves in real time || Staff shortages in hospitality/care; workers paid late, shifts unfilled || Air-traffic control: live deconfliction of many actors in shared space"
A08,B12,C06,2,3,6,"Cheap on-device vision models reading paper, meters, shelves in real time || Staff shortages in hospitality/care; workers paid late, shifts unfilled || Spotify royalties: tiny usage events settled into automatic payouts"
A08,B12,C07,1,3,3,"Cheap on-device vision models reading paper, meters, shelves in real time || Staff shortages in hospitality/care; workers paid late, shifts unfilled || Carfax-style history report built from many third-party events"
A08,B12,C08,4,3,12,"Cheap on-device vision models reading paper, meters, shelves in real time || Staff shortages in hospitality/care; workers paid late, shifts unfilled || Ant colony / stigmergy: coordination through traces left in the environment"
A08,B12,C09,2,3,6,"Cheap on-device vision models reading paper, meters, shelves in real time || Staff shortages in hospitality/care; workers paid late, shifts unfilled || Clinical triage: route cases by urgency with a short standard question set"
A08,B12,C10,2,3,6,"Cheap on-device vision models reading paper, meters, shelves in real time || Staff shortages in hospitality/care; workers paid late, shifts unfilled || Futures market: sell next season's output today to lock a price"
A08,B12,C11,1,3,3,"Cheap on-device vision models reading paper, meters, shelves in real time || Staff shortages in hospitality/care; workers paid late, shifts unfilled || Container shipping standard (TEU): one box fits every ship, truck, crane"
A08,B12,C12,3,3,9,"Cheap on-device vision models reading paper, meters, shelves in real time || Staff shortages in hospitality/care; workers paid late, shifts unfilled || Speedrun/leaderboard gaming: public live competition drives behaviour"
A08,B12,C13,2,3,6,"Cheap on-device vision models reading paper, meters, shelves in real time || Staff shortages in hospitality/care; workers paid late, shifts unfilled || Tontine / rotating savings club (ROSCA): members fund each other in turn"
A08,B12,C14,2,3,6,"Cheap on-device vision models reading paper, meters, shelves in real time || Staff shortages in hospitality/care; workers paid late, shifts unfilled || Prediction market: price aggregates dispersed knowledge into a probability"
A08,B12,C15,2,3,6,"Cheap on-device vision models reading paper, meters, shelves in real time || Staff shortages in hospitality/care; workers paid late, shifts unfilled || Pharmacovigilance: tiny signals from many reports detect rare problems early"
A08,B13,C01,1,3,3,"Cheap on-device vision models reading paper, meters, shelves in real time || Grant and subsidy money goes unclaimed; SMEs don't know or can't apply || Airline yield management: price changes by demand minute to minute"
A08,B13,C02,1,3,3,"Cheap on-device vision models reading paper, meters, shelves in real time || Grant and subsidy money goes unclaimed; SMEs don't know or can't apply || Chess/Elo rating: ranking from pairwise outcomes, no absolute measure needed"
A08,B13,C03,1,3,3,"Cheap on-device vision models reading paper, meters, shelves in real time || Grant and subsidy money goes unclaimed; SMEs don't know or can't apply || Blood-bank / organ matching: time-critical allocation of scarce perishable supply"
A08,B13,C04,0,3,0,"Cheap on-device vision models reading paper, meters, shelves in real time || Grant and subsidy money goes unclaimed; SMEs don't know or can't apply || Reinsurance: pooling many small risks and selling slices to big capital"
A08,B13,C05,2,3,6,"Cheap on-device vision models reading paper, meters, shelves in real time || Grant and subsidy money goes unclaimed; SMEs don't know or can't apply || Air-traffic control: live deconfliction of many actors in shared space"
A08,B13,C06,0,3,0,"Cheap on-device vision models reading paper, meters, shelves in real time || Grant and subsidy money goes unclaimed; SMEs don't know or can't apply || Spotify royalties: tiny usage events settled into automatic payouts"
A08,B13,C07,0,3,0,"Cheap on-device vision models reading paper, meters, shelves in real time || Grant and subsidy money goes unclaimed; SMEs don't know or can't apply || Carfax-style history report built from many third-party events"
A08,B13,C08,2,3,6,"Cheap on-device vision models reading paper, meters, shelves in real time || Grant and subsidy money goes unclaimed; SMEs don't know or can't apply || Ant colony / stigmergy: coordination through traces left in the environment"
A08,B13,C09,1,3,3,"Cheap on-device vision models reading paper, meters, shelves in real time || Grant and subsidy money goes unclaimed; SMEs don't know or can't apply || Clinical triage: route cases by urgency with a short standard question set"
A08,B13,C10,0,3,0,"Cheap on-device vision models reading paper, meters, shelves in real time || Grant and subsidy money goes unclaimed; SMEs don't know or can't apply || Futures market: sell next season's output today to lock a price"
A08,B13,C11,1,3,3,"Cheap on-device vision models reading paper, meters, shelves in real time || Grant and subsidy money goes unclaimed; SMEs don't know or can't apply || Container shipping standard (TEU): one box fits every ship, truck, crane"
A08,B13,C12,1,3,3,"Cheap on-device vision models reading paper, meters, shelves in real time || Grant and subsidy money goes unclaimed; SMEs don't know or can't apply || Speedrun/leaderboard gaming: public live competition drives behaviour"
A08,B13,C13,0,3,0,"Cheap on-device vision models reading paper, meters, shelves in real time || Grant and subsidy money goes unclaimed; SMEs don't know or can't apply || Tontine / rotating savings club (ROSCA): members fund each other in turn"
A08,B13,C14,0,3,0,"Cheap on-device vision models reading paper, meters, shelves in real time || Grant and subsidy money goes unclaimed; SMEs don't know or can't apply || Prediction market: price aggregates dispersed knowledge into a probability"
A08,B13,C15,0,3,0,"Cheap on-device vision models reading paper, meters, shelves in real time || Grant and subsidy money goes unclaimed; SMEs don't know or can't apply || Pharmacovigilance: tiny signals from many reports detect rare problems early"
A08,B14,C01,2,3,6,"Cheap on-device vision models reading paper, meters, shelves in real time || Heatwaves: buildings overheat, elderly and workers at risk (Cyprus 45C+) || Airline yield management: price changes by demand minute to minute"
A08,B14,C02,1,3,3,"Cheap on-device vision models reading paper, meters, shelves in real time || Heatwaves: buildings overheat, elderly and workers at risk (Cyprus 45C+) || Chess/Elo rating: ranking from pairwise outcomes, no absolute measure needed"
A08,B14,C03,2,2,4,"Cheap on-device vision models reading paper, meters, shelves in real time || Heatwaves: buildings overheat, elderly and workers at risk (Cyprus 45C+) || Blood-bank / organ matching: time-critical allocation of scarce perishable supply"
A08,B14,C04,2,3,6,"Cheap on-device vision models reading paper, meters, shelves in real time || Heatwaves: buildings overheat, elderly and workers at risk (Cyprus 45C+) || Reinsurance: pooling many small risks and selling slices to big capital"
A08,B14,C05,4,3,12,"Cheap on-device vision models reading paper, meters, shelves in real time || Heatwaves: buildings overheat, elderly and workers at risk (Cyprus 45C+) || Air-traffic control: live deconfliction of many actors in shared space"
A08,B14,C06,1,3,3,"Cheap on-device vision models reading paper, meters, shelves in real time || Heatwaves: buildings overheat, elderly and workers at risk (Cyprus 45C+) || Spotify royalties: tiny usage events settled into automatic payouts"
A08,B14,C07,1,3,3,"Cheap on-device vision models reading paper, meters, shelves in real time || Heatwaves: buildings overheat, elderly and workers at risk (Cyprus 45C+) || Carfax-style history report built from many third-party events"
A08,B14,C08,4,3,12,"Cheap on-device vision models reading paper, meters, shelves in real time || Heatwaves: buildings overheat, elderly and workers at risk (Cyprus 45C+) || Ant colony / stigmergy: coordination through traces left in the environment"
A08,B14,C09,1,2,2,"Cheap on-device vision models reading paper, meters, shelves in real time || Heatwaves: buildings overheat, elderly and workers at risk (Cyprus 45C+) || Clinical triage: route cases by urgency with a short standard question set"
A08,B14,C10,1,3,3,"Cheap on-device vision models reading paper, meters, shelves in real time || Heatwaves: buildings overheat, elderly and workers at risk (Cyprus 45C+) || Futures market: sell next season's output today to lock a price"
A08,B14,C11,1,3,3,"Cheap on-device vision models reading paper, meters, shelves in real time || Heatwaves: buildings overheat, elderly and workers at risk (Cyprus 45C+) || Container shipping standard (TEU): one box fits every ship, truck, crane"
A08,B14,C12,2,3,6,"Cheap on-device vision models reading paper, meters, shelves in real time || Heatwaves: buildings overheat, elderly and workers at risk (Cyprus 45C+) || Speedrun/leaderboard gaming: public live competition drives behaviour"
A08,B14,C13,1,3,3,"Cheap on-device vision models reading paper, meters, shelves in real time || Heatwaves: buildings overheat, elderly and workers at risk (Cyprus 45C+) || Tontine / rotating savings club (ROSCA): members fund each other in turn"
A08,B14,C14,1,3,3,"Cheap on-device vision models reading paper, meters, shelves in real time || Heatwaves: buildings overheat, elderly and workers at risk (Cyprus 45C+) || Prediction market: price aggregates dispersed knowledge into a probability"
A08,B14,C15,1,2,2,"Cheap on-device vision models reading paper, meters, shelves in real time || Heatwaves: buildings overheat, elderly and workers at risk (Cyprus 45C+) || Pharmacovigilance: tiny signals from many reports detect rare problems early"
A08,B15,C01,1,3,3,"Cheap on-device vision models reading paper, meters, shelves in real time || Property and utility disputes between landlords and tenants over shared costs || Airline yield management: price changes by demand minute to minute"
A08,B15,C02,0,3,0,"Cheap on-device vision models reading paper, meters, shelves in real time || Property and utility disputes between landlords and tenants over shared costs || Chess/Elo rating: ranking from pairwise outcomes, no absolute measure needed"
A08,B15,C03,1,3,3,"Cheap on-device vision models reading paper, meters, shelves in real time || Property and utility disputes between landlords and tenants over shared costs || Blood-bank / organ matching: time-critical allocation of scarce perishable supply"
A08,B15,C04,0,3,0,"Cheap on-device vision models reading paper, meters, shelves in real time || Property and utility disputes between landlords and tenants over shared costs || Reinsurance: pooling many small risks and selling slices to big capital"
A08,B15,C05,2,3,6,"Cheap on-device vision models reading paper, meters, shelves in real time || Property and utility disputes between landlords and tenants over shared costs || Air-traffic control: live deconfliction of many actors in shared space"
A08,B15,C06,0,3,0,"Cheap on-device vision models reading paper, meters, shelves in real time || Property and utility disputes between landlords and tenants over shared costs || Spotify royalties: tiny usage events settled into automatic payouts"
A08,B15,C07,0,3,0,"Cheap on-device vision models reading paper, meters, shelves in real time || Property and utility disputes between landlords and tenants over shared costs || Carfax-style history report built from many third-party events"
A08,B15,C08,2,3,6,"Cheap on-device vision models reading paper, meters, shelves in real time || Property and utility disputes between landlords and tenants over shared costs || Ant colony / stigmergy: coordination through traces left in the environment"
A08,B15,C09,0,3,0,"Cheap on-device vision models reading paper, meters, shelves in real time || Property and utility disputes between landlords and tenants over shared costs || Clinical triage: route cases by urgency with a short standard question set"
A08,B15,C10,1,3,3,"Cheap on-device vision models reading paper, meters, shelves in real time || Property and utility disputes between landlords and tenants over shared costs || Futures market: sell next season's output today to lock a price"
A08,B15,C11,0,3,0,"Cheap on-device vision models reading paper, meters, shelves in real time || Property and utility disputes between landlords and tenants over shared costs || Container shipping standard (TEU): one box fits every ship, truck, crane"
A08,B15,C12,1,3,3,"Cheap on-device vision models reading paper, meters, shelves in real time || Property and utility disputes between landlords and tenants over shared costs || Speedrun/leaderboard gaming: public live competition drives behaviour"
A08,B15,C13,1,3,3,"Cheap on-device vision models reading paper, meters, shelves in real time || Property and utility disputes between landlords and tenants over shared costs || Tontine / rotating savings club (ROSCA): members fund each other in turn"
A08,B15,C14,0,3,0,"Cheap on-device vision models reading paper, meters, shelves in real time || Property and utility disputes between landlords and tenants over shared costs || Prediction market: price aggregates dispersed knowledge into a probability"
A08,B15,C15,0,3,0,"Cheap on-device vision models reading paper, meters, shelves in real time || Property and utility disputes between landlords and tenants over shared costs || Pharmacovigilance: tiny signals from many reports detect rare problems early"
A09,B01,C01,1,3,3,Smart meters with 15-min data rolling out in Cyprus (EAC AMI programme) || SMEs answer many differently-worded sustainability requests from banks/customers || Airline yield management: price changes by demand minute to minute
A09,B01,C02,3,3,9,"Smart meters with 15-min data rolling out in Cyprus (EAC AMI programme) || SMEs answer many differently-worded sustainability requests from banks/customers || Chess/Elo rating: ranking from pairwise outcomes, no absolute measure needed"
A09,B01,C03,1,3,3,Smart meters with 15-min data rolling out in Cyprus (EAC AMI programme) || SMEs answer many differently-worded sustainability requests from banks/customers || Blood-bank / organ matching: time-critical allocation of scarce perishable supply
A09,B01,C04,2,3,6,Smart meters with 15-min data rolling out in Cyprus (EAC AMI programme) || SMEs answer many differently-worded sustainability requests from banks/customers || Reinsurance: pooling many small risks and selling slices to big capital
A09,B01,C05,2,3,6,Smart meters with 15-min data rolling out in Cyprus (EAC AMI programme) || SMEs answer many differently-worded sustainability requests from banks/customers || Air-traffic control: live deconfliction of many actors in shared space
A09,B01,C06,3,3,9,Smart meters with 15-min data rolling out in Cyprus (EAC AMI programme) || SMEs answer many differently-worded sustainability requests from banks/customers || Spotify royalties: tiny usage events settled into automatic payouts
A09,B01,C07,3,3,9,Smart meters with 15-min data rolling out in Cyprus (EAC AMI programme) || SMEs answer many differently-worded sustainability requests from banks/customers || Carfax-style history report built from many third-party events
A09,B01,C08,2,3,6,Smart meters with 15-min data rolling out in Cyprus (EAC AMI programme) || SMEs answer many differently-worded sustainability requests from banks/customers || Ant colony / stigmergy: coordination through traces left in the environment
A09,B01,C09,2,3,6,Smart meters with 15-min data rolling out in Cyprus (EAC AMI programme) || SMEs answer many differently-worded sustainability requests from banks/customers || Clinical triage: route cases by urgency with a short standard question set
A09,B01,C10,1,3,3,Smart meters with 15-min data rolling out in Cyprus (EAC AMI programme) || SMEs answer many differently-worded sustainability requests from banks/customers || Futures market: sell next season's output today to lock a price
A09,B01,C11,4,3,12,"Smart meters with 15-min data rolling out in Cyprus (EAC AMI programme) || SMEs answer many differently-worded sustainability requests from banks/customers || Container shipping standard (TEU): one box fits every ship, truck, crane"
A09,B01,C12,1,3,3,Smart meters with 15-min data rolling out in Cyprus (EAC AMI programme) || SMEs answer many differently-worded sustainability requests from banks/customers || Speedrun/leaderboard gaming: public live competition drives behaviour
A09,B01,C13,2,3,6,Smart meters with 15-min data rolling out in Cyprus (EAC AMI programme) || SMEs answer many differently-worded sustainability requests from banks/customers || Tontine / rotating savings club (ROSCA): members fund each other in turn
A09,B01,C14,3,3,9,Smart meters with 15-min data rolling out in Cyprus (EAC AMI programme) || SMEs answer many differently-worded sustainability requests from banks/customers || Prediction market: price aggregates dispersed knowledge into a probability
A09,B01,C15,3,3,9,Smart meters with 15-min data rolling out in Cyprus (EAC AMI programme) || SMEs answer many differently-worded sustainability requests from banks/customers || Pharmacovigilance: tiny signals from many reports detect rare problems early
A09,B02,C01,2,2,4,Smart meters with 15-min data rolling out in Cyprus (EAC AMI programme) || Energy cost is a major barrier for ~50% of EU firms; SMEs under-invest in efficiency || Airline yield management: price changes by demand minute to minute
A09,B02,C02,2,2,4,"Smart meters with 15-min data rolling out in Cyprus (EAC AMI programme) || Energy cost is a major barrier for ~50% of EU firms; SMEs under-invest in efficiency || Chess/Elo rating: ranking from pairwise outcomes, no absolute measure needed"
A09,B02,C03,1,2,2,Smart meters with 15-min data rolling out in Cyprus (EAC AMI programme) || Energy cost is a major barrier for ~50% of EU firms; SMEs under-invest in efficiency || Blood-bank / organ matching: time-critical allocation of scarce perishable supply
A09,B02,C04,2,2,4,Smart meters with 15-min data rolling out in Cyprus (EAC AMI programme) || Energy cost is a major barrier for ~50% of EU firms; SMEs under-invest in efficiency || Reinsurance: pooling many small risks and selling slices to big capital
A09,B02,C05,2,2,4,Smart meters with 15-min data rolling out in Cyprus (EAC AMI programme) || Energy cost is a major barrier for ~50% of EU firms; SMEs under-invest in efficiency || Air-traffic control: live deconfliction of many actors in shared space
A09,B02,C06,3,2,6,Smart meters with 15-min data rolling out in Cyprus (EAC AMI programme) || Energy cost is a major barrier for ~50% of EU firms; SMEs under-invest in efficiency || Spotify royalties: tiny usage events settled into automatic payouts
A09,B02,C07,2,2,4,Smart meters with 15-min data rolling out in Cyprus (EAC AMI programme) || Energy cost is a major barrier for ~50% of EU firms; SMEs under-invest in efficiency || Carfax-style history report built from many third-party events
A09,B02,C08,2,2,4,Smart meters with 15-min data rolling out in Cyprus (EAC AMI programme) || Energy cost is a major barrier for ~50% of EU firms; SMEs under-invest in efficiency || Ant colony / stigmergy: coordination through traces left in the environment
A09,B02,C09,1,2,2,Smart meters with 15-min data rolling out in Cyprus (EAC AMI programme) || Energy cost is a major barrier for ~50% of EU firms; SMEs under-invest in efficiency || Clinical triage: route cases by urgency with a short standard question set
A09,B02,C10,2,2,4,Smart meters with 15-min data rolling out in Cyprus (EAC AMI programme) || Energy cost is a major barrier for ~50% of EU firms; SMEs under-invest in efficiency || Futures market: sell next season's output today to lock a price
A09,B02,C11,2,2,4,"Smart meters with 15-min data rolling out in Cyprus (EAC AMI programme) || Energy cost is a major barrier for ~50% of EU firms; SMEs under-invest in efficiency || Container shipping standard (TEU): one box fits every ship, truck, crane"
A09,B02,C12,1,2,2,Smart meters with 15-min data rolling out in Cyprus (EAC AMI programme) || Energy cost is a major barrier for ~50% of EU firms; SMEs under-invest in efficiency || Speedrun/leaderboard gaming: public live competition drives behaviour
A09,B02,C13,3,2,6,Smart meters with 15-min data rolling out in Cyprus (EAC AMI programme) || Energy cost is a major barrier for ~50% of EU firms; SMEs under-invest in efficiency || Tontine / rotating savings club (ROSCA): members fund each other in turn
A09,B02,C14,3,2,6,Smart meters with 15-min data rolling out in Cyprus (EAC AMI programme) || Energy cost is a major barrier for ~50% of EU firms; SMEs under-invest in efficiency || Prediction market: price aggregates dispersed knowledge into a probability
A09,B02,C15,2,2,4,Smart meters with 15-min data rolling out in Cyprus (EAC AMI programme) || Energy cost is a major barrier for ~50% of EU firms; SMEs under-invest in efficiency || Pharmacovigilance: tiny signals from many reports detect rare problems early
A09,B03,C01,1,3,3,Smart meters with 15-min data rolling out in Cyprus (EAC AMI programme) || Late payment: ~50% of EU invoices paid late; SMEs hit hardest || Airline yield management: price changes by demand minute to minute
A09,B03,C02,1,3,3,"Smart meters with 15-min data rolling out in Cyprus (EAC AMI programme) || Late payment: ~50% of EU invoices paid late; SMEs hit hardest || Chess/Elo rating: ranking from pairwise outcomes, no absolute measure needed"
A09,B03,C03,0,3,0,Smart meters with 15-min data rolling out in Cyprus (EAC AMI programme) || Late payment: ~50% of EU invoices paid late; SMEs hit hardest || Blood-bank / organ matching: time-critical allocation of scarce perishable supply
A09,B03,C04,1,2,2,Smart meters with 15-min data rolling out in Cyprus (EAC AMI programme) || Late payment: ~50% of EU invoices paid late; SMEs hit hardest || Reinsurance: pooling many small risks and selling slices to big capital
A09,B03,C05,1,3,3,Smart meters with 15-min data rolling out in Cyprus (EAC AMI programme) || Late payment: ~50% of EU invoices paid late; SMEs hit hardest || Air-traffic control: live deconfliction of many actors in shared space
A09,B03,C06,2,3,6,Smart meters with 15-min data rolling out in Cyprus (EAC AMI programme) || Late payment: ~50% of EU invoices paid late; SMEs hit hardest || Spotify royalties: tiny usage events settled into automatic payouts
A09,B03,C07,1,3,3,Smart meters with 15-min data rolling out in Cyprus (EAC AMI programme) || Late payment: ~50% of EU invoices paid late; SMEs hit hardest || Carfax-style history report built from many third-party events
A09,B03,C08,1,3,3,Smart meters with 15-min data rolling out in Cyprus (EAC AMI programme) || Late payment: ~50% of EU invoices paid late; SMEs hit hardest || Ant colony / stigmergy: coordination through traces left in the environment
A09,B03,C09,0,3,0,Smart meters with 15-min data rolling out in Cyprus (EAC AMI programme) || Late payment: ~50% of EU invoices paid late; SMEs hit hardest || Clinical triage: route cases by urgency with a short standard question set
A09,B03,C10,1,2,2,Smart meters with 15-min data rolling out in Cyprus (EAC AMI programme) || Late payment: ~50% of EU invoices paid late; SMEs hit hardest || Futures market: sell next season's output today to lock a price
A09,B03,C11,1,3,3,"Smart meters with 15-min data rolling out in Cyprus (EAC AMI programme) || Late payment: ~50% of EU invoices paid late; SMEs hit hardest || Container shipping standard (TEU): one box fits every ship, truck, crane"
A09,B03,C12,0,3,0,Smart meters with 15-min data rolling out in Cyprus (EAC AMI programme) || Late payment: ~50% of EU invoices paid late; SMEs hit hardest || Speedrun/leaderboard gaming: public live competition drives behaviour
A09,B03,C13,2,2,4,Smart meters with 15-min data rolling out in Cyprus (EAC AMI programme) || Late payment: ~50% of EU invoices paid late; SMEs hit hardest || Tontine / rotating savings club (ROSCA): members fund each other in turn
A09,B03,C14,2,2,4,Smart meters with 15-min data rolling out in Cyprus (EAC AMI programme) || Late payment: ~50% of EU invoices paid late; SMEs hit hardest || Prediction market: price aggregates dispersed knowledge into a probability
A09,B03,C15,1,3,3,Smart meters with 15-min data rolling out in Cyprus (EAC AMI programme) || Late payment: ~50% of EU invoices paid late; SMEs hit hardest || Pharmacovigilance: tiny signals from many reports detect rare problems early
A09,B04,C01,1,2,2,"Smart meters with 15-min data rolling out in Cyprus (EAC AMI programme) || Cyprus water scarcity: desalination dependence, reservoirs below 20% (2025) || Airline yield management: price changes by demand minute to minute"
A09,B04,C02,2,2,4,"Smart meters with 15-min data rolling out in Cyprus (EAC AMI programme) || Cyprus water scarcity: desalination dependence, reservoirs below 20% (2025) || Chess/Elo rating: ranking from pairwise outcomes, no absolute measure needed"
A09,B04,C03,1,2,2,"Smart meters with 15-min data rolling out in Cyprus (EAC AMI programme) || Cyprus water scarcity: desalination dependence, reservoirs below 20% (2025) || Blood-bank / organ matching: time-critical allocation of scarce perishable supply"
A09,B04,C04,1,2,2,"Smart meters with 15-min data rolling out in Cyprus (EAC AMI programme) || Cyprus water scarcity: desalination dependence, reservoirs below 20% (2025) || Reinsurance: pooling many small risks and selling slices to big capital"
A09,B04,C05,3,2,6,"Smart meters with 15-min data rolling out in Cyprus (EAC AMI programme) || Cyprus water scarcity: desalination dependence, reservoirs below 20% (2025) || Air-traffic control: live deconfliction of many actors in shared space"
A09,B04,C06,2,2,4,"Smart meters with 15-min data rolling out in Cyprus (EAC AMI programme) || Cyprus water scarcity: desalination dependence, reservoirs below 20% (2025) || Spotify royalties: tiny usage events settled into automatic payouts"
A09,B04,C07,2,2,4,"Smart meters with 15-min data rolling out in Cyprus (EAC AMI programme) || Cyprus water scarcity: desalination dependence, reservoirs below 20% (2025) || Carfax-style history report built from many third-party events"
A09,B04,C08,3,2,6,"Smart meters with 15-min data rolling out in Cyprus (EAC AMI programme) || Cyprus water scarcity: desalination dependence, reservoirs below 20% (2025) || Ant colony / stigmergy: coordination through traces left in the environment"
A09,B04,C09,1,2,2,"Smart meters with 15-min data rolling out in Cyprus (EAC AMI programme) || Cyprus water scarcity: desalination dependence, reservoirs below 20% (2025) || Clinical triage: route cases by urgency with a short standard question set"
A09,B04,C10,2,2,4,"Smart meters with 15-min data rolling out in Cyprus (EAC AMI programme) || Cyprus water scarcity: desalination dependence, reservoirs below 20% (2025) || Futures market: sell next season's output today to lock a price"
A09,B04,C11,2,2,4,"Smart meters with 15-min data rolling out in Cyprus (EAC AMI programme) || Cyprus water scarcity: desalination dependence, reservoirs below 20% (2025) || Container shipping standard (TEU): one box fits every ship, truck, crane"
A09,B04,C12,1,2,2,"Smart meters with 15-min data rolling out in Cyprus (EAC AMI programme) || Cyprus water scarcity: desalination dependence, reservoirs below 20% (2025) || Speedrun/leaderboard gaming: public live competition drives behaviour"
A09,B04,C13,1,2,2,"Smart meters with 15-min data rolling out in Cyprus (EAC AMI programme) || Cyprus water scarcity: desalination dependence, reservoirs below 20% (2025) || Tontine / rotating savings club (ROSCA): members fund each other in turn"
A09,B04,C14,2,2,4,"Smart meters with 15-min data rolling out in Cyprus (EAC AMI programme) || Cyprus water scarcity: desalination dependence, reservoirs below 20% (2025) || Prediction market: price aggregates dispersed knowledge into a probability"
A09,B04,C15,2,2,4,"Smart meters with 15-min data rolling out in Cyprus (EAC AMI programme) || Cyprus water scarcity: desalination dependence, reservoirs below 20% (2025) || Pharmacovigilance: tiny signals from many reports detect rare problems early"
A09,B05,C01,2,3,6,Smart meters with 15-min data rolling out in Cyprus (EAC AMI programme) || Tourism seasonality: Cyprus hotels/staff idle half the year || Airline yield management: price changes by demand minute to minute
A09,B05,C02,1,3,3,"Smart meters with 15-min data rolling out in Cyprus (EAC AMI programme) || Tourism seasonality: Cyprus hotels/staff idle half the year || Chess/Elo rating: ranking from pairwise outcomes, no absolute measure needed"
A09,B05,C03,1,3,3,Smart meters with 15-min data rolling out in Cyprus (EAC AMI programme) || Tourism seasonality: Cyprus hotels/staff idle half the year || Blood-bank / organ matching: time-critical allocation of scarce perishable supply
A09,B05,C04,0,3,0,Smart meters with 15-min data rolling out in Cyprus (EAC AMI programme) || Tourism seasonality: Cyprus hotels/staff idle half the year || Reinsurance: pooling many small risks and selling slices to big capital
A09,B05,C05,2,3,6,Smart meters with 15-min data rolling out in Cyprus (EAC AMI programme) || Tourism seasonality: Cyprus hotels/staff idle half the year || Air-traffic control: live deconfliction of many actors in shared space
A09,B05,C06,2,3,6,Smart meters with 15-min data rolling out in Cyprus (EAC AMI programme) || Tourism seasonality: Cyprus hotels/staff idle half the year || Spotify royalties: tiny usage events settled into automatic payouts
A09,B05,C07,1,3,3,Smart meters with 15-min data rolling out in Cyprus (EAC AMI programme) || Tourism seasonality: Cyprus hotels/staff idle half the year || Carfax-style history report built from many third-party events
A09,B05,C08,2,3,6,Smart meters with 15-min data rolling out in Cyprus (EAC AMI programme) || Tourism seasonality: Cyprus hotels/staff idle half the year || Ant colony / stigmergy: coordination through traces left in the environment
A09,B05,C09,0,3,0,Smart meters with 15-min data rolling out in Cyprus (EAC AMI programme) || Tourism seasonality: Cyprus hotels/staff idle half the year || Clinical triage: route cases by urgency with a short standard question set
A09,B05,C10,1,3,3,Smart meters with 15-min data rolling out in Cyprus (EAC AMI programme) || Tourism seasonality: Cyprus hotels/staff idle half the year || Futures market: sell next season's output today to lock a price
A09,B05,C11,1,3,3,"Smart meters with 15-min data rolling out in Cyprus (EAC AMI programme) || Tourism seasonality: Cyprus hotels/staff idle half the year || Container shipping standard (TEU): one box fits every ship, truck, crane"
A09,B05,C12,2,3,6,Smart meters with 15-min data rolling out in Cyprus (EAC AMI programme) || Tourism seasonality: Cyprus hotels/staff idle half the year || Speedrun/leaderboard gaming: public live competition drives behaviour
A09,B05,C13,1,3,3,Smart meters with 15-min data rolling out in Cyprus (EAC AMI programme) || Tourism seasonality: Cyprus hotels/staff idle half the year || Tontine / rotating savings club (ROSCA): members fund each other in turn
A09,B05,C14,2,3,6,Smart meters with 15-min data rolling out in Cyprus (EAC AMI programme) || Tourism seasonality: Cyprus hotels/staff idle half the year || Prediction market: price aggregates dispersed knowledge into a probability
A09,B05,C15,1,3,3,Smart meters with 15-min data rolling out in Cyprus (EAC AMI programme) || Tourism seasonality: Cyprus hotels/staff idle half the year || Pharmacovigilance: tiny signals from many reports detect rare problems early
A09,B06,C01,0,3,0,Smart meters with 15-min data rolling out in Cyprus (EAC AMI programme) || Red tape: EU SMEs cite administrative burden as top obstacle (Eurobarometer 2023) || Airline yield management: price changes by demand minute to minute
A09,B06,C02,1,3,3,"Smart meters with 15-min data rolling out in Cyprus (EAC AMI programme) || Red tape: EU SMEs cite administrative burden as top obstacle (Eurobarometer 2023) || Chess/Elo rating: ranking from pairwise outcomes, no absolute measure needed"
A09,B06,C03,0,3,0,Smart meters with 15-min data rolling out in Cyprus (EAC AMI programme) || Red tape: EU SMEs cite administrative burden as top obstacle (Eurobarometer 2023) || Blood-bank / organ matching: time-critical allocation of scarce perishable supply
A09,B06,C04,0,3,0,Smart meters with 15-min data rolling out in Cyprus (EAC AMI programme) || Red tape: EU SMEs cite administrative burden as top obstacle (Eurobarometer 2023) || Reinsurance: pooling many small risks and selling slices to big capital
A09,B06,C05,1,3,3,Smart meters with 15-min data rolling out in Cyprus (EAC AMI programme) || Red tape: EU SMEs cite administrative burden as top obstacle (Eurobarometer 2023) || Air-traffic control: live deconfliction of many actors in shared space
A09,B06,C06,1,3,3,Smart meters with 15-min data rolling out in Cyprus (EAC AMI programme) || Red tape: EU SMEs cite administrative burden as top obstacle (Eurobarometer 2023) || Spotify royalties: tiny usage events settled into automatic payouts
A09,B06,C07,1,3,3,Smart meters with 15-min data rolling out in Cyprus (EAC AMI programme) || Red tape: EU SMEs cite administrative burden as top obstacle (Eurobarometer 2023) || Carfax-style history report built from many third-party events
A09,B06,C08,1,3,3,Smart meters with 15-min data rolling out in Cyprus (EAC AMI programme) || Red tape: EU SMEs cite administrative burden as top obstacle (Eurobarometer 2023) || Ant colony / stigmergy: coordination through traces left in the environment
A09,B06,C09,1,3,3,Smart meters with 15-min data rolling out in Cyprus (EAC AMI programme) || Red tape: EU SMEs cite administrative burden as top obstacle (Eurobarometer 2023) || Clinical triage: route cases by urgency with a short standard question set
A09,B06,C10,0,3,0,Smart meters with 15-min data rolling out in Cyprus (EAC AMI programme) || Red tape: EU SMEs cite administrative burden as top obstacle (Eurobarometer 2023) || Futures market: sell next season's output today to lock a price
A09,B06,C11,2,3,6,"Smart meters with 15-min data rolling out in Cyprus (EAC AMI programme) || Red tape: EU SMEs cite administrative burden as top obstacle (Eurobarometer 2023) || Container shipping standard (TEU): one box fits every ship, truck, crane"
A09,B06,C12,0,3,0,Smart meters with 15-min data rolling out in Cyprus (EAC AMI programme) || Red tape: EU SMEs cite administrative burden as top obstacle (Eurobarometer 2023) || Speedrun/leaderboard gaming: public live competition drives behaviour
A09,B06,C13,0,3,0,Smart meters with 15-min data rolling out in Cyprus (EAC AMI programme) || Red tape: EU SMEs cite administrative burden as top obstacle (Eurobarometer 2023) || Tontine / rotating savings club (ROSCA): members fund each other in turn
A09,B06,C14,1,3,3,Smart meters with 15-min data rolling out in Cyprus (EAC AMI programme) || Red tape: EU SMEs cite administrative burden as top obstacle (Eurobarometer 2023) || Prediction market: price aggregates dispersed knowledge into a probability
A09,B06,C15,1,3,3,Smart meters with 15-min data rolling out in Cyprus (EAC AMI programme) || Red tape: EU SMEs cite administrative burden as top obstacle (Eurobarometer 2023) || Pharmacovigilance: tiny signals from many reports detect rare problems early
A09,B07,C01,0,3,0,Smart meters with 15-min data rolling out in Cyprus (EAC AMI programme) || Farmers lose crops to heat/drought with slow or no insurance payout || Airline yield management: price changes by demand minute to minute
A09,B07,C02,1,3,3,"Smart meters with 15-min data rolling out in Cyprus (EAC AMI programme) || Farmers lose crops to heat/drought with slow or no insurance payout || Chess/Elo rating: ranking from pairwise outcomes, no absolute measure needed"
A09,B07,C03,0,3,0,Smart meters with 15-min data rolling out in Cyprus (EAC AMI programme) || Farmers lose crops to heat/drought with slow or no insurance payout || Blood-bank / organ matching: time-critical allocation of scarce perishable supply
A09,B07,C04,1,3,3,Smart meters with 15-min data rolling out in Cyprus (EAC AMI programme) || Farmers lose crops to heat/drought with slow or no insurance payout || Reinsurance: pooling many small risks and selling slices to big capital
A09,B07,C05,1,3,3,Smart meters with 15-min data rolling out in Cyprus (EAC AMI programme) || Farmers lose crops to heat/drought with slow or no insurance payout || Air-traffic control: live deconfliction of many actors in shared space
A09,B07,C06,1,3,3,Smart meters with 15-min data rolling out in Cyprus (EAC AMI programme) || Farmers lose crops to heat/drought with slow or no insurance payout || Spotify royalties: tiny usage events settled into automatic payouts
A09,B07,C07,1,3,3,Smart meters with 15-min data rolling out in Cyprus (EAC AMI programme) || Farmers lose crops to heat/drought with slow or no insurance payout || Carfax-style history report built from many third-party events
A09,B07,C08,1,2,2,Smart meters with 15-min data rolling out in Cyprus (EAC AMI programme) || Farmers lose crops to heat/drought with slow or no insurance payout || Ant colony / stigmergy: coordination through traces left in the environment
A09,B07,C09,0,3,0,Smart meters with 15-min data rolling out in Cyprus (EAC AMI programme) || Farmers lose crops to heat/drought with slow or no insurance payout || Clinical triage: route cases by urgency with a short standard question set
A09,B07,C10,1,3,3,Smart meters with 15-min data rolling out in Cyprus (EAC AMI programme) || Farmers lose crops to heat/drought with slow or no insurance payout || Futures market: sell next season's output today to lock a price
A09,B07,C11,1,3,3,"Smart meters with 15-min data rolling out in Cyprus (EAC AMI programme) || Farmers lose crops to heat/drought with slow or no insurance payout || Container shipping standard (TEU): one box fits every ship, truck, crane"
A09,B07,C12,0,3,0,Smart meters with 15-min data rolling out in Cyprus (EAC AMI programme) || Farmers lose crops to heat/drought with slow or no insurance payout || Speedrun/leaderboard gaming: public live competition drives behaviour
A09,B07,C13,0,3,0,Smart meters with 15-min data rolling out in Cyprus (EAC AMI programme) || Farmers lose crops to heat/drought with slow or no insurance payout || Tontine / rotating savings club (ROSCA): members fund each other in turn
A09,B07,C14,1,3,3,Smart meters with 15-min data rolling out in Cyprus (EAC AMI programme) || Farmers lose crops to heat/drought with slow or no insurance payout || Prediction market: price aggregates dispersed knowledge into a probability
A09,B07,C15,1,3,3,Smart meters with 15-min data rolling out in Cyprus (EAC AMI programme) || Farmers lose crops to heat/drought with slow or no insurance payout || Pharmacovigilance: tiny signals from many reports detect rare problems early
A09,B08,C01,0,3,0,"Smart meters with 15-min data rolling out in Cyprus (EAC AMI programme) || Food waste: ~130 kg per EU citizen/year, retail+hospitality large share || Airline yield management: price changes by demand minute to minute"
A09,B08,C02,1,3,3,"Smart meters with 15-min data rolling out in Cyprus (EAC AMI programme) || Food waste: ~130 kg per EU citizen/year, retail+hospitality large share || Chess/Elo rating: ranking from pairwise outcomes, no absolute measure needed"
A09,B08,C03,1,3,3,"Smart meters with 15-min data rolling out in Cyprus (EAC AMI programme) || Food waste: ~130 kg per EU citizen/year, retail+hospitality large share || Blood-bank / organ matching: time-critical allocation of scarce perishable supply"
A09,B08,C04,0,3,0,"Smart meters with 15-min data rolling out in Cyprus (EAC AMI programme) || Food waste: ~130 kg per EU citizen/year, retail+hospitality large share || Reinsurance: pooling many small risks and selling slices to big capital"
A09,B08,C05,1,3,3,"Smart meters with 15-min data rolling out in Cyprus (EAC AMI programme) || Food waste: ~130 kg per EU citizen/year, retail+hospitality large share || Air-traffic control: live deconfliction of many actors in shared space"
A09,B08,C06,1,3,3,"Smart meters with 15-min data rolling out in Cyprus (EAC AMI programme) || Food waste: ~130 kg per EU citizen/year, retail+hospitality large share || Spotify royalties: tiny usage events settled into automatic payouts"
A09,B08,C07,2,3,6,"Smart meters with 15-min data rolling out in Cyprus (EAC AMI programme) || Food waste: ~130 kg per EU citizen/year, retail+hospitality large share || Carfax-style history report built from many third-party events"
A09,B08,C08,1,3,3,"Smart meters with 15-min data rolling out in Cyprus (EAC AMI programme) || Food waste: ~130 kg per EU citizen/year, retail+hospitality large share || Ant colony / stigmergy: coordination through traces left in the environment"
A09,B08,C09,0,3,0,"Smart meters with 15-min data rolling out in Cyprus (EAC AMI programme) || Food waste: ~130 kg per EU citizen/year, retail+hospitality large share || Clinical triage: route cases by urgency with a short standard question set"
A09,B08,C10,0,3,0,"Smart meters with 15-min data rolling out in Cyprus (EAC AMI programme) || Food waste: ~130 kg per EU citizen/year, retail+hospitality large share || Futures market: sell next season's output today to lock a price"
A09,B08,C11,1,3,3,"Smart meters with 15-min data rolling out in Cyprus (EAC AMI programme) || Food waste: ~130 kg per EU citizen/year, retail+hospitality large share || Container shipping standard (TEU): one box fits every ship, truck, crane"
A09,B08,C12,1,3,3,"Smart meters with 15-min data rolling out in Cyprus (EAC AMI programme) || Food waste: ~130 kg per EU citizen/year, retail+hospitality large share || Speedrun/leaderboard gaming: public live competition drives behaviour"
A09,B08,C13,0,3,0,"Smart meters with 15-min data rolling out in Cyprus (EAC AMI programme) || Food waste: ~130 kg per EU citizen/year, retail+hospitality large share || Tontine / rotating savings club (ROSCA): members fund each other in turn"
A09,B08,C14,1,3,3,"Smart meters with 15-min data rolling out in Cyprus (EAC AMI programme) || Food waste: ~130 kg per EU citizen/year, retail+hospitality large share || Prediction market: price aggregates dispersed knowledge into a probability"
A09,B08,C15,1,3,3,"Smart meters with 15-min data rolling out in Cyprus (EAC AMI programme) || Food waste: ~130 kg per EU citizen/year, retail+hospitality large share || Pharmacovigilance: tiny signals from many reports detect rare problems early"
A09,B09,C01,3,2,6,Smart meters with 15-min data rolling out in Cyprus (EAC AMI programme) || Island grid curtailment: Cyprus wastes solar output at midday (no interconnector) || Airline yield management: price changes by demand minute to minute
A09,B09,C02,3,2,6,"Smart meters with 15-min data rolling out in Cyprus (EAC AMI programme) || Island grid curtailment: Cyprus wastes solar output at midday (no interconnector) || Chess/Elo rating: ranking from pairwise outcomes, no absolute measure needed"
A09,B09,C03,3,2,6,Smart meters with 15-min data rolling out in Cyprus (EAC AMI programme) || Island grid curtailment: Cyprus wastes solar output at midday (no interconnector) || Blood-bank / organ matching: time-critical allocation of scarce perishable supply
A09,B09,C04,2,2,4,Smart meters with 15-min data rolling out in Cyprus (EAC AMI programme) || Island grid curtailment: Cyprus wastes solar output at midday (no interconnector) || Reinsurance: pooling many small risks and selling slices to big capital
A09,B09,C05,5,2,10,Smart meters with 15-min data rolling out in Cyprus (EAC AMI programme) || Island grid curtailment: Cyprus wastes solar output at midday (no interconnector) || Air-traffic control: live deconfliction of many actors in shared space
A09,B09,C06,3,2,6,Smart meters with 15-min data rolling out in Cyprus (EAC AMI programme) || Island grid curtailment: Cyprus wastes solar output at midday (no interconnector) || Spotify royalties: tiny usage events settled into automatic payouts
A09,B09,C07,3,2,6,Smart meters with 15-min data rolling out in Cyprus (EAC AMI programme) || Island grid curtailment: Cyprus wastes solar output at midday (no interconnector) || Carfax-style history report built from many third-party events
A09,B09,C08,5,2,10,Smart meters with 15-min data rolling out in Cyprus (EAC AMI programme) || Island grid curtailment: Cyprus wastes solar output at midday (no interconnector) || Ant colony / stigmergy: coordination through traces left in the environment
A09,B09,C09,2,2,4,Smart meters with 15-min data rolling out in Cyprus (EAC AMI programme) || Island grid curtailment: Cyprus wastes solar output at midday (no interconnector) || Clinical triage: route cases by urgency with a short standard question set
A09,B09,C10,2,2,4,Smart meters with 15-min data rolling out in Cyprus (EAC AMI programme) || Island grid curtailment: Cyprus wastes solar output at midday (no interconnector) || Futures market: sell next season's output today to lock a price
A09,B09,C11,3,2,6,"Smart meters with 15-min data rolling out in Cyprus (EAC AMI programme) || Island grid curtailment: Cyprus wastes solar output at midday (no interconnector) || Container shipping standard (TEU): one box fits every ship, truck, crane"
A09,B09,C12,3,2,6,Smart meters with 15-min data rolling out in Cyprus (EAC AMI programme) || Island grid curtailment: Cyprus wastes solar output at midday (no interconnector) || Speedrun/leaderboard gaming: public live competition drives behaviour
A09,B09,C13,2,2,4,Smart meters with 15-min data rolling out in Cyprus (EAC AMI programme) || Island grid curtailment: Cyprus wastes solar output at midday (no interconnector) || Tontine / rotating savings club (ROSCA): members fund each other in turn
A09,B09,C14,3,2,6,Smart meters with 15-min data rolling out in Cyprus (EAC AMI programme) || Island grid curtailment: Cyprus wastes solar output at midday (no interconnector) || Prediction market: price aggregates dispersed knowledge into a probability
A09,B09,C15,3,2,6,Smart meters with 15-min data rolling out in Cyprus (EAC AMI programme) || Island grid curtailment: Cyprus wastes solar output at midday (no interconnector) || Pharmacovigilance: tiny signals from many reports detect rare problems early
A09,B10,C01,1,3,3,"Smart meters with 15-min data rolling out in Cyprus (EAC AMI programme) || SMEs can't get credit: thin files, no collateral (SAFE survey) || Airline yield management: price changes by demand minute to minute"
A09,B10,C02,4,3,12,"Smart meters with 15-min data rolling out in Cyprus (EAC AMI programme) || SMEs can't get credit: thin files, no collateral (SAFE survey) || Chess/Elo rating: ranking from pairwise outcomes, no absolute measure needed"
A09,B10,C03,1,3,3,"Smart meters with 15-min data rolling out in Cyprus (EAC AMI programme) || SMEs can't get credit: thin files, no collateral (SAFE survey) || Blood-bank / organ matching: time-critical allocation of scarce perishable supply"
A09,B10,C04,2,2,4,"Smart meters with 15-min data rolling out in Cyprus (EAC AMI programme) || SMEs can't get credit: thin files, no collateral (SAFE survey) || Reinsurance: pooling many small risks and selling slices to big capital"
A09,B10,C05,2,3,6,"Smart meters with 15-min data rolling out in Cyprus (EAC AMI programme) || SMEs can't get credit: thin files, no collateral (SAFE survey) || Air-traffic control: live deconfliction of many actors in shared space"
A09,B10,C06,3,3,9,"Smart meters with 15-min data rolling out in Cyprus (EAC AMI programme) || SMEs can't get credit: thin files, no collateral (SAFE survey) || Spotify royalties: tiny usage events settled into automatic payouts"
A09,B10,C07,3,3,9,"Smart meters with 15-min data rolling out in Cyprus (EAC AMI programme) || SMEs can't get credit: thin files, no collateral (SAFE survey) || Carfax-style history report built from many third-party events"
A09,B10,C08,2,3,6,"Smart meters with 15-min data rolling out in Cyprus (EAC AMI programme) || SMEs can't get credit: thin files, no collateral (SAFE survey) || Ant colony / stigmergy: coordination through traces left in the environment"
A09,B10,C09,1,3,3,"Smart meters with 15-min data rolling out in Cyprus (EAC AMI programme) || SMEs can't get credit: thin files, no collateral (SAFE survey) || Clinical triage: route cases by urgency with a short standard question set"
A09,B10,C10,1,2,2,"Smart meters with 15-min data rolling out in Cyprus (EAC AMI programme) || SMEs can't get credit: thin files, no collateral (SAFE survey) || Futures market: sell next season's output today to lock a price"
A09,B10,C11,3,3,9,"Smart meters with 15-min data rolling out in Cyprus (EAC AMI programme) || SMEs can't get credit: thin files, no collateral (SAFE survey) || Container shipping standard (TEU): one box fits every ship, truck, crane"
A09,B10,C12,1,3,3,"Smart meters with 15-min data rolling out in Cyprus (EAC AMI programme) || SMEs can't get credit: thin files, no collateral (SAFE survey) || Speedrun/leaderboard gaming: public live competition drives behaviour"
A09,B10,C13,2,2,4,"Smart meters with 15-min data rolling out in Cyprus (EAC AMI programme) || SMEs can't get credit: thin files, no collateral (SAFE survey) || Tontine / rotating savings club (ROSCA): members fund each other in turn"
A09,B10,C14,3,2,6,"Smart meters with 15-min data rolling out in Cyprus (EAC AMI programme) || SMEs can't get credit: thin files, no collateral (SAFE survey) || Prediction market: price aggregates dispersed knowledge into a probability"
A09,B10,C15,3,3,9,"Smart meters with 15-min data rolling out in Cyprus (EAC AMI programme) || SMEs can't get credit: thin files, no collateral (SAFE survey) || Pharmacovigilance: tiny signals from many reports detect rare problems early"
A09,B11,C01,1,3,3,"Smart meters with 15-min data rolling out in Cyprus (EAC AMI programme) || Used goods and repairs lack trusted history, so resale value collapses || Airline yield management: price changes by demand minute to minute"
A09,B11,C02,3,3,9,"Smart meters with 15-min data rolling out in Cyprus (EAC AMI programme) || Used goods and repairs lack trusted history, so resale value collapses || Chess/Elo rating: ranking from pairwise outcomes, no absolute measure needed"
A09,B11,C03,2,3,6,"Smart meters with 15-min data rolling out in Cyprus (EAC AMI programme) || Used goods and repairs lack trusted history, so resale value collapses || Blood-bank / organ matching: time-critical allocation of scarce perishable supply"
A09,B11,C04,1,3,3,"Smart meters with 15-min data rolling out in Cyprus (EAC AMI programme) || Used goods and repairs lack trusted history, so resale value collapses || Reinsurance: pooling many small risks and selling slices to big capital"
A09,B11,C05,2,3,6,"Smart meters with 15-min data rolling out in Cyprus (EAC AMI programme) || Used goods and repairs lack trusted history, so resale value collapses || Air-traffic control: live deconfliction of many actors in shared space"
A09,B11,C06,3,3,9,"Smart meters with 15-min data rolling out in Cyprus (EAC AMI programme) || Used goods and repairs lack trusted history, so resale value collapses || Spotify royalties: tiny usage events settled into automatic payouts"
A09,B11,C07,4,3,12,"Smart meters with 15-min data rolling out in Cyprus (EAC AMI programme) || Used goods and repairs lack trusted history, so resale value collapses || Carfax-style history report built from many third-party events"
A09,B11,C08,2,3,6,"Smart meters with 15-min data rolling out in Cyprus (EAC AMI programme) || Used goods and repairs lack trusted history, so resale value collapses || Ant colony / stigmergy: coordination through traces left in the environment"
A09,B11,C09,1,3,3,"Smart meters with 15-min data rolling out in Cyprus (EAC AMI programme) || Used goods and repairs lack trusted history, so resale value collapses || Clinical triage: route cases by urgency with a short standard question set"
A09,B11,C10,1,3,3,"Smart meters with 15-min data rolling out in Cyprus (EAC AMI programme) || Used goods and repairs lack trusted history, so resale value collapses || Futures market: sell next season's output today to lock a price"
A09,B11,C11,4,3,12,"Smart meters with 15-min data rolling out in Cyprus (EAC AMI programme) || Used goods and repairs lack trusted history, so resale value collapses || Container shipping standard (TEU): one box fits every ship, truck, crane"
A09,B11,C12,1,3,3,"Smart meters with 15-min data rolling out in Cyprus (EAC AMI programme) || Used goods and repairs lack trusted history, so resale value collapses || Speedrun/leaderboard gaming: public live competition drives behaviour"
A09,B11,C13,1,3,3,"Smart meters with 15-min data rolling out in Cyprus (EAC AMI programme) || Used goods and repairs lack trusted history, so resale value collapses || Tontine / rotating savings club (ROSCA): members fund each other in turn"
A09,B11,C14,3,3,9,"Smart meters with 15-min data rolling out in Cyprus (EAC AMI programme) || Used goods and repairs lack trusted history, so resale value collapses || Prediction market: price aggregates dispersed knowledge into a probability"
A09,B11,C15,3,3,9,"Smart meters with 15-min data rolling out in Cyprus (EAC AMI programme) || Used goods and repairs lack trusted history, so resale value collapses || Pharmacovigilance: tiny signals from many reports detect rare problems early"
A09,B12,C01,2,3,6,"Smart meters with 15-min data rolling out in Cyprus (EAC AMI programme) || Staff shortages in hospitality/care; workers paid late, shifts unfilled || Airline yield management: price changes by demand minute to minute"
A09,B12,C02,1,3,3,"Smart meters with 15-min data rolling out in Cyprus (EAC AMI programme) || Staff shortages in hospitality/care; workers paid late, shifts unfilled || Chess/Elo rating: ranking from pairwise outcomes, no absolute measure needed"
A09,B12,C03,1,3,3,"Smart meters with 15-min data rolling out in Cyprus (EAC AMI programme) || Staff shortages in hospitality/care; workers paid late, shifts unfilled || Blood-bank / organ matching: time-critical allocation of scarce perishable supply"
A09,B12,C04,0,3,0,"Smart meters with 15-min data rolling out in Cyprus (EAC AMI programme) || Staff shortages in hospitality/care; workers paid late, shifts unfilled || Reinsurance: pooling many small risks and selling slices to big capital"
A09,B12,C05,2,3,6,"Smart meters with 15-min data rolling out in Cyprus (EAC AMI programme) || Staff shortages in hospitality/care; workers paid late, shifts unfilled || Air-traffic control: live deconfliction of many actors in shared space"
A09,B12,C06,2,3,6,"Smart meters with 15-min data rolling out in Cyprus (EAC AMI programme) || Staff shortages in hospitality/care; workers paid late, shifts unfilled || Spotify royalties: tiny usage events settled into automatic payouts"
A09,B12,C07,1,3,3,"Smart meters with 15-min data rolling out in Cyprus (EAC AMI programme) || Staff shortages in hospitality/care; workers paid late, shifts unfilled || Carfax-style history report built from many third-party events"
A09,B12,C08,2,3,6,"Smart meters with 15-min data rolling out in Cyprus (EAC AMI programme) || Staff shortages in hospitality/care; workers paid late, shifts unfilled || Ant colony / stigmergy: coordination through traces left in the environment"
A09,B12,C09,1,3,3,"Smart meters with 15-min data rolling out in Cyprus (EAC AMI programme) || Staff shortages in hospitality/care; workers paid late, shifts unfilled || Clinical triage: route cases by urgency with a short standard question set"
A09,B12,C10,1,3,3,"Smart meters with 15-min data rolling out in Cyprus (EAC AMI programme) || Staff shortages in hospitality/care; workers paid late, shifts unfilled || Futures market: sell next season's output today to lock a price"
A09,B12,C11,1,3,3,"Smart meters with 15-min data rolling out in Cyprus (EAC AMI programme) || Staff shortages in hospitality/care; workers paid late, shifts unfilled || Container shipping standard (TEU): one box fits every ship, truck, crane"
A09,B12,C12,1,3,3,"Smart meters with 15-min data rolling out in Cyprus (EAC AMI programme) || Staff shortages in hospitality/care; workers paid late, shifts unfilled || Speedrun/leaderboard gaming: public live competition drives behaviour"
A09,B12,C13,1,3,3,"Smart meters with 15-min data rolling out in Cyprus (EAC AMI programme) || Staff shortages in hospitality/care; workers paid late, shifts unfilled || Tontine / rotating savings club (ROSCA): members fund each other in turn"
A09,B12,C14,2,3,6,"Smart meters with 15-min data rolling out in Cyprus (EAC AMI programme) || Staff shortages in hospitality/care; workers paid late, shifts unfilled || Prediction market: price aggregates dispersed knowledge into a probability"
A09,B12,C15,2,3,6,"Smart meters with 15-min data rolling out in Cyprus (EAC AMI programme) || Staff shortages in hospitality/care; workers paid late, shifts unfilled || Pharmacovigilance: tiny signals from many reports detect rare problems early"
A09,B13,C01,0,3,0,Smart meters with 15-min data rolling out in Cyprus (EAC AMI programme) || Grant and subsidy money goes unclaimed; SMEs don't know or can't apply || Airline yield management: price changes by demand minute to minute
A09,B13,C02,2,3,6,"Smart meters with 15-min data rolling out in Cyprus (EAC AMI programme) || Grant and subsidy money goes unclaimed; SMEs don't know or can't apply || Chess/Elo rating: ranking from pairwise outcomes, no absolute measure needed"
A09,B13,C03,0,3,0,Smart meters with 15-min data rolling out in Cyprus (EAC AMI programme) || Grant and subsidy money goes unclaimed; SMEs don't know or can't apply || Blood-bank / organ matching: time-critical allocation of scarce perishable supply
A09,B13,C04,0,3,0,Smart meters with 15-min data rolling out in Cyprus (EAC AMI programme) || Grant and subsidy money goes unclaimed; SMEs don't know or can't apply || Reinsurance: pooling many small risks and selling slices to big capital
A09,B13,C05,1,3,3,Smart meters with 15-min data rolling out in Cyprus (EAC AMI programme) || Grant and subsidy money goes unclaimed; SMEs don't know or can't apply || Air-traffic control: live deconfliction of many actors in shared space
A09,B13,C06,1,3,3,Smart meters with 15-min data rolling out in Cyprus (EAC AMI programme) || Grant and subsidy money goes unclaimed; SMEs don't know or can't apply || Spotify royalties: tiny usage events settled into automatic payouts
A09,B13,C07,1,3,3,Smart meters with 15-min data rolling out in Cyprus (EAC AMI programme) || Grant and subsidy money goes unclaimed; SMEs don't know or can't apply || Carfax-style history report built from many third-party events
A09,B13,C08,1,3,3,Smart meters with 15-min data rolling out in Cyprus (EAC AMI programme) || Grant and subsidy money goes unclaimed; SMEs don't know or can't apply || Ant colony / stigmergy: coordination through traces left in the environment
A09,B13,C09,1,3,3,Smart meters with 15-min data rolling out in Cyprus (EAC AMI programme) || Grant and subsidy money goes unclaimed; SMEs don't know or can't apply || Clinical triage: route cases by urgency with a short standard question set
A09,B13,C10,0,3,0,Smart meters with 15-min data rolling out in Cyprus (EAC AMI programme) || Grant and subsidy money goes unclaimed; SMEs don't know or can't apply || Futures market: sell next season's output today to lock a price
A09,B13,C11,2,3,6,"Smart meters with 15-min data rolling out in Cyprus (EAC AMI programme) || Grant and subsidy money goes unclaimed; SMEs don't know or can't apply || Container shipping standard (TEU): one box fits every ship, truck, crane"
A09,B13,C12,0,3,0,Smart meters with 15-min data rolling out in Cyprus (EAC AMI programme) || Grant and subsidy money goes unclaimed; SMEs don't know or can't apply || Speedrun/leaderboard gaming: public live competition drives behaviour
A09,B13,C13,0,3,0,Smart meters with 15-min data rolling out in Cyprus (EAC AMI programme) || Grant and subsidy money goes unclaimed; SMEs don't know or can't apply || Tontine / rotating savings club (ROSCA): members fund each other in turn
A09,B13,C14,1,3,3,Smart meters with 15-min data rolling out in Cyprus (EAC AMI programme) || Grant and subsidy money goes unclaimed; SMEs don't know or can't apply || Prediction market: price aggregates dispersed knowledge into a probability
A09,B13,C15,1,3,3,Smart meters with 15-min data rolling out in Cyprus (EAC AMI programme) || Grant and subsidy money goes unclaimed; SMEs don't know or can't apply || Pharmacovigilance: tiny signals from many reports detect rare problems early
A09,B14,C01,2,3,6,"Smart meters with 15-min data rolling out in Cyprus (EAC AMI programme) || Heatwaves: buildings overheat, elderly and workers at risk (Cyprus 45C+) || Airline yield management: price changes by demand minute to minute"
A09,B14,C02,3,3,9,"Smart meters with 15-min data rolling out in Cyprus (EAC AMI programme) || Heatwaves: buildings overheat, elderly and workers at risk (Cyprus 45C+) || Chess/Elo rating: ranking from pairwise outcomes, no absolute measure needed"
A09,B14,C03,2,2,4,"Smart meters with 15-min data rolling out in Cyprus (EAC AMI programme) || Heatwaves: buildings overheat, elderly and workers at risk (Cyprus 45C+) || Blood-bank / organ matching: time-critical allocation of scarce perishable supply"
A09,B14,C04,3,3,9,"Smart meters with 15-min data rolling out in Cyprus (EAC AMI programme) || Heatwaves: buildings overheat, elderly and workers at risk (Cyprus 45C+) || Reinsurance: pooling many small risks and selling slices to big capital"
A09,B14,C05,4,3,12,"Smart meters with 15-min data rolling out in Cyprus (EAC AMI programme) || Heatwaves: buildings overheat, elderly and workers at risk (Cyprus 45C+) || Air-traffic control: live deconfliction of many actors in shared space"
A09,B14,C06,3,3,9,"Smart meters with 15-min data rolling out in Cyprus (EAC AMI programme) || Heatwaves: buildings overheat, elderly and workers at risk (Cyprus 45C+) || Spotify royalties: tiny usage events settled into automatic payouts"
A09,B14,C07,3,3,9,"Smart meters with 15-min data rolling out in Cyprus (EAC AMI programme) || Heatwaves: buildings overheat, elderly and workers at risk (Cyprus 45C+) || Carfax-style history report built from many third-party events"
A09,B14,C08,4,3,12,"Smart meters with 15-min data rolling out in Cyprus (EAC AMI programme) || Heatwaves: buildings overheat, elderly and workers at risk (Cyprus 45C+) || Ant colony / stigmergy: coordination through traces left in the environment"
A09,B14,C09,2,2,4,"Smart meters with 15-min data rolling out in Cyprus (EAC AMI programme) || Heatwaves: buildings overheat, elderly and workers at risk (Cyprus 45C+) || Clinical triage: route cases by urgency with a short standard question set"
A09,B14,C10,2,3,6,"Smart meters with 15-min data rolling out in Cyprus (EAC AMI programme) || Heatwaves: buildings overheat, elderly and workers at risk (Cyprus 45C+) || Futures market: sell next season's output today to lock a price"
A09,B14,C11,3,3,9,"Smart meters with 15-min data rolling out in Cyprus (EAC AMI programme) || Heatwaves: buildings overheat, elderly and workers at risk (Cyprus 45C+) || Container shipping standard (TEU): one box fits every ship, truck, crane"
A09,B14,C12,2,3,6,"Smart meters with 15-min data rolling out in Cyprus (EAC AMI programme) || Heatwaves: buildings overheat, elderly and workers at risk (Cyprus 45C+) || Speedrun/leaderboard gaming: public live competition drives behaviour"
A09,B14,C13,2,3,6,"Smart meters with 15-min data rolling out in Cyprus (EAC AMI programme) || Heatwaves: buildings overheat, elderly and workers at risk (Cyprus 45C+) || Tontine / rotating savings club (ROSCA): members fund each other in turn"
A09,B14,C14,3,3,9,"Smart meters with 15-min data rolling out in Cyprus (EAC AMI programme) || Heatwaves: buildings overheat, elderly and workers at risk (Cyprus 45C+) || Prediction market: price aggregates dispersed knowledge into a probability"
A09,B14,C15,3,2,6,"Smart meters with 15-min data rolling out in Cyprus (EAC AMI programme) || Heatwaves: buildings overheat, elderly and workers at risk (Cyprus 45C+) || Pharmacovigilance: tiny signals from many reports detect rare problems early"
A09,B15,C01,1,2,2,Smart meters with 15-min data rolling out in Cyprus (EAC AMI programme) || Property and utility disputes between landlords and tenants over shared costs || Airline yield management: price changes by demand minute to minute
A09,B15,C02,2,2,4,"Smart meters with 15-min data rolling out in Cyprus (EAC AMI programme) || Property and utility disputes between landlords and tenants over shared costs || Chess/Elo rating: ranking from pairwise outcomes, no absolute measure needed"
A09,B15,C03,1,2,2,Smart meters with 15-min data rolling out in Cyprus (EAC AMI programme) || Property and utility disputes between landlords and tenants over shared costs || Blood-bank / organ matching: time-critical allocation of scarce perishable supply
A09,B15,C04,1,2,2,Smart meters with 15-min data rolling out in Cyprus (EAC AMI programme) || Property and utility disputes between landlords and tenants over shared costs || Reinsurance: pooling many small risks and selling slices to big capital
A09,B15,C05,2,2,4,Smart meters with 15-min data rolling out in Cyprus (EAC AMI programme) || Property and utility disputes between landlords and tenants over shared costs || Air-traffic control: live deconfliction of many actors in shared space
A09,B15,C06,2,2,4,Smart meters with 15-min data rolling out in Cyprus (EAC AMI programme) || Property and utility disputes between landlords and tenants over shared costs || Spotify royalties: tiny usage events settled into automatic payouts
A09,B15,C07,2,2,4,Smart meters with 15-min data rolling out in Cyprus (EAC AMI programme) || Property and utility disputes between landlords and tenants over shared costs || Carfax-style history report built from many third-party events
A09,B15,C08,2,2,4,Smart meters with 15-min data rolling out in Cyprus (EAC AMI programme) || Property and utility disputes between landlords and tenants over shared costs || Ant colony / stigmergy: coordination through traces left in the environment
A09,B15,C09,1,2,2,Smart meters with 15-min data rolling out in Cyprus (EAC AMI programme) || Property and utility disputes between landlords and tenants over shared costs || Clinical triage: route cases by urgency with a short standard question set
A09,B15,C10,2,2,4,Smart meters with 15-min data rolling out in Cyprus (EAC AMI programme) || Property and utility disputes between landlords and tenants over shared costs || Futures market: sell next season's output today to lock a price
A09,B15,C11,2,2,4,"Smart meters with 15-min data rolling out in Cyprus (EAC AMI programme) || Property and utility disputes between landlords and tenants over shared costs || Container shipping standard (TEU): one box fits every ship, truck, crane"
A09,B15,C12,1,2,2,Smart meters with 15-min data rolling out in Cyprus (EAC AMI programme) || Property and utility disputes between landlords and tenants over shared costs || Speedrun/leaderboard gaming: public live competition drives behaviour
A09,B15,C13,2,2,4,Smart meters with 15-min data rolling out in Cyprus (EAC AMI programme) || Property and utility disputes between landlords and tenants over shared costs || Tontine / rotating savings club (ROSCA): members fund each other in turn
A09,B15,C14,2,2,4,Smart meters with 15-min data rolling out in Cyprus (EAC AMI programme) || Property and utility disputes between landlords and tenants over shared costs || Prediction market: price aggregates dispersed knowledge into a probability
A09,B15,C15,2,2,4,Smart meters with 15-min data rolling out in Cyprus (EAC AMI programme) || Property and utility disputes between landlords and tenants over shared costs || Pharmacovigilance: tiny signals from many reports detect rare problems early
A10,B01,C01,1,3,3,"Daily free satellite imagery at 3-10m (Sentinel-2, Planet NICFI-style access) || SMEs answer many differently-worded sustainability requests from banks/customers || Airline yield management: price changes by demand minute to minute"
A10,B01,C02,3,3,9,"Daily free satellite imagery at 3-10m (Sentinel-2, Planet NICFI-style access) || SMEs answer many differently-worded sustainability requests from banks/customers || Chess/Elo rating: ranking from pairwise outcomes, no absolute measure needed"
A10,B01,C03,1,3,3,"Daily free satellite imagery at 3-10m (Sentinel-2, Planet NICFI-style access) || SMEs answer many differently-worded sustainability requests from banks/customers || Blood-bank / organ matching: time-critical allocation of scarce perishable supply"
A10,B01,C04,2,3,6,"Daily free satellite imagery at 3-10m (Sentinel-2, Planet NICFI-style access) || SMEs answer many differently-worded sustainability requests from banks/customers || Reinsurance: pooling many small risks and selling slices to big capital"
A10,B01,C05,1,3,3,"Daily free satellite imagery at 3-10m (Sentinel-2, Planet NICFI-style access) || SMEs answer many differently-worded sustainability requests from banks/customers || Air-traffic control: live deconfliction of many actors in shared space"
A10,B01,C06,3,3,9,"Daily free satellite imagery at 3-10m (Sentinel-2, Planet NICFI-style access) || SMEs answer many differently-worded sustainability requests from banks/customers || Spotify royalties: tiny usage events settled into automatic payouts"
A10,B01,C07,3,3,9,"Daily free satellite imagery at 3-10m (Sentinel-2, Planet NICFI-style access) || SMEs answer many differently-worded sustainability requests from banks/customers || Carfax-style history report built from many third-party events"
A10,B01,C08,1,3,3,"Daily free satellite imagery at 3-10m (Sentinel-2, Planet NICFI-style access) || SMEs answer many differently-worded sustainability requests from banks/customers || Ant colony / stigmergy: coordination through traces left in the environment"
A10,B01,C09,2,3,6,"Daily free satellite imagery at 3-10m (Sentinel-2, Planet NICFI-style access) || SMEs answer many differently-worded sustainability requests from banks/customers || Clinical triage: route cases by urgency with a short standard question set"
A10,B01,C10,2,3,6,"Daily free satellite imagery at 3-10m (Sentinel-2, Planet NICFI-style access) || SMEs answer many differently-worded sustainability requests from banks/customers || Futures market: sell next season's output today to lock a price"
A10,B01,C11,4,3,12,"Daily free satellite imagery at 3-10m (Sentinel-2, Planet NICFI-style access) || SMEs answer many differently-worded sustainability requests from banks/customers || Container shipping standard (TEU): one box fits every ship, truck, crane"
A10,B01,C12,1,3,3,"Daily free satellite imagery at 3-10m (Sentinel-2, Planet NICFI-style access) || SMEs answer many differently-worded sustainability requests from banks/customers || Speedrun/leaderboard gaming: public live competition drives behaviour"
A10,B01,C13,2,3,6,"Daily free satellite imagery at 3-10m (Sentinel-2, Planet NICFI-style access) || SMEs answer many differently-worded sustainability requests from banks/customers || Tontine / rotating savings club (ROSCA): members fund each other in turn"
A10,B01,C14,3,3,9,"Daily free satellite imagery at 3-10m (Sentinel-2, Planet NICFI-style access) || SMEs answer many differently-worded sustainability requests from banks/customers || Prediction market: price aggregates dispersed knowledge into a probability"
A10,B01,C15,3,3,9,"Daily free satellite imagery at 3-10m (Sentinel-2, Planet NICFI-style access) || SMEs answer many differently-worded sustainability requests from banks/customers || Pharmacovigilance: tiny signals from many reports detect rare problems early"
A10,B02,C01,1,3,3,"Daily free satellite imagery at 3-10m (Sentinel-2, Planet NICFI-style access) || Energy cost is a major barrier for ~50% of EU firms; SMEs under-invest in efficiency || Airline yield management: price changes by demand minute to minute"
A10,B02,C02,1,3,3,"Daily free satellite imagery at 3-10m (Sentinel-2, Planet NICFI-style access) || Energy cost is a major barrier for ~50% of EU firms; SMEs under-invest in efficiency || Chess/Elo rating: ranking from pairwise outcomes, no absolute measure needed"
A10,B02,C03,0,3,0,"Daily free satellite imagery at 3-10m (Sentinel-2, Planet NICFI-style access) || Energy cost is a major barrier for ~50% of EU firms; SMEs under-invest in efficiency || Blood-bank / organ matching: time-critical allocation of scarce perishable supply"
A10,B02,C04,1,3,3,"Daily free satellite imagery at 3-10m (Sentinel-2, Planet NICFI-style access) || Energy cost is a major barrier for ~50% of EU firms; SMEs under-invest in efficiency || Reinsurance: pooling many small risks and selling slices to big capital"
A10,B02,C05,0,3,0,"Daily free satellite imagery at 3-10m (Sentinel-2, Planet NICFI-style access) || Energy cost is a major barrier for ~50% of EU firms; SMEs under-invest in efficiency || Air-traffic control: live deconfliction of many actors in shared space"
A10,B02,C06,2,3,6,"Daily free satellite imagery at 3-10m (Sentinel-2, Planet NICFI-style access) || Energy cost is a major barrier for ~50% of EU firms; SMEs under-invest in efficiency || Spotify royalties: tiny usage events settled into automatic payouts"
A10,B02,C07,1,3,3,"Daily free satellite imagery at 3-10m (Sentinel-2, Planet NICFI-style access) || Energy cost is a major barrier for ~50% of EU firms; SMEs under-invest in efficiency || Carfax-style history report built from many third-party events"
A10,B02,C08,0,3,0,"Daily free satellite imagery at 3-10m (Sentinel-2, Planet NICFI-style access) || Energy cost is a major barrier for ~50% of EU firms; SMEs under-invest in efficiency || Ant colony / stigmergy: coordination through traces left in the environment"
A10,B02,C09,0,3,0,"Daily free satellite imagery at 3-10m (Sentinel-2, Planet NICFI-style access) || Energy cost is a major barrier for ~50% of EU firms; SMEs under-invest in efficiency || Clinical triage: route cases by urgency with a short standard question set"
A10,B02,C10,2,3,6,"Daily free satellite imagery at 3-10m (Sentinel-2, Planet NICFI-style access) || Energy cost is a major barrier for ~50% of EU firms; SMEs under-invest in efficiency || Futures market: sell next season's output today to lock a price"
A10,B02,C11,1,3,3,"Daily free satellite imagery at 3-10m (Sentinel-2, Planet NICFI-style access) || Energy cost is a major barrier for ~50% of EU firms; SMEs under-invest in efficiency || Container shipping standard (TEU): one box fits every ship, truck, crane"
A10,B02,C12,0,3,0,"Daily free satellite imagery at 3-10m (Sentinel-2, Planet NICFI-style access) || Energy cost is a major barrier for ~50% of EU firms; SMEs under-invest in efficiency || Speedrun/leaderboard gaming: public live competition drives behaviour"
A10,B02,C13,2,3,6,"Daily free satellite imagery at 3-10m (Sentinel-2, Planet NICFI-style access) || Energy cost is a major barrier for ~50% of EU firms; SMEs under-invest in efficiency || Tontine / rotating savings club (ROSCA): members fund each other in turn"
A10,B02,C14,2,3,6,"Daily free satellite imagery at 3-10m (Sentinel-2, Planet NICFI-style access) || Energy cost is a major barrier for ~50% of EU firms; SMEs under-invest in efficiency || Prediction market: price aggregates dispersed knowledge into a probability"
A10,B02,C15,1,3,3,"Daily free satellite imagery at 3-10m (Sentinel-2, Planet NICFI-style access) || Energy cost is a major barrier for ~50% of EU firms; SMEs under-invest in efficiency || Pharmacovigilance: tiny signals from many reports detect rare problems early"
A10,B03,C01,1,3,3,"Daily free satellite imagery at 3-10m (Sentinel-2, Planet NICFI-style access) || Late payment: ~50% of EU invoices paid late; SMEs hit hardest || Airline yield management: price changes by demand minute to minute"
A10,B03,C02,1,3,3,"Daily free satellite imagery at 3-10m (Sentinel-2, Planet NICFI-style access) || Late payment: ~50% of EU invoices paid late; SMEs hit hardest || Chess/Elo rating: ranking from pairwise outcomes, no absolute measure needed"
A10,B03,C03,0,3,0,"Daily free satellite imagery at 3-10m (Sentinel-2, Planet NICFI-style access) || Late payment: ~50% of EU invoices paid late; SMEs hit hardest || Blood-bank / organ matching: time-critical allocation of scarce perishable supply"
A10,B03,C04,1,2,2,"Daily free satellite imagery at 3-10m (Sentinel-2, Planet NICFI-style access) || Late payment: ~50% of EU invoices paid late; SMEs hit hardest || Reinsurance: pooling many small risks and selling slices to big capital"
A10,B03,C05,0,3,0,"Daily free satellite imagery at 3-10m (Sentinel-2, Planet NICFI-style access) || Late payment: ~50% of EU invoices paid late; SMEs hit hardest || Air-traffic control: live deconfliction of many actors in shared space"
A10,B03,C06,2,3,6,"Daily free satellite imagery at 3-10m (Sentinel-2, Planet NICFI-style access) || Late payment: ~50% of EU invoices paid late; SMEs hit hardest || Spotify royalties: tiny usage events settled into automatic payouts"
A10,B03,C07,1,3,3,"Daily free satellite imagery at 3-10m (Sentinel-2, Planet NICFI-style access) || Late payment: ~50% of EU invoices paid late; SMEs hit hardest || Carfax-style history report built from many third-party events"
A10,B03,C08,0,3,0,"Daily free satellite imagery at 3-10m (Sentinel-2, Planet NICFI-style access) || Late payment: ~50% of EU invoices paid late; SMEs hit hardest || Ant colony / stigmergy: coordination through traces left in the environment"
A10,B03,C09,0,3,0,"Daily free satellite imagery at 3-10m (Sentinel-2, Planet NICFI-style access) || Late payment: ~50% of EU invoices paid late; SMEs hit hardest || Clinical triage: route cases by urgency with a short standard question set"
A10,B03,C10,2,2,4,"Daily free satellite imagery at 3-10m (Sentinel-2, Planet NICFI-style access) || Late payment: ~50% of EU invoices paid late; SMEs hit hardest || Futures market: sell next season's output today to lock a price"
A10,B03,C11,1,3,3,"Daily free satellite imagery at 3-10m (Sentinel-2, Planet NICFI-style access) || Late payment: ~50% of EU invoices paid late; SMEs hit hardest || Container shipping standard (TEU): one box fits every ship, truck, crane"
A10,B03,C12,0,3,0,"Daily free satellite imagery at 3-10m (Sentinel-2, Planet NICFI-style access) || Late payment: ~50% of EU invoices paid late; SMEs hit hardest || Speedrun/leaderboard gaming: public live competition drives behaviour"
A10,B03,C13,2,2,4,"Daily free satellite imagery at 3-10m (Sentinel-2, Planet NICFI-style access) || Late payment: ~50% of EU invoices paid late; SMEs hit hardest || Tontine / rotating savings club (ROSCA): members fund each other in turn"
A10,B03,C14,2,2,4,"Daily free satellite imagery at 3-10m (Sentinel-2, Planet NICFI-style access) || Late payment: ~50% of EU invoices paid late; SMEs hit hardest || Prediction market: price aggregates dispersed knowledge into a probability"
A10,B03,C15,1,3,3,"Daily free satellite imagery at 3-10m (Sentinel-2, Planet NICFI-style access) || Late payment: ~50% of EU invoices paid late; SMEs hit hardest || Pharmacovigilance: tiny signals from many reports detect rare problems early"
A10,B04,C01,1,3,3,"Daily free satellite imagery at 3-10m (Sentinel-2, Planet NICFI-style access) || Cyprus water scarcity: desalination dependence, reservoirs below 20% (2025) || Airline yield management: price changes by demand minute to minute"
A10,B04,C02,2,3,6,"Daily free satellite imagery at 3-10m (Sentinel-2, Planet NICFI-style access) || Cyprus water scarcity: desalination dependence, reservoirs below 20% (2025) || Chess/Elo rating: ranking from pairwise outcomes, no absolute measure needed"
A10,B04,C03,1,3,3,"Daily free satellite imagery at 3-10m (Sentinel-2, Planet NICFI-style access) || Cyprus water scarcity: desalination dependence, reservoirs below 20% (2025) || Blood-bank / organ matching: time-critical allocation of scarce perishable supply"
A10,B04,C04,1,3,3,"Daily free satellite imagery at 3-10m (Sentinel-2, Planet NICFI-style access) || Cyprus water scarcity: desalination dependence, reservoirs below 20% (2025) || Reinsurance: pooling many small risks and selling slices to big capital"
A10,B04,C05,2,3,6,"Daily free satellite imagery at 3-10m (Sentinel-2, Planet NICFI-style access) || Cyprus water scarcity: desalination dependence, reservoirs below 20% (2025) || Air-traffic control: live deconfliction of many actors in shared space"
A10,B04,C06,2,3,6,"Daily free satellite imagery at 3-10m (Sentinel-2, Planet NICFI-style access) || Cyprus water scarcity: desalination dependence, reservoirs below 20% (2025) || Spotify royalties: tiny usage events settled into automatic payouts"
A10,B04,C07,2,3,6,"Daily free satellite imagery at 3-10m (Sentinel-2, Planet NICFI-style access) || Cyprus water scarcity: desalination dependence, reservoirs below 20% (2025) || Carfax-style history report built from many third-party events"
A10,B04,C08,2,3,6,"Daily free satellite imagery at 3-10m (Sentinel-2, Planet NICFI-style access) || Cyprus water scarcity: desalination dependence, reservoirs below 20% (2025) || Ant colony / stigmergy: coordination through traces left in the environment"
A10,B04,C09,1,3,3,"Daily free satellite imagery at 3-10m (Sentinel-2, Planet NICFI-style access) || Cyprus water scarcity: desalination dependence, reservoirs below 20% (2025) || Clinical triage: route cases by urgency with a short standard question set"
A10,B04,C10,3,3,9,"Daily free satellite imagery at 3-10m (Sentinel-2, Planet NICFI-style access) || Cyprus water scarcity: desalination dependence, reservoirs below 20% (2025) || Futures market: sell next season's output today to lock a price"
A10,B04,C11,2,3,6,"Daily free satellite imagery at 3-10m (Sentinel-2, Planet NICFI-style access) || Cyprus water scarcity: desalination dependence, reservoirs below 20% (2025) || Container shipping standard (TEU): one box fits every ship, truck, crane"
A10,B04,C12,1,3,3,"Daily free satellite imagery at 3-10m (Sentinel-2, Planet NICFI-style access) || Cyprus water scarcity: desalination dependence, reservoirs below 20% (2025) || Speedrun/leaderboard gaming: public live competition drives behaviour"
A10,B04,C13,1,3,3,"Daily free satellite imagery at 3-10m (Sentinel-2, Planet NICFI-style access) || Cyprus water scarcity: desalination dependence, reservoirs below 20% (2025) || Tontine / rotating savings club (ROSCA): members fund each other in turn"
A10,B04,C14,2,3,6,"Daily free satellite imagery at 3-10m (Sentinel-2, Planet NICFI-style access) || Cyprus water scarcity: desalination dependence, reservoirs below 20% (2025) || Prediction market: price aggregates dispersed knowledge into a probability"
A10,B04,C15,2,3,6,"Daily free satellite imagery at 3-10m (Sentinel-2, Planet NICFI-style access) || Cyprus water scarcity: desalination dependence, reservoirs below 20% (2025) || Pharmacovigilance: tiny signals from many reports detect rare problems early"
A10,B05,C01,2,3,6,"Daily free satellite imagery at 3-10m (Sentinel-2, Planet NICFI-style access) || Tourism seasonality: Cyprus hotels/staff idle half the year || Airline yield management: price changes by demand minute to minute"
A10,B05,C02,1,3,3,"Daily free satellite imagery at 3-10m (Sentinel-2, Planet NICFI-style access) || Tourism seasonality: Cyprus hotels/staff idle half the year || Chess/Elo rating: ranking from pairwise outcomes, no absolute measure needed"
A10,B05,C03,1,3,3,"Daily free satellite imagery at 3-10m (Sentinel-2, Planet NICFI-style access) || Tourism seasonality: Cyprus hotels/staff idle half the year || Blood-bank / organ matching: time-critical allocation of scarce perishable supply"
A10,B05,C04,0,3,0,"Daily free satellite imagery at 3-10m (Sentinel-2, Planet NICFI-style access) || Tourism seasonality: Cyprus hotels/staff idle half the year || Reinsurance: pooling many small risks and selling slices to big capital"
A10,B05,C05,1,3,3,"Daily free satellite imagery at 3-10m (Sentinel-2, Planet NICFI-style access) || Tourism seasonality: Cyprus hotels/staff idle half the year || Air-traffic control: live deconfliction of many actors in shared space"
A10,B05,C06,2,3,6,"Daily free satellite imagery at 3-10m (Sentinel-2, Planet NICFI-style access) || Tourism seasonality: Cyprus hotels/staff idle half the year || Spotify royalties: tiny usage events settled into automatic payouts"
A10,B05,C07,1,3,3,"Daily free satellite imagery at 3-10m (Sentinel-2, Planet NICFI-style access) || Tourism seasonality: Cyprus hotels/staff idle half the year || Carfax-style history report built from many third-party events"
A10,B05,C08,1,3,3,"Daily free satellite imagery at 3-10m (Sentinel-2, Planet NICFI-style access) || Tourism seasonality: Cyprus hotels/staff idle half the year || Ant colony / stigmergy: coordination through traces left in the environment"
A10,B05,C09,0,3,0,"Daily free satellite imagery at 3-10m (Sentinel-2, Planet NICFI-style access) || Tourism seasonality: Cyprus hotels/staff idle half the year || Clinical triage: route cases by urgency with a short standard question set"
A10,B05,C10,2,3,6,"Daily free satellite imagery at 3-10m (Sentinel-2, Planet NICFI-style access) || Tourism seasonality: Cyprus hotels/staff idle half the year || Futures market: sell next season's output today to lock a price"
A10,B05,C11,1,3,3,"Daily free satellite imagery at 3-10m (Sentinel-2, Planet NICFI-style access) || Tourism seasonality: Cyprus hotels/staff idle half the year || Container shipping standard (TEU): one box fits every ship, truck, crane"
A10,B05,C12,2,3,6,"Daily free satellite imagery at 3-10m (Sentinel-2, Planet NICFI-style access) || Tourism seasonality: Cyprus hotels/staff idle half the year || Speedrun/leaderboard gaming: public live competition drives behaviour"
A10,B05,C13,1,3,3,"Daily free satellite imagery at 3-10m (Sentinel-2, Planet NICFI-style access) || Tourism seasonality: Cyprus hotels/staff idle half the year || Tontine / rotating savings club (ROSCA): members fund each other in turn"
A10,B05,C14,2,3,6,"Daily free satellite imagery at 3-10m (Sentinel-2, Planet NICFI-style access) || Tourism seasonality: Cyprus hotels/staff idle half the year || Prediction market: price aggregates dispersed knowledge into a probability"
A10,B05,C15,1,3,3,"Daily free satellite imagery at 3-10m (Sentinel-2, Planet NICFI-style access) || Tourism seasonality: Cyprus hotels/staff idle half the year || Pharmacovigilance: tiny signals from many reports detect rare problems early"
A10,B06,C01,0,3,0,"Daily free satellite imagery at 3-10m (Sentinel-2, Planet NICFI-style access) || Red tape: EU SMEs cite administrative burden as top obstacle (Eurobarometer 2023) || Airline yield management: price changes by demand minute to minute"
A10,B06,C02,1,3,3,"Daily free satellite imagery at 3-10m (Sentinel-2, Planet NICFI-style access) || Red tape: EU SMEs cite administrative burden as top obstacle (Eurobarometer 2023) || Chess/Elo rating: ranking from pairwise outcomes, no absolute measure needed"
A10,B06,C03,0,3,0,"Daily free satellite imagery at 3-10m (Sentinel-2, Planet NICFI-style access) || Red tape: EU SMEs cite administrative burden as top obstacle (Eurobarometer 2023) || Blood-bank / organ matching: time-critical allocation of scarce perishable supply"
A10,B06,C04,0,3,0,"Daily free satellite imagery at 3-10m (Sentinel-2, Planet NICFI-style access) || Red tape: EU SMEs cite administrative burden as top obstacle (Eurobarometer 2023) || Reinsurance: pooling many small risks and selling slices to big capital"
A10,B06,C05,0,3,0,"Daily free satellite imagery at 3-10m (Sentinel-2, Planet NICFI-style access) || Red tape: EU SMEs cite administrative burden as top obstacle (Eurobarometer 2023) || Air-traffic control: live deconfliction of many actors in shared space"
A10,B06,C06,1,3,3,"Daily free satellite imagery at 3-10m (Sentinel-2, Planet NICFI-style access) || Red tape: EU SMEs cite administrative burden as top obstacle (Eurobarometer 2023) || Spotify royalties: tiny usage events settled into automatic payouts"
A10,B06,C07,1,3,3,"Daily free satellite imagery at 3-10m (Sentinel-2, Planet NICFI-style access) || Red tape: EU SMEs cite administrative burden as top obstacle (Eurobarometer 2023) || Carfax-style history report built from many third-party events"
A10,B06,C08,0,3,0,"Daily free satellite imagery at 3-10m (Sentinel-2, Planet NICFI-style access) || Red tape: EU SMEs cite administrative burden as top obstacle (Eurobarometer 2023) || Ant colony / stigmergy: coordination through traces left in the environment"
A10,B06,C09,1,3,3,"Daily free satellite imagery at 3-10m (Sentinel-2, Planet NICFI-style access) || Red tape: EU SMEs cite administrative burden as top obstacle (Eurobarometer 2023) || Clinical triage: route cases by urgency with a short standard question set"
A10,B06,C10,1,3,3,"Daily free satellite imagery at 3-10m (Sentinel-2, Planet NICFI-style access) || Red tape: EU SMEs cite administrative burden as top obstacle (Eurobarometer 2023) || Futures market: sell next season's output today to lock a price"
A10,B06,C11,2,3,6,"Daily free satellite imagery at 3-10m (Sentinel-2, Planet NICFI-style access) || Red tape: EU SMEs cite administrative burden as top obstacle (Eurobarometer 2023) || Container shipping standard (TEU): one box fits every ship, truck, crane"
A10,B06,C12,0,3,0,"Daily free satellite imagery at 3-10m (Sentinel-2, Planet NICFI-style access) || Red tape: EU SMEs cite administrative burden as top obstacle (Eurobarometer 2023) || Speedrun/leaderboard gaming: public live competition drives behaviour"
A10,B06,C13,0,3,0,"Daily free satellite imagery at 3-10m (Sentinel-2, Planet NICFI-style access) || Red tape: EU SMEs cite administrative burden as top obstacle (Eurobarometer 2023) || Tontine / rotating savings club (ROSCA): members fund each other in turn"
A10,B06,C14,1,3,3,"Daily free satellite imagery at 3-10m (Sentinel-2, Planet NICFI-style access) || Red tape: EU SMEs cite administrative burden as top obstacle (Eurobarometer 2023) || Prediction market: price aggregates dispersed knowledge into a probability"
A10,B06,C15,1,3,3,"Daily free satellite imagery at 3-10m (Sentinel-2, Planet NICFI-style access) || Red tape: EU SMEs cite administrative burden as top obstacle (Eurobarometer 2023) || Pharmacovigilance: tiny signals from many reports detect rare problems early"
A10,B07,C01,2,3,6,"Daily free satellite imagery at 3-10m (Sentinel-2, Planet NICFI-style access) || Farmers lose crops to heat/drought with slow or no insurance payout || Airline yield management: price changes by demand minute to minute"
A10,B07,C02,3,3,9,"Daily free satellite imagery at 3-10m (Sentinel-2, Planet NICFI-style access) || Farmers lose crops to heat/drought with slow or no insurance payout || Chess/Elo rating: ranking from pairwise outcomes, no absolute measure needed"
A10,B07,C03,2,3,6,"Daily free satellite imagery at 3-10m (Sentinel-2, Planet NICFI-style access) || Farmers lose crops to heat/drought with slow or no insurance payout || Blood-bank / organ matching: time-critical allocation of scarce perishable supply"
A10,B07,C04,3,3,9,"Daily free satellite imagery at 3-10m (Sentinel-2, Planet NICFI-style access) || Farmers lose crops to heat/drought with slow or no insurance payout || Reinsurance: pooling many small risks and selling slices to big capital"
A10,B07,C05,2,3,6,"Daily free satellite imagery at 3-10m (Sentinel-2, Planet NICFI-style access) || Farmers lose crops to heat/drought with slow or no insurance payout || Air-traffic control: live deconfliction of many actors in shared space"
A10,B07,C06,3,3,9,"Daily free satellite imagery at 3-10m (Sentinel-2, Planet NICFI-style access) || Farmers lose crops to heat/drought with slow or no insurance payout || Spotify royalties: tiny usage events settled into automatic payouts"
A10,B07,C07,3,3,9,"Daily free satellite imagery at 3-10m (Sentinel-2, Planet NICFI-style access) || Farmers lose crops to heat/drought with slow or no insurance payout || Carfax-style history report built from many third-party events"
A10,B07,C08,2,2,4,"Daily free satellite imagery at 3-10m (Sentinel-2, Planet NICFI-style access) || Farmers lose crops to heat/drought with slow or no insurance payout || Ant colony / stigmergy: coordination through traces left in the environment"
A10,B07,C09,2,3,6,"Daily free satellite imagery at 3-10m (Sentinel-2, Planet NICFI-style access) || Farmers lose crops to heat/drought with slow or no insurance payout || Clinical triage: route cases by urgency with a short standard question set"
A10,B07,C10,4,3,12,"Daily free satellite imagery at 3-10m (Sentinel-2, Planet NICFI-style access) || Farmers lose crops to heat/drought with slow or no insurance payout || Futures market: sell next season's output today to lock a price"
A10,B07,C11,3,3,9,"Daily free satellite imagery at 3-10m (Sentinel-2, Planet NICFI-style access) || Farmers lose crops to heat/drought with slow or no insurance payout || Container shipping standard (TEU): one box fits every ship, truck, crane"
A10,B07,C12,2,3,6,"Daily free satellite imagery at 3-10m (Sentinel-2, Planet NICFI-style access) || Farmers lose crops to heat/drought with slow or no insurance payout || Speedrun/leaderboard gaming: public live competition drives behaviour"
A10,B07,C13,2,3,6,"Daily free satellite imagery at 3-10m (Sentinel-2, Planet NICFI-style access) || Farmers lose crops to heat/drought with slow or no insurance payout || Tontine / rotating savings club (ROSCA): members fund each other in turn"
A10,B07,C14,3,3,9,"Daily free satellite imagery at 3-10m (Sentinel-2, Planet NICFI-style access) || Farmers lose crops to heat/drought with slow or no insurance payout || Prediction market: price aggregates dispersed knowledge into a probability"
A10,B07,C15,3,3,9,"Daily free satellite imagery at 3-10m (Sentinel-2, Planet NICFI-style access) || Farmers lose crops to heat/drought with slow or no insurance payout || Pharmacovigilance: tiny signals from many reports detect rare problems early"
A10,B08,C01,0,3,0,"Daily free satellite imagery at 3-10m (Sentinel-2, Planet NICFI-style access) || Food waste: ~130 kg per EU citizen/year, retail+hospitality large share || Airline yield management: price changes by demand minute to minute"
A10,B08,C02,1,3,3,"Daily free satellite imagery at 3-10m (Sentinel-2, Planet NICFI-style access) || Food waste: ~130 kg per EU citizen/year, retail+hospitality large share || Chess/Elo rating: ranking from pairwise outcomes, no absolute measure needed"
A10,B08,C03,1,3,3,"Daily free satellite imagery at 3-10m (Sentinel-2, Planet NICFI-style access) || Food waste: ~130 kg per EU citizen/year, retail+hospitality large share || Blood-bank / organ matching: time-critical allocation of scarce perishable supply"
A10,B08,C04,0,3,0,"Daily free satellite imagery at 3-10m (Sentinel-2, Planet NICFI-style access) || Food waste: ~130 kg per EU citizen/year, retail+hospitality large share || Reinsurance: pooling many small risks and selling slices to big capital"
A10,B08,C05,0,3,0,"Daily free satellite imagery at 3-10m (Sentinel-2, Planet NICFI-style access) || Food waste: ~130 kg per EU citizen/year, retail+hospitality large share || Air-traffic control: live deconfliction of many actors in shared space"
A10,B08,C06,1,3,3,"Daily free satellite imagery at 3-10m (Sentinel-2, Planet NICFI-style access) || Food waste: ~130 kg per EU citizen/year, retail+hospitality large share || Spotify royalties: tiny usage events settled into automatic payouts"
A10,B08,C07,2,3,6,"Daily free satellite imagery at 3-10m (Sentinel-2, Planet NICFI-style access) || Food waste: ~130 kg per EU citizen/year, retail+hospitality large share || Carfax-style history report built from many third-party events"
A10,B08,C08,0,3,0,"Daily free satellite imagery at 3-10m (Sentinel-2, Planet NICFI-style access) || Food waste: ~130 kg per EU citizen/year, retail+hospitality large share || Ant colony / stigmergy: coordination through traces left in the environment"
A10,B08,C09,0,3,0,"Daily free satellite imagery at 3-10m (Sentinel-2, Planet NICFI-style access) || Food waste: ~130 kg per EU citizen/year, retail+hospitality large share || Clinical triage: route cases by urgency with a short standard question set"
A10,B08,C10,1,3,3,"Daily free satellite imagery at 3-10m (Sentinel-2, Planet NICFI-style access) || Food waste: ~130 kg per EU citizen/year, retail+hospitality large share || Futures market: sell next season's output today to lock a price"
A10,B08,C11,1,3,3,"Daily free satellite imagery at 3-10m (Sentinel-2, Planet NICFI-style access) || Food waste: ~130 kg per EU citizen/year, retail+hospitality large share || Container shipping standard (TEU): one box fits every ship, truck, crane"
A10,B08,C12,1,3,3,"Daily free satellite imagery at 3-10m (Sentinel-2, Planet NICFI-style access) || Food waste: ~130 kg per EU citizen/year, retail+hospitality large share || Speedrun/leaderboard gaming: public live competition drives behaviour"
A10,B08,C13,0,3,0,"Daily free satellite imagery at 3-10m (Sentinel-2, Planet NICFI-style access) || Food waste: ~130 kg per EU citizen/year, retail+hospitality large share || Tontine / rotating savings club (ROSCA): members fund each other in turn"
A10,B08,C14,1,3,3,"Daily free satellite imagery at 3-10m (Sentinel-2, Planet NICFI-style access) || Food waste: ~130 kg per EU citizen/year, retail+hospitality large share || Prediction market: price aggregates dispersed knowledge into a probability"
A10,B08,C15,1,3,3,"Daily free satellite imagery at 3-10m (Sentinel-2, Planet NICFI-style access) || Food waste: ~130 kg per EU citizen/year, retail+hospitality large share || Pharmacovigilance: tiny signals from many reports detect rare problems early"
A10,B09,C01,1,3,3,"Daily free satellite imagery at 3-10m (Sentinel-2, Planet NICFI-style access) || Island grid curtailment: Cyprus wastes solar output at midday (no interconnector) || Airline yield management: price changes by demand minute to minute"
A10,B09,C02,1,3,3,"Daily free satellite imagery at 3-10m (Sentinel-2, Planet NICFI-style access) || Island grid curtailment: Cyprus wastes solar output at midday (no interconnector) || Chess/Elo rating: ranking from pairwise outcomes, no absolute measure needed"
A10,B09,C03,1,3,3,"Daily free satellite imagery at 3-10m (Sentinel-2, Planet NICFI-style access) || Island grid curtailment: Cyprus wastes solar output at midday (no interconnector) || Blood-bank / organ matching: time-critical allocation of scarce perishable supply"
A10,B09,C04,0,3,0,"Daily free satellite imagery at 3-10m (Sentinel-2, Planet NICFI-style access) || Island grid curtailment: Cyprus wastes solar output at midday (no interconnector) || Reinsurance: pooling many small risks and selling slices to big capital"
A10,B09,C05,2,3,6,"Daily free satellite imagery at 3-10m (Sentinel-2, Planet NICFI-style access) || Island grid curtailment: Cyprus wastes solar output at midday (no interconnector) || Air-traffic control: live deconfliction of many actors in shared space"
A10,B09,C06,1,3,3,"Daily free satellite imagery at 3-10m (Sentinel-2, Planet NICFI-style access) || Island grid curtailment: Cyprus wastes solar output at midday (no interconnector) || Spotify royalties: tiny usage events settled into automatic payouts"
A10,B09,C07,1,3,3,"Daily free satellite imagery at 3-10m (Sentinel-2, Planet NICFI-style access) || Island grid curtailment: Cyprus wastes solar output at midday (no interconnector) || Carfax-style history report built from many third-party events"
A10,B09,C08,2,3,6,"Daily free satellite imagery at 3-10m (Sentinel-2, Planet NICFI-style access) || Island grid curtailment: Cyprus wastes solar output at midday (no interconnector) || Ant colony / stigmergy: coordination through traces left in the environment"
A10,B09,C09,0,3,0,"Daily free satellite imagery at 3-10m (Sentinel-2, Planet NICFI-style access) || Island grid curtailment: Cyprus wastes solar output at midday (no interconnector) || Clinical triage: route cases by urgency with a short standard question set"
A10,B09,C10,1,3,3,"Daily free satellite imagery at 3-10m (Sentinel-2, Planet NICFI-style access) || Island grid curtailment: Cyprus wastes solar output at midday (no interconnector) || Futures market: sell next season's output today to lock a price"
A10,B09,C11,1,3,3,"Daily free satellite imagery at 3-10m (Sentinel-2, Planet NICFI-style access) || Island grid curtailment: Cyprus wastes solar output at midday (no interconnector) || Container shipping standard (TEU): one box fits every ship, truck, crane"
A10,B09,C12,1,3,3,"Daily free satellite imagery at 3-10m (Sentinel-2, Planet NICFI-style access) || Island grid curtailment: Cyprus wastes solar output at midday (no interconnector) || Speedrun/leaderboard gaming: public live competition drives behaviour"
A10,B09,C13,0,3,0,"Daily free satellite imagery at 3-10m (Sentinel-2, Planet NICFI-style access) || Island grid curtailment: Cyprus wastes solar output at midday (no interconnector) || Tontine / rotating savings club (ROSCA): members fund each other in turn"
A10,B09,C14,1,3,3,"Daily free satellite imagery at 3-10m (Sentinel-2, Planet NICFI-style access) || Island grid curtailment: Cyprus wastes solar output at midday (no interconnector) || Prediction market: price aggregates dispersed knowledge into a probability"
A10,B09,C15,1,3,3,"Daily free satellite imagery at 3-10m (Sentinel-2, Planet NICFI-style access) || Island grid curtailment: Cyprus wastes solar output at midday (no interconnector) || Pharmacovigilance: tiny signals from many reports detect rare problems early"
A10,B10,C01,1,3,3,"Daily free satellite imagery at 3-10m (Sentinel-2, Planet NICFI-style access) || SMEs can't get credit: thin files, no collateral (SAFE survey) || Airline yield management: price changes by demand minute to minute"
A10,B10,C02,4,3,12,"Daily free satellite imagery at 3-10m (Sentinel-2, Planet NICFI-style access) || SMEs can't get credit: thin files, no collateral (SAFE survey) || Chess/Elo rating: ranking from pairwise outcomes, no absolute measure needed"
A10,B10,C03,1,3,3,"Daily free satellite imagery at 3-10m (Sentinel-2, Planet NICFI-style access) || SMEs can't get credit: thin files, no collateral (SAFE survey) || Blood-bank / organ matching: time-critical allocation of scarce perishable supply"
A10,B10,C04,2,2,4,"Daily free satellite imagery at 3-10m (Sentinel-2, Planet NICFI-style access) || SMEs can't get credit: thin files, no collateral (SAFE survey) || Reinsurance: pooling many small risks and selling slices to big capital"
A10,B10,C05,1,3,3,"Daily free satellite imagery at 3-10m (Sentinel-2, Planet NICFI-style access) || SMEs can't get credit: thin files, no collateral (SAFE survey) || Air-traffic control: live deconfliction of many actors in shared space"
A10,B10,C06,3,3,9,"Daily free satellite imagery at 3-10m (Sentinel-2, Planet NICFI-style access) || SMEs can't get credit: thin files, no collateral (SAFE survey) || Spotify royalties: tiny usage events settled into automatic payouts"
A10,B10,C07,3,3,9,"Daily free satellite imagery at 3-10m (Sentinel-2, Planet NICFI-style access) || SMEs can't get credit: thin files, no collateral (SAFE survey) || Carfax-style history report built from many third-party events"
A10,B10,C08,1,3,3,"Daily free satellite imagery at 3-10m (Sentinel-2, Planet NICFI-style access) || SMEs can't get credit: thin files, no collateral (SAFE survey) || Ant colony / stigmergy: coordination through traces left in the environment"
A10,B10,C09,1,3,3,"Daily free satellite imagery at 3-10m (Sentinel-2, Planet NICFI-style access) || SMEs can't get credit: thin files, no collateral (SAFE survey) || Clinical triage: route cases by urgency with a short standard question set"
A10,B10,C10,2,2,4,"Daily free satellite imagery at 3-10m (Sentinel-2, Planet NICFI-style access) || SMEs can't get credit: thin files, no collateral (SAFE survey) || Futures market: sell next season's output today to lock a price"
A10,B10,C11,3,3,9,"Daily free satellite imagery at 3-10m (Sentinel-2, Planet NICFI-style access) || SMEs can't get credit: thin files, no collateral (SAFE survey) || Container shipping standard (TEU): one box fits every ship, truck, crane"
A10,B10,C12,1,3,3,"Daily free satellite imagery at 3-10m (Sentinel-2, Planet NICFI-style access) || SMEs can't get credit: thin files, no collateral (SAFE survey) || Speedrun/leaderboard gaming: public live competition drives behaviour"
A10,B10,C13,2,2,4,"Daily free satellite imagery at 3-10m (Sentinel-2, Planet NICFI-style access) || SMEs can't get credit: thin files, no collateral (SAFE survey) || Tontine / rotating savings club (ROSCA): members fund each other in turn"
A10,B10,C14,3,2,6,"Daily free satellite imagery at 3-10m (Sentinel-2, Planet NICFI-style access) || SMEs can't get credit: thin files, no collateral (SAFE survey) || Prediction market: price aggregates dispersed knowledge into a probability"
A10,B10,C15,3,3,9,"Daily free satellite imagery at 3-10m (Sentinel-2, Planet NICFI-style access) || SMEs can't get credit: thin files, no collateral (SAFE survey) || Pharmacovigilance: tiny signals from many reports detect rare problems early"
A10,B11,C01,1,3,3,"Daily free satellite imagery at 3-10m (Sentinel-2, Planet NICFI-style access) || Used goods and repairs lack trusted history, so resale value collapses || Airline yield management: price changes by demand minute to minute"
A10,B11,C02,3,3,9,"Daily free satellite imagery at 3-10m (Sentinel-2, Planet NICFI-style access) || Used goods and repairs lack trusted history, so resale value collapses || Chess/Elo rating: ranking from pairwise outcomes, no absolute measure needed"
A10,B11,C03,2,3,6,"Daily free satellite imagery at 3-10m (Sentinel-2, Planet NICFI-style access) || Used goods and repairs lack trusted history, so resale value collapses || Blood-bank / organ matching: time-critical allocation of scarce perishable supply"
A10,B11,C04,1,3,3,"Daily free satellite imagery at 3-10m (Sentinel-2, Planet NICFI-style access) || Used goods and repairs lack trusted history, so resale value collapses || Reinsurance: pooling many small risks and selling slices to big capital"
A10,B11,C05,1,3,3,"Daily free satellite imagery at 3-10m (Sentinel-2, Planet NICFI-style access) || Used goods and repairs lack trusted history, so resale value collapses || Air-traffic control: live deconfliction of many actors in shared space"
A10,B11,C06,3,3,9,"Daily free satellite imagery at 3-10m (Sentinel-2, Planet NICFI-style access) || Used goods and repairs lack trusted history, so resale value collapses || Spotify royalties: tiny usage events settled into automatic payouts"
A10,B11,C07,4,3,12,"Daily free satellite imagery at 3-10m (Sentinel-2, Planet NICFI-style access) || Used goods and repairs lack trusted history, so resale value collapses || Carfax-style history report built from many third-party events"
A10,B11,C08,1,3,3,"Daily free satellite imagery at 3-10m (Sentinel-2, Planet NICFI-style access) || Used goods and repairs lack trusted history, so resale value collapses || Ant colony / stigmergy: coordination through traces left in the environment"
A10,B11,C09,1,3,3,"Daily free satellite imagery at 3-10m (Sentinel-2, Planet NICFI-style access) || Used goods and repairs lack trusted history, so resale value collapses || Clinical triage: route cases by urgency with a short standard question set"
A10,B11,C10,2,3,6,"Daily free satellite imagery at 3-10m (Sentinel-2, Planet NICFI-style access) || Used goods and repairs lack trusted history, so resale value collapses || Futures market: sell next season's output today to lock a price"
A10,B11,C11,4,3,12,"Daily free satellite imagery at 3-10m (Sentinel-2, Planet NICFI-style access) || Used goods and repairs lack trusted history, so resale value collapses || Container shipping standard (TEU): one box fits every ship, truck, crane"
A10,B11,C12,1,3,3,"Daily free satellite imagery at 3-10m (Sentinel-2, Planet NICFI-style access) || Used goods and repairs lack trusted history, so resale value collapses || Speedrun/leaderboard gaming: public live competition drives behaviour"
A10,B11,C13,1,3,3,"Daily free satellite imagery at 3-10m (Sentinel-2, Planet NICFI-style access) || Used goods and repairs lack trusted history, so resale value collapses || Tontine / rotating savings club (ROSCA): members fund each other in turn"
A10,B11,C14,3,3,9,"Daily free satellite imagery at 3-10m (Sentinel-2, Planet NICFI-style access) || Used goods and repairs lack trusted history, so resale value collapses || Prediction market: price aggregates dispersed knowledge into a probability"
A10,B11,C15,3,3,9,"Daily free satellite imagery at 3-10m (Sentinel-2, Planet NICFI-style access) || Used goods and repairs lack trusted history, so resale value collapses || Pharmacovigilance: tiny signals from many reports detect rare problems early"
A10,B12,C01,2,3,6,"Daily free satellite imagery at 3-10m (Sentinel-2, Planet NICFI-style access) || Staff shortages in hospitality/care; workers paid late, shifts unfilled || Airline yield management: price changes by demand minute to minute"
A10,B12,C02,1,3,3,"Daily free satellite imagery at 3-10m (Sentinel-2, Planet NICFI-style access) || Staff shortages in hospitality/care; workers paid late, shifts unfilled || Chess/Elo rating: ranking from pairwise outcomes, no absolute measure needed"
A10,B12,C03,1,3,3,"Daily free satellite imagery at 3-10m (Sentinel-2, Planet NICFI-style access) || Staff shortages in hospitality/care; workers paid late, shifts unfilled || Blood-bank / organ matching: time-critical allocation of scarce perishable supply"
A10,B12,C04,0,3,0,"Daily free satellite imagery at 3-10m (Sentinel-2, Planet NICFI-style access) || Staff shortages in hospitality/care; workers paid late, shifts unfilled || Reinsurance: pooling many small risks and selling slices to big capital"
A10,B12,C05,1,3,3,"Daily free satellite imagery at 3-10m (Sentinel-2, Planet NICFI-style access) || Staff shortages in hospitality/care; workers paid late, shifts unfilled || Air-traffic control: live deconfliction of many actors in shared space"
A10,B12,C06,2,3,6,"Daily free satellite imagery at 3-10m (Sentinel-2, Planet NICFI-style access) || Staff shortages in hospitality/care; workers paid late, shifts unfilled || Spotify royalties: tiny usage events settled into automatic payouts"
A10,B12,C07,1,3,3,"Daily free satellite imagery at 3-10m (Sentinel-2, Planet NICFI-style access) || Staff shortages in hospitality/care; workers paid late, shifts unfilled || Carfax-style history report built from many third-party events"
A10,B12,C08,1,3,3,"Daily free satellite imagery at 3-10m (Sentinel-2, Planet NICFI-style access) || Staff shortages in hospitality/care; workers paid late, shifts unfilled || Ant colony / stigmergy: coordination through traces left in the environment"
A10,B12,C09,1,3,3,"Daily free satellite imagery at 3-10m (Sentinel-2, Planet NICFI-style access) || Staff shortages in hospitality/care; workers paid late, shifts unfilled || Clinical triage: route cases by urgency with a short standard question set"
A10,B12,C10,2,3,6,"Daily free satellite imagery at 3-10m (Sentinel-2, Planet NICFI-style access) || Staff shortages in hospitality/care; workers paid late, shifts unfilled || Futures market: sell next season's output today to lock a price"
A10,B12,C11,1,3,3,"Daily free satellite imagery at 3-10m (Sentinel-2, Planet NICFI-style access) || Staff shortages in hospitality/care; workers paid late, shifts unfilled || Container shipping standard (TEU): one box fits every ship, truck, crane"
A10,B12,C12,1,3,3,"Daily free satellite imagery at 3-10m (Sentinel-2, Planet NICFI-style access) || Staff shortages in hospitality/care; workers paid late, shifts unfilled || Speedrun/leaderboard gaming: public live competition drives behaviour"
A10,B12,C13,1,3,3,"Daily free satellite imagery at 3-10m (Sentinel-2, Planet NICFI-style access) || Staff shortages in hospitality/care; workers paid late, shifts unfilled || Tontine / rotating savings club (ROSCA): members fund each other in turn"
A10,B12,C14,2,3,6,"Daily free satellite imagery at 3-10m (Sentinel-2, Planet NICFI-style access) || Staff shortages in hospitality/care; workers paid late, shifts unfilled || Prediction market: price aggregates dispersed knowledge into a probability"
A10,B12,C15,2,3,6,"Daily free satellite imagery at 3-10m (Sentinel-2, Planet NICFI-style access) || Staff shortages in hospitality/care; workers paid late, shifts unfilled || Pharmacovigilance: tiny signals from many reports detect rare problems early"
A10,B13,C01,0,3,0,"Daily free satellite imagery at 3-10m (Sentinel-2, Planet NICFI-style access) || Grant and subsidy money goes unclaimed; SMEs don't know or can't apply || Airline yield management: price changes by demand minute to minute"
A10,B13,C02,2,3,6,"Daily free satellite imagery at 3-10m (Sentinel-2, Planet NICFI-style access) || Grant and subsidy money goes unclaimed; SMEs don't know or can't apply || Chess/Elo rating: ranking from pairwise outcomes, no absolute measure needed"
A10,B13,C03,0,3,0,"Daily free satellite imagery at 3-10m (Sentinel-2, Planet NICFI-style access) || Grant and subsidy money goes unclaimed; SMEs don't know or can't apply || Blood-bank / organ matching: time-critical allocation of scarce perishable supply"
A10,B13,C04,0,3,0,"Daily free satellite imagery at 3-10m (Sentinel-2, Planet NICFI-style access) || Grant and subsidy money goes unclaimed; SMEs don't know or can't apply || Reinsurance: pooling many small risks and selling slices to big capital"
A10,B13,C05,0,3,0,"Daily free satellite imagery at 3-10m (Sentinel-2, Planet NICFI-style access) || Grant and subsidy money goes unclaimed; SMEs don't know or can't apply || Air-traffic control: live deconfliction of many actors in shared space"
A10,B13,C06,1,3,3,"Daily free satellite imagery at 3-10m (Sentinel-2, Planet NICFI-style access) || Grant and subsidy money goes unclaimed; SMEs don't know or can't apply || Spotify royalties: tiny usage events settled into automatic payouts"
A10,B13,C07,1,3,3,"Daily free satellite imagery at 3-10m (Sentinel-2, Planet NICFI-style access) || Grant and subsidy money goes unclaimed; SMEs don't know or can't apply || Carfax-style history report built from many third-party events"
A10,B13,C08,0,3,0,"Daily free satellite imagery at 3-10m (Sentinel-2, Planet NICFI-style access) || Grant and subsidy money goes unclaimed; SMEs don't know or can't apply || Ant colony / stigmergy: coordination through traces left in the environment"
A10,B13,C09,1,3,3,"Daily free satellite imagery at 3-10m (Sentinel-2, Planet NICFI-style access) || Grant and subsidy money goes unclaimed; SMEs don't know or can't apply || Clinical triage: route cases by urgency with a short standard question set"
A10,B13,C10,1,3,3,"Daily free satellite imagery at 3-10m (Sentinel-2, Planet NICFI-style access) || Grant and subsidy money goes unclaimed; SMEs don't know or can't apply || Futures market: sell next season's output today to lock a price"
A10,B13,C11,2,3,6,"Daily free satellite imagery at 3-10m (Sentinel-2, Planet NICFI-style access) || Grant and subsidy money goes unclaimed; SMEs don't know or can't apply || Container shipping standard (TEU): one box fits every ship, truck, crane"
A10,B13,C12,0,3,0,"Daily free satellite imagery at 3-10m (Sentinel-2, Planet NICFI-style access) || Grant and subsidy money goes unclaimed; SMEs don't know or can't apply || Speedrun/leaderboard gaming: public live competition drives behaviour"
A10,B13,C13,0,3,0,"Daily free satellite imagery at 3-10m (Sentinel-2, Planet NICFI-style access) || Grant and subsidy money goes unclaimed; SMEs don't know or can't apply || Tontine / rotating savings club (ROSCA): members fund each other in turn"
A10,B13,C14,1,3,3,"Daily free satellite imagery at 3-10m (Sentinel-2, Planet NICFI-style access) || Grant and subsidy money goes unclaimed; SMEs don't know or can't apply || Prediction market: price aggregates dispersed knowledge into a probability"
A10,B13,C15,1,3,3,"Daily free satellite imagery at 3-10m (Sentinel-2, Planet NICFI-style access) || Grant and subsidy money goes unclaimed; SMEs don't know or can't apply || Pharmacovigilance: tiny signals from many reports detect rare problems early"
A10,B14,C01,0,3,0,"Daily free satellite imagery at 3-10m (Sentinel-2, Planet NICFI-style access) || Heatwaves: buildings overheat, elderly and workers at risk (Cyprus 45C+) || Airline yield management: price changes by demand minute to minute"
A10,B14,C02,1,3,3,"Daily free satellite imagery at 3-10m (Sentinel-2, Planet NICFI-style access) || Heatwaves: buildings overheat, elderly and workers at risk (Cyprus 45C+) || Chess/Elo rating: ranking from pairwise outcomes, no absolute measure needed"
A10,B14,C03,0,2,0,"Daily free satellite imagery at 3-10m (Sentinel-2, Planet NICFI-style access) || Heatwaves: buildings overheat, elderly and workers at risk (Cyprus 45C+) || Blood-bank / organ matching: time-critical allocation of scarce perishable supply"
A10,B14,C04,1,3,3,"Daily free satellite imagery at 3-10m (Sentinel-2, Planet NICFI-style access) || Heatwaves: buildings overheat, elderly and workers at risk (Cyprus 45C+) || Reinsurance: pooling many small risks and selling slices to big capital"
A10,B14,C05,1,3,3,"Daily free satellite imagery at 3-10m (Sentinel-2, Planet NICFI-style access) || Heatwaves: buildings overheat, elderly and workers at risk (Cyprus 45C+) || Air-traffic control: live deconfliction of many actors in shared space"
A10,B14,C06,1,3,3,"Daily free satellite imagery at 3-10m (Sentinel-2, Planet NICFI-style access) || Heatwaves: buildings overheat, elderly and workers at risk (Cyprus 45C+) || Spotify royalties: tiny usage events settled into automatic payouts"
A10,B14,C07,1,3,3,"Daily free satellite imagery at 3-10m (Sentinel-2, Planet NICFI-style access) || Heatwaves: buildings overheat, elderly and workers at risk (Cyprus 45C+) || Carfax-style history report built from many third-party events"
A10,B14,C08,1,3,3,"Daily free satellite imagery at 3-10m (Sentinel-2, Planet NICFI-style access) || Heatwaves: buildings overheat, elderly and workers at risk (Cyprus 45C+) || Ant colony / stigmergy: coordination through traces left in the environment"
A10,B14,C09,0,2,0,"Daily free satellite imagery at 3-10m (Sentinel-2, Planet NICFI-style access) || Heatwaves: buildings overheat, elderly and workers at risk (Cyprus 45C+) || Clinical triage: route cases by urgency with a short standard question set"
A10,B14,C10,1,3,3,"Daily free satellite imagery at 3-10m (Sentinel-2, Planet NICFI-style access) || Heatwaves: buildings overheat, elderly and workers at risk (Cyprus 45C+) || Futures market: sell next season's output today to lock a price"
A10,B14,C11,1,3,3,"Daily free satellite imagery at 3-10m (Sentinel-2, Planet NICFI-style access) || Heatwaves: buildings overheat, elderly and workers at risk (Cyprus 45C+) || Container shipping standard (TEU): one box fits every ship, truck, crane"
A10,B14,C12,0,3,0,"Daily free satellite imagery at 3-10m (Sentinel-2, Planet NICFI-style access) || Heatwaves: buildings overheat, elderly and workers at risk (Cyprus 45C+) || Speedrun/leaderboard gaming: public live competition drives behaviour"
A10,B14,C13,0,3,0,"Daily free satellite imagery at 3-10m (Sentinel-2, Planet NICFI-style access) || Heatwaves: buildings overheat, elderly and workers at risk (Cyprus 45C+) || Tontine / rotating savings club (ROSCA): members fund each other in turn"
A10,B14,C14,1,3,3,"Daily free satellite imagery at 3-10m (Sentinel-2, Planet NICFI-style access) || Heatwaves: buildings overheat, elderly and workers at risk (Cyprus 45C+) || Prediction market: price aggregates dispersed knowledge into a probability"
A10,B14,C15,1,2,2,"Daily free satellite imagery at 3-10m (Sentinel-2, Planet NICFI-style access) || Heatwaves: buildings overheat, elderly and workers at risk (Cyprus 45C+) || Pharmacovigilance: tiny signals from many reports detect rare problems early"
A10,B15,C01,0,3,0,"Daily free satellite imagery at 3-10m (Sentinel-2, Planet NICFI-style access) || Property and utility disputes between landlords and tenants over shared costs || Airline yield management: price changes by demand minute to minute"
A10,B15,C02,1,3,3,"Daily free satellite imagery at 3-10m (Sentinel-2, Planet NICFI-style access) || Property and utility disputes between landlords and tenants over shared costs || Chess/Elo rating: ranking from pairwise outcomes, no absolute measure needed"
A10,B15,C03,0,3,0,"Daily free satellite imagery at 3-10m (Sentinel-2, Planet NICFI-style access) || Property and utility disputes between landlords and tenants over shared costs || Blood-bank / organ matching: time-critical allocation of scarce perishable supply"
A10,B15,C04,0,3,0,"Daily free satellite imagery at 3-10m (Sentinel-2, Planet NICFI-style access) || Property and utility disputes between landlords and tenants over shared costs || Reinsurance: pooling many small risks and selling slices to big capital"
A10,B15,C05,0,3,0,"Daily free satellite imagery at 3-10m (Sentinel-2, Planet NICFI-style access) || Property and utility disputes between landlords and tenants over shared costs || Air-traffic control: live deconfliction of many actors in shared space"
A10,B15,C06,1,3,3,"Daily free satellite imagery at 3-10m (Sentinel-2, Planet NICFI-style access) || Property and utility disputes between landlords and tenants over shared costs || Spotify royalties: tiny usage events settled into automatic payouts"
A10,B15,C07,1,3,3,"Daily free satellite imagery at 3-10m (Sentinel-2, Planet NICFI-style access) || Property and utility disputes between landlords and tenants over shared costs || Carfax-style history report built from many third-party events"
A10,B15,C08,0,3,0,"Daily free satellite imagery at 3-10m (Sentinel-2, Planet NICFI-style access) || Property and utility disputes between landlords and tenants over shared costs || Ant colony / stigmergy: coordination through traces left in the environment"
A10,B15,C09,0,3,0,"Daily free satellite imagery at 3-10m (Sentinel-2, Planet NICFI-style access) || Property and utility disputes between landlords and tenants over shared costs || Clinical triage: route cases by urgency with a short standard question set"
A10,B15,C10,2,3,6,"Daily free satellite imagery at 3-10m (Sentinel-2, Planet NICFI-style access) || Property and utility disputes between landlords and tenants over shared costs || Futures market: sell next season's output today to lock a price"
A10,B15,C11,1,3,3,"Daily free satellite imagery at 3-10m (Sentinel-2, Planet NICFI-style access) || Property and utility disputes between landlords and tenants over shared costs || Container shipping standard (TEU): one box fits every ship, truck, crane"
A10,B15,C12,0,3,0,"Daily free satellite imagery at 3-10m (Sentinel-2, Planet NICFI-style access) || Property and utility disputes between landlords and tenants over shared costs || Speedrun/leaderboard gaming: public live competition drives behaviour"
A10,B15,C13,1,3,3,"Daily free satellite imagery at 3-10m (Sentinel-2, Planet NICFI-style access) || Property and utility disputes between landlords and tenants over shared costs || Tontine / rotating savings club (ROSCA): members fund each other in turn"
A10,B15,C14,1,3,3,"Daily free satellite imagery at 3-10m (Sentinel-2, Planet NICFI-style access) || Property and utility disputes between landlords and tenants over shared costs || Prediction market: price aggregates dispersed knowledge into a probability"
A10,B15,C15,1,3,3,"Daily free satellite imagery at 3-10m (Sentinel-2, Planet NICFI-style access) || Property and utility disputes between landlords and tenants over shared costs || Pharmacovigilance: tiny signals from many reports detect rare problems early"
A11,B01,C01,1,2,2,"Digital Product Passport requirement (ESPR, batteries first 2027) || SMEs answer many differently-worded sustainability requests from banks/customers || Airline yield management: price changes by demand minute to minute"
A11,B01,C02,3,2,6,"Digital Product Passport requirement (ESPR, batteries first 2027) || SMEs answer many differently-worded sustainability requests from banks/customers || Chess/Elo rating: ranking from pairwise outcomes, no absolute measure needed"
A11,B01,C03,2,2,4,"Digital Product Passport requirement (ESPR, batteries first 2027) || SMEs answer many differently-worded sustainability requests from banks/customers || Blood-bank / organ matching: time-critical allocation of scarce perishable supply"
A11,B01,C04,2,2,4,"Digital Product Passport requirement (ESPR, batteries first 2027) || SMEs answer many differently-worded sustainability requests from banks/customers || Reinsurance: pooling many small risks and selling slices to big capital"
A11,B01,C05,1,2,2,"Digital Product Passport requirement (ESPR, batteries first 2027) || SMEs answer many differently-worded sustainability requests from banks/customers || Air-traffic control: live deconfliction of many actors in shared space"
A11,B01,C06,3,2,6,"Digital Product Passport requirement (ESPR, batteries first 2027) || SMEs answer many differently-worded sustainability requests from banks/customers || Spotify royalties: tiny usage events settled into automatic payouts"
A11,B01,C07,4,2,8,"Digital Product Passport requirement (ESPR, batteries first 2027) || SMEs answer many differently-worded sustainability requests from banks/customers || Carfax-style history report built from many third-party events"
A11,B01,C08,1,2,2,"Digital Product Passport requirement (ESPR, batteries first 2027) || SMEs answer many differently-worded sustainability requests from banks/customers || Ant colony / stigmergy: coordination through traces left in the environment"
A11,B01,C09,2,2,4,"Digital Product Passport requirement (ESPR, batteries first 2027) || SMEs answer many differently-worded sustainability requests from banks/customers || Clinical triage: route cases by urgency with a short standard question set"
A11,B01,C10,1,2,2,"Digital Product Passport requirement (ESPR, batteries first 2027) || SMEs answer many differently-worded sustainability requests from banks/customers || Futures market: sell next season's output today to lock a price"
A11,B01,C11,5,2,10,"Digital Product Passport requirement (ESPR, batteries first 2027) || SMEs answer many differently-worded sustainability requests from banks/customers || Container shipping standard (TEU): one box fits every ship, truck, crane"
A11,B01,C12,1,2,2,"Digital Product Passport requirement (ESPR, batteries first 2027) || SMEs answer many differently-worded sustainability requests from banks/customers || Speedrun/leaderboard gaming: public live competition drives behaviour"
A11,B01,C13,2,2,4,"Digital Product Passport requirement (ESPR, batteries first 2027) || SMEs answer many differently-worded sustainability requests from banks/customers || Tontine / rotating savings club (ROSCA): members fund each other in turn"
A11,B01,C14,3,2,6,"Digital Product Passport requirement (ESPR, batteries first 2027) || SMEs answer many differently-worded sustainability requests from banks/customers || Prediction market: price aggregates dispersed knowledge into a probability"
A11,B01,C15,3,2,6,"Digital Product Passport requirement (ESPR, batteries first 2027) || SMEs answer many differently-worded sustainability requests from banks/customers || Pharmacovigilance: tiny signals from many reports detect rare problems early"
A11,B02,C01,1,3,3,"Digital Product Passport requirement (ESPR, batteries first 2027) || Energy cost is a major barrier for ~50% of EU firms; SMEs under-invest in efficiency || Airline yield management: price changes by demand minute to minute"
A11,B02,C02,1,3,3,"Digital Product Passport requirement (ESPR, batteries first 2027) || Energy cost is a major barrier for ~50% of EU firms; SMEs under-invest in efficiency || Chess/Elo rating: ranking from pairwise outcomes, no absolute measure needed"
A11,B02,C03,1,3,3,"Digital Product Passport requirement (ESPR, batteries first 2027) || Energy cost is a major barrier for ~50% of EU firms; SMEs under-invest in efficiency || Blood-bank / organ matching: time-critical allocation of scarce perishable supply"
A11,B02,C04,1,3,3,"Digital Product Passport requirement (ESPR, batteries first 2027) || Energy cost is a major barrier for ~50% of EU firms; SMEs under-invest in efficiency || Reinsurance: pooling many small risks and selling slices to big capital"
A11,B02,C05,0,3,0,"Digital Product Passport requirement (ESPR, batteries first 2027) || Energy cost is a major barrier for ~50% of EU firms; SMEs under-invest in efficiency || Air-traffic control: live deconfliction of many actors in shared space"
A11,B02,C06,2,3,6,"Digital Product Passport requirement (ESPR, batteries first 2027) || Energy cost is a major barrier for ~50% of EU firms; SMEs under-invest in efficiency || Spotify royalties: tiny usage events settled into automatic payouts"
A11,B02,C07,2,3,6,"Digital Product Passport requirement (ESPR, batteries first 2027) || Energy cost is a major barrier for ~50% of EU firms; SMEs under-invest in efficiency || Carfax-style history report built from many third-party events"
A11,B02,C08,0,3,0,"Digital Product Passport requirement (ESPR, batteries first 2027) || Energy cost is a major barrier for ~50% of EU firms; SMEs under-invest in efficiency || Ant colony / stigmergy: coordination through traces left in the environment"
A11,B02,C09,0,3,0,"Digital Product Passport requirement (ESPR, batteries first 2027) || Energy cost is a major barrier for ~50% of EU firms; SMEs under-invest in efficiency || Clinical triage: route cases by urgency with a short standard question set"
A11,B02,C10,1,3,3,"Digital Product Passport requirement (ESPR, batteries first 2027) || Energy cost is a major barrier for ~50% of EU firms; SMEs under-invest in efficiency || Futures market: sell next season's output today to lock a price"
A11,B02,C11,2,3,6,"Digital Product Passport requirement (ESPR, batteries first 2027) || Energy cost is a major barrier for ~50% of EU firms; SMEs under-invest in efficiency || Container shipping standard (TEU): one box fits every ship, truck, crane"
A11,B02,C12,0,3,0,"Digital Product Passport requirement (ESPR, batteries first 2027) || Energy cost is a major barrier for ~50% of EU firms; SMEs under-invest in efficiency || Speedrun/leaderboard gaming: public live competition drives behaviour"
A11,B02,C13,2,3,6,"Digital Product Passport requirement (ESPR, batteries first 2027) || Energy cost is a major barrier for ~50% of EU firms; SMEs under-invest in efficiency || Tontine / rotating savings club (ROSCA): members fund each other in turn"
A11,B02,C14,2,3,6,"Digital Product Passport requirement (ESPR, batteries first 2027) || Energy cost is a major barrier for ~50% of EU firms; SMEs under-invest in efficiency || Prediction market: price aggregates dispersed knowledge into a probability"
A11,B02,C15,1,3,3,"Digital Product Passport requirement (ESPR, batteries first 2027) || Energy cost is a major barrier for ~50% of EU firms; SMEs under-invest in efficiency || Pharmacovigilance: tiny signals from many reports detect rare problems early"
A11,B03,C01,1,3,3,"Digital Product Passport requirement (ESPR, batteries first 2027) || Late payment: ~50% of EU invoices paid late; SMEs hit hardest || Airline yield management: price changes by demand minute to minute"
A11,B03,C02,1,3,3,"Digital Product Passport requirement (ESPR, batteries first 2027) || Late payment: ~50% of EU invoices paid late; SMEs hit hardest || Chess/Elo rating: ranking from pairwise outcomes, no absolute measure needed"
A11,B03,C03,1,3,3,"Digital Product Passport requirement (ESPR, batteries first 2027) || Late payment: ~50% of EU invoices paid late; SMEs hit hardest || Blood-bank / organ matching: time-critical allocation of scarce perishable supply"
A11,B03,C04,1,2,2,"Digital Product Passport requirement (ESPR, batteries first 2027) || Late payment: ~50% of EU invoices paid late; SMEs hit hardest || Reinsurance: pooling many small risks and selling slices to big capital"
A11,B03,C05,0,3,0,"Digital Product Passport requirement (ESPR, batteries first 2027) || Late payment: ~50% of EU invoices paid late; SMEs hit hardest || Air-traffic control: live deconfliction of many actors in shared space"
A11,B03,C06,2,3,6,"Digital Product Passport requirement (ESPR, batteries first 2027) || Late payment: ~50% of EU invoices paid late; SMEs hit hardest || Spotify royalties: tiny usage events settled into automatic payouts"
A11,B03,C07,2,3,6,"Digital Product Passport requirement (ESPR, batteries first 2027) || Late payment: ~50% of EU invoices paid late; SMEs hit hardest || Carfax-style history report built from many third-party events"
A11,B03,C08,0,3,0,"Digital Product Passport requirement (ESPR, batteries first 2027) || Late payment: ~50% of EU invoices paid late; SMEs hit hardest || Ant colony / stigmergy: coordination through traces left in the environment"
A11,B03,C09,0,3,0,"Digital Product Passport requirement (ESPR, batteries first 2027) || Late payment: ~50% of EU invoices paid late; SMEs hit hardest || Clinical triage: route cases by urgency with a short standard question set"
A11,B03,C10,1,2,2,"Digital Product Passport requirement (ESPR, batteries first 2027) || Late payment: ~50% of EU invoices paid late; SMEs hit hardest || Futures market: sell next season's output today to lock a price"
A11,B03,C11,2,3,6,"Digital Product Passport requirement (ESPR, batteries first 2027) || Late payment: ~50% of EU invoices paid late; SMEs hit hardest || Container shipping standard (TEU): one box fits every ship, truck, crane"
A11,B03,C12,0,3,0,"Digital Product Passport requirement (ESPR, batteries first 2027) || Late payment: ~50% of EU invoices paid late; SMEs hit hardest || Speedrun/leaderboard gaming: public live competition drives behaviour"
A11,B03,C13,2,2,4,"Digital Product Passport requirement (ESPR, batteries first 2027) || Late payment: ~50% of EU invoices paid late; SMEs hit hardest || Tontine / rotating savings club (ROSCA): members fund each other in turn"
A11,B03,C14,2,2,4,"Digital Product Passport requirement (ESPR, batteries first 2027) || Late payment: ~50% of EU invoices paid late; SMEs hit hardest || Prediction market: price aggregates dispersed knowledge into a probability"
A11,B03,C15,1,3,3,"Digital Product Passport requirement (ESPR, batteries first 2027) || Late payment: ~50% of EU invoices paid late; SMEs hit hardest || Pharmacovigilance: tiny signals from many reports detect rare problems early"
A11,B04,C01,0,3,0,"Digital Product Passport requirement (ESPR, batteries first 2027) || Cyprus water scarcity: desalination dependence, reservoirs below 20% (2025) || Airline yield management: price changes by demand minute to minute"
A11,B04,C02,1,3,3,"Digital Product Passport requirement (ESPR, batteries first 2027) || Cyprus water scarcity: desalination dependence, reservoirs below 20% (2025) || Chess/Elo rating: ranking from pairwise outcomes, no absolute measure needed"
A11,B04,C03,1,3,3,"Digital Product Passport requirement (ESPR, batteries first 2027) || Cyprus water scarcity: desalination dependence, reservoirs below 20% (2025) || Blood-bank / organ matching: time-critical allocation of scarce perishable supply"
A11,B04,C04,0,3,0,"Digital Product Passport requirement (ESPR, batteries first 2027) || Cyprus water scarcity: desalination dependence, reservoirs below 20% (2025) || Reinsurance: pooling many small risks and selling slices to big capital"
A11,B04,C05,1,3,3,"Digital Product Passport requirement (ESPR, batteries first 2027) || Cyprus water scarcity: desalination dependence, reservoirs below 20% (2025) || Air-traffic control: live deconfliction of many actors in shared space"
A11,B04,C06,1,3,3,"Digital Product Passport requirement (ESPR, batteries first 2027) || Cyprus water scarcity: desalination dependence, reservoirs below 20% (2025) || Spotify royalties: tiny usage events settled into automatic payouts"
A11,B04,C07,2,3,6,"Digital Product Passport requirement (ESPR, batteries first 2027) || Cyprus water scarcity: desalination dependence, reservoirs below 20% (2025) || Carfax-style history report built from many third-party events"
A11,B04,C08,1,3,3,"Digital Product Passport requirement (ESPR, batteries first 2027) || Cyprus water scarcity: desalination dependence, reservoirs below 20% (2025) || Ant colony / stigmergy: coordination through traces left in the environment"
A11,B04,C09,0,3,0,"Digital Product Passport requirement (ESPR, batteries first 2027) || Cyprus water scarcity: desalination dependence, reservoirs below 20% (2025) || Clinical triage: route cases by urgency with a short standard question set"
A11,B04,C10,1,3,3,"Digital Product Passport requirement (ESPR, batteries first 2027) || Cyprus water scarcity: desalination dependence, reservoirs below 20% (2025) || Futures market: sell next season's output today to lock a price"
A11,B04,C11,2,3,6,"Digital Product Passport requirement (ESPR, batteries first 2027) || Cyprus water scarcity: desalination dependence, reservoirs below 20% (2025) || Container shipping standard (TEU): one box fits every ship, truck, crane"
A11,B04,C12,0,3,0,"Digital Product Passport requirement (ESPR, batteries first 2027) || Cyprus water scarcity: desalination dependence, reservoirs below 20% (2025) || Speedrun/leaderboard gaming: public live competition drives behaviour"
A11,B04,C13,0,3,0,"Digital Product Passport requirement (ESPR, batteries first 2027) || Cyprus water scarcity: desalination dependence, reservoirs below 20% (2025) || Tontine / rotating savings club (ROSCA): members fund each other in turn"
A11,B04,C14,1,3,3,"Digital Product Passport requirement (ESPR, batteries first 2027) || Cyprus water scarcity: desalination dependence, reservoirs below 20% (2025) || Prediction market: price aggregates dispersed knowledge into a probability"
A11,B04,C15,1,3,3,"Digital Product Passport requirement (ESPR, batteries first 2027) || Cyprus water scarcity: desalination dependence, reservoirs below 20% (2025) || Pharmacovigilance: tiny signals from many reports detect rare problems early"
A11,B05,C01,2,3,6,"Digital Product Passport requirement (ESPR, batteries first 2027) || Tourism seasonality: Cyprus hotels/staff idle half the year || Airline yield management: price changes by demand minute to minute"
A11,B05,C02,1,3,3,"Digital Product Passport requirement (ESPR, batteries first 2027) || Tourism seasonality: Cyprus hotels/staff idle half the year || Chess/Elo rating: ranking from pairwise outcomes, no absolute measure needed"
A11,B05,C03,2,3,6,"Digital Product Passport requirement (ESPR, batteries first 2027) || Tourism seasonality: Cyprus hotels/staff idle half the year || Blood-bank / organ matching: time-critical allocation of scarce perishable supply"
A11,B05,C04,0,3,0,"Digital Product Passport requirement (ESPR, batteries first 2027) || Tourism seasonality: Cyprus hotels/staff idle half the year || Reinsurance: pooling many small risks and selling slices to big capital"
A11,B05,C05,1,3,3,"Digital Product Passport requirement (ESPR, batteries first 2027) || Tourism seasonality: Cyprus hotels/staff idle half the year || Air-traffic control: live deconfliction of many actors in shared space"
A11,B05,C06,2,3,6,"Digital Product Passport requirement (ESPR, batteries first 2027) || Tourism seasonality: Cyprus hotels/staff idle half the year || Spotify royalties: tiny usage events settled into automatic payouts"
A11,B05,C07,2,3,6,"Digital Product Passport requirement (ESPR, batteries first 2027) || Tourism seasonality: Cyprus hotels/staff idle half the year || Carfax-style history report built from many third-party events"
A11,B05,C08,1,3,3,"Digital Product Passport requirement (ESPR, batteries first 2027) || Tourism seasonality: Cyprus hotels/staff idle half the year || Ant colony / stigmergy: coordination through traces left in the environment"
A11,B05,C09,0,3,0,"Digital Product Passport requirement (ESPR, batteries first 2027) || Tourism seasonality: Cyprus hotels/staff idle half the year || Clinical triage: route cases by urgency with a short standard question set"
A11,B05,C10,1,3,3,"Digital Product Passport requirement (ESPR, batteries first 2027) || Tourism seasonality: Cyprus hotels/staff idle half the year || Futures market: sell next season's output today to lock a price"
A11,B05,C11,2,3,6,"Digital Product Passport requirement (ESPR, batteries first 2027) || Tourism seasonality: Cyprus hotels/staff idle half the year || Container shipping standard (TEU): one box fits every ship, truck, crane"
A11,B05,C12,2,3,6,"Digital Product Passport requirement (ESPR, batteries first 2027) || Tourism seasonality: Cyprus hotels/staff idle half the year || Speedrun/leaderboard gaming: public live competition drives behaviour"
A11,B05,C13,1,3,3,"Digital Product Passport requirement (ESPR, batteries first 2027) || Tourism seasonality: Cyprus hotels/staff idle half the year || Tontine / rotating savings club (ROSCA): members fund each other in turn"
A11,B05,C14,2,3,6,"Digital Product Passport requirement (ESPR, batteries first 2027) || Tourism seasonality: Cyprus hotels/staff idle half the year || Prediction market: price aggregates dispersed knowledge into a probability"
A11,B05,C15,1,3,3,"Digital Product Passport requirement (ESPR, batteries first 2027) || Tourism seasonality: Cyprus hotels/staff idle half the year || Pharmacovigilance: tiny signals from many reports detect rare problems early"
A11,B06,C01,0,2,0,"Digital Product Passport requirement (ESPR, batteries first 2027) || Red tape: EU SMEs cite administrative burden as top obstacle (Eurobarometer 2023) || Airline yield management: price changes by demand minute to minute"
A11,B06,C02,1,2,2,"Digital Product Passport requirement (ESPR, batteries first 2027) || Red tape: EU SMEs cite administrative burden as top obstacle (Eurobarometer 2023) || Chess/Elo rating: ranking from pairwise outcomes, no absolute measure needed"
A11,B06,C03,1,2,2,"Digital Product Passport requirement (ESPR, batteries first 2027) || Red tape: EU SMEs cite administrative burden as top obstacle (Eurobarometer 2023) || Blood-bank / organ matching: time-critical allocation of scarce perishable supply"
A11,B06,C04,0,2,0,"Digital Product Passport requirement (ESPR, batteries first 2027) || Red tape: EU SMEs cite administrative burden as top obstacle (Eurobarometer 2023) || Reinsurance: pooling many small risks and selling slices to big capital"
A11,B06,C05,0,2,0,"Digital Product Passport requirement (ESPR, batteries first 2027) || Red tape: EU SMEs cite administrative burden as top obstacle (Eurobarometer 2023) || Air-traffic control: live deconfliction of many actors in shared space"
A11,B06,C06,1,2,2,"Digital Product Passport requirement (ESPR, batteries first 2027) || Red tape: EU SMEs cite administrative burden as top obstacle (Eurobarometer 2023) || Spotify royalties: tiny usage events settled into automatic payouts"
A11,B06,C07,2,2,4,"Digital Product Passport requirement (ESPR, batteries first 2027) || Red tape: EU SMEs cite administrative burden as top obstacle (Eurobarometer 2023) || Carfax-style history report built from many third-party events"
A11,B06,C08,0,2,0,"Digital Product Passport requirement (ESPR, batteries first 2027) || Red tape: EU SMEs cite administrative burden as top obstacle (Eurobarometer 2023) || Ant colony / stigmergy: coordination through traces left in the environment"
A11,B06,C09,1,2,2,"Digital Product Passport requirement (ESPR, batteries first 2027) || Red tape: EU SMEs cite administrative burden as top obstacle (Eurobarometer 2023) || Clinical triage: route cases by urgency with a short standard question set"
A11,B06,C10,0,2,0,"Digital Product Passport requirement (ESPR, batteries first 2027) || Red tape: EU SMEs cite administrative burden as top obstacle (Eurobarometer 2023) || Futures market: sell next season's output today to lock a price"
A11,B06,C11,3,2,6,"Digital Product Passport requirement (ESPR, batteries first 2027) || Red tape: EU SMEs cite administrative burden as top obstacle (Eurobarometer 2023) || Container shipping standard (TEU): one box fits every ship, truck, crane"
A11,B06,C12,0,2,0,"Digital Product Passport requirement (ESPR, batteries first 2027) || Red tape: EU SMEs cite administrative burden as top obstacle (Eurobarometer 2023) || Speedrun/leaderboard gaming: public live competition drives behaviour"
A11,B06,C13,0,2,0,"Digital Product Passport requirement (ESPR, batteries first 2027) || Red tape: EU SMEs cite administrative burden as top obstacle (Eurobarometer 2023) || Tontine / rotating savings club (ROSCA): members fund each other in turn"
A11,B06,C14,1,2,2,"Digital Product Passport requirement (ESPR, batteries first 2027) || Red tape: EU SMEs cite administrative burden as top obstacle (Eurobarometer 2023) || Prediction market: price aggregates dispersed knowledge into a probability"
A11,B06,C15,1,2,2,"Digital Product Passport requirement (ESPR, batteries first 2027) || Red tape: EU SMEs cite administrative burden as top obstacle (Eurobarometer 2023) || Pharmacovigilance: tiny signals from many reports detect rare problems early"
A11,B07,C01,0,3,0,"Digital Product Passport requirement (ESPR, batteries first 2027) || Farmers lose crops to heat/drought with slow or no insurance payout || Airline yield management: price changes by demand minute to minute"
A11,B07,C02,1,3,3,"Digital Product Passport requirement (ESPR, batteries first 2027) || Farmers lose crops to heat/drought with slow or no insurance payout || Chess/Elo rating: ranking from pairwise outcomes, no absolute measure needed"
A11,B07,C03,1,3,3,"Digital Product Passport requirement (ESPR, batteries first 2027) || Farmers lose crops to heat/drought with slow or no insurance payout || Blood-bank / organ matching: time-critical allocation of scarce perishable supply"
A11,B07,C04,1,3,3,"Digital Product Passport requirement (ESPR, batteries first 2027) || Farmers lose crops to heat/drought with slow or no insurance payout || Reinsurance: pooling many small risks and selling slices to big capital"
A11,B07,C05,0,3,0,"Digital Product Passport requirement (ESPR, batteries first 2027) || Farmers lose crops to heat/drought with slow or no insurance payout || Air-traffic control: live deconfliction of many actors in shared space"
A11,B07,C06,1,3,3,"Digital Product Passport requirement (ESPR, batteries first 2027) || Farmers lose crops to heat/drought with slow or no insurance payout || Spotify royalties: tiny usage events settled into automatic payouts"
A11,B07,C07,2,3,6,"Digital Product Passport requirement (ESPR, batteries first 2027) || Farmers lose crops to heat/drought with slow or no insurance payout || Carfax-style history report built from many third-party events"
A11,B07,C08,0,2,0,"Digital Product Passport requirement (ESPR, batteries first 2027) || Farmers lose crops to heat/drought with slow or no insurance payout || Ant colony / stigmergy: coordination through traces left in the environment"
A11,B07,C09,0,3,0,"Digital Product Passport requirement (ESPR, batteries first 2027) || Farmers lose crops to heat/drought with slow or no insurance payout || Clinical triage: route cases by urgency with a short standard question set"
A11,B07,C10,1,3,3,"Digital Product Passport requirement (ESPR, batteries first 2027) || Farmers lose crops to heat/drought with slow or no insurance payout || Futures market: sell next season's output today to lock a price"
A11,B07,C11,2,3,6,"Digital Product Passport requirement (ESPR, batteries first 2027) || Farmers lose crops to heat/drought with slow or no insurance payout || Container shipping standard (TEU): one box fits every ship, truck, crane"
A11,B07,C12,0,3,0,"Digital Product Passport requirement (ESPR, batteries first 2027) || Farmers lose crops to heat/drought with slow or no insurance payout || Speedrun/leaderboard gaming: public live competition drives behaviour"
A11,B07,C13,0,3,0,"Digital Product Passport requirement (ESPR, batteries first 2027) || Farmers lose crops to heat/drought with slow or no insurance payout || Tontine / rotating savings club (ROSCA): members fund each other in turn"
A11,B07,C14,1,3,3,"Digital Product Passport requirement (ESPR, batteries first 2027) || Farmers lose crops to heat/drought with slow or no insurance payout || Prediction market: price aggregates dispersed knowledge into a probability"
A11,B07,C15,1,3,3,"Digital Product Passport requirement (ESPR, batteries first 2027) || Farmers lose crops to heat/drought with slow or no insurance payout || Pharmacovigilance: tiny signals from many reports detect rare problems early"
A11,B08,C01,1,3,3,"Digital Product Passport requirement (ESPR, batteries first 2027) || Food waste: ~130 kg per EU citizen/year, retail+hospitality large share || Airline yield management: price changes by demand minute to minute"
A11,B08,C02,2,3,6,"Digital Product Passport requirement (ESPR, batteries first 2027) || Food waste: ~130 kg per EU citizen/year, retail+hospitality large share || Chess/Elo rating: ranking from pairwise outcomes, no absolute measure needed"
A11,B08,C03,3,3,9,"Digital Product Passport requirement (ESPR, batteries first 2027) || Food waste: ~130 kg per EU citizen/year, retail+hospitality large share || Blood-bank / organ matching: time-critical allocation of scarce perishable supply"
A11,B08,C04,1,3,3,"Digital Product Passport requirement (ESPR, batteries first 2027) || Food waste: ~130 kg per EU citizen/year, retail+hospitality large share || Reinsurance: pooling many small risks and selling slices to big capital"
A11,B08,C05,1,3,3,"Digital Product Passport requirement (ESPR, batteries first 2027) || Food waste: ~130 kg per EU citizen/year, retail+hospitality large share || Air-traffic control: live deconfliction of many actors in shared space"
A11,B08,C06,2,3,6,"Digital Product Passport requirement (ESPR, batteries first 2027) || Food waste: ~130 kg per EU citizen/year, retail+hospitality large share || Spotify royalties: tiny usage events settled into automatic payouts"
A11,B08,C07,4,3,12,"Digital Product Passport requirement (ESPR, batteries first 2027) || Food waste: ~130 kg per EU citizen/year, retail+hospitality large share || Carfax-style history report built from many third-party events"
A11,B08,C08,1,3,3,"Digital Product Passport requirement (ESPR, batteries first 2027) || Food waste: ~130 kg per EU citizen/year, retail+hospitality large share || Ant colony / stigmergy: coordination through traces left in the environment"
A11,B08,C09,1,3,3,"Digital Product Passport requirement (ESPR, batteries first 2027) || Food waste: ~130 kg per EU citizen/year, retail+hospitality large share || Clinical triage: route cases by urgency with a short standard question set"
A11,B08,C10,1,3,3,"Digital Product Passport requirement (ESPR, batteries first 2027) || Food waste: ~130 kg per EU citizen/year, retail+hospitality large share || Futures market: sell next season's output today to lock a price"
A11,B08,C11,3,3,9,"Digital Product Passport requirement (ESPR, batteries first 2027) || Food waste: ~130 kg per EU citizen/year, retail+hospitality large share || Container shipping standard (TEU): one box fits every ship, truck, crane"
A11,B08,C12,2,3,6,"Digital Product Passport requirement (ESPR, batteries first 2027) || Food waste: ~130 kg per EU citizen/year, retail+hospitality large share || Speedrun/leaderboard gaming: public live competition drives behaviour"
A11,B08,C13,1,3,3,"Digital Product Passport requirement (ESPR, batteries first 2027) || Food waste: ~130 kg per EU citizen/year, retail+hospitality large share || Tontine / rotating savings club (ROSCA): members fund each other in turn"
A11,B08,C14,2,3,6,"Digital Product Passport requirement (ESPR, batteries first 2027) || Food waste: ~130 kg per EU citizen/year, retail+hospitality large share || Prediction market: price aggregates dispersed knowledge into a probability"
A11,B08,C15,2,3,6,"Digital Product Passport requirement (ESPR, batteries first 2027) || Food waste: ~130 kg per EU citizen/year, retail+hospitality large share || Pharmacovigilance: tiny signals from many reports detect rare problems early"
A11,B09,C01,1,3,3,"Digital Product Passport requirement (ESPR, batteries first 2027) || Island grid curtailment: Cyprus wastes solar output at midday (no interconnector) || Airline yield management: price changes by demand minute to minute"
A11,B09,C02,1,3,3,"Digital Product Passport requirement (ESPR, batteries first 2027) || Island grid curtailment: Cyprus wastes solar output at midday (no interconnector) || Chess/Elo rating: ranking from pairwise outcomes, no absolute measure needed"
A11,B09,C03,2,3,6,"Digital Product Passport requirement (ESPR, batteries first 2027) || Island grid curtailment: Cyprus wastes solar output at midday (no interconnector) || Blood-bank / organ matching: time-critical allocation of scarce perishable supply"
A11,B09,C04,0,3,0,"Digital Product Passport requirement (ESPR, batteries first 2027) || Island grid curtailment: Cyprus wastes solar output at midday (no interconnector) || Reinsurance: pooling many small risks and selling slices to big capital"
A11,B09,C05,2,3,6,"Digital Product Passport requirement (ESPR, batteries first 2027) || Island grid curtailment: Cyprus wastes solar output at midday (no interconnector) || Air-traffic control: live deconfliction of many actors in shared space"
A11,B09,C06,1,3,3,"Digital Product Passport requirement (ESPR, batteries first 2027) || Island grid curtailment: Cyprus wastes solar output at midday (no interconnector) || Spotify royalties: tiny usage events settled into automatic payouts"
A11,B09,C07,2,3,6,"Digital Product Passport requirement (ESPR, batteries first 2027) || Island grid curtailment: Cyprus wastes solar output at midday (no interconnector) || Carfax-style history report built from many third-party events"
A11,B09,C08,2,3,6,"Digital Product Passport requirement (ESPR, batteries first 2027) || Island grid curtailment: Cyprus wastes solar output at midday (no interconnector) || Ant colony / stigmergy: coordination through traces left in the environment"
A11,B09,C09,0,3,0,"Digital Product Passport requirement (ESPR, batteries first 2027) || Island grid curtailment: Cyprus wastes solar output at midday (no interconnector) || Clinical triage: route cases by urgency with a short standard question set"
A11,B09,C10,0,3,0,"Digital Product Passport requirement (ESPR, batteries first 2027) || Island grid curtailment: Cyprus wastes solar output at midday (no interconnector) || Futures market: sell next season's output today to lock a price"
A11,B09,C11,2,3,6,"Digital Product Passport requirement (ESPR, batteries first 2027) || Island grid curtailment: Cyprus wastes solar output at midday (no interconnector) || Container shipping standard (TEU): one box fits every ship, truck, crane"
A11,B09,C12,1,3,3,"Digital Product Passport requirement (ESPR, batteries first 2027) || Island grid curtailment: Cyprus wastes solar output at midday (no interconnector) || Speedrun/leaderboard gaming: public live competition drives behaviour"
A11,B09,C13,0,3,0,"Digital Product Passport requirement (ESPR, batteries first 2027) || Island grid curtailment: Cyprus wastes solar output at midday (no interconnector) || Tontine / rotating savings club (ROSCA): members fund each other in turn"
A11,B09,C14,1,3,3,"Digital Product Passport requirement (ESPR, batteries first 2027) || Island grid curtailment: Cyprus wastes solar output at midday (no interconnector) || Prediction market: price aggregates dispersed knowledge into a probability"
A11,B09,C15,1,3,3,"Digital Product Passport requirement (ESPR, batteries first 2027) || Island grid curtailment: Cyprus wastes solar output at midday (no interconnector) || Pharmacovigilance: tiny signals from many reports detect rare problems early"
A11,B10,C01,1,3,3,"Digital Product Passport requirement (ESPR, batteries first 2027) || SMEs can't get credit: thin files, no collateral (SAFE survey) || Airline yield management: price changes by demand minute to minute"
A11,B10,C02,4,3,12,"Digital Product Passport requirement (ESPR, batteries first 2027) || SMEs can't get credit: thin files, no collateral (SAFE survey) || Chess/Elo rating: ranking from pairwise outcomes, no absolute measure needed"
A11,B10,C03,2,3,6,"Digital Product Passport requirement (ESPR, batteries first 2027) || SMEs can't get credit: thin files, no collateral (SAFE survey) || Blood-bank / organ matching: time-critical allocation of scarce perishable supply"
A11,B10,C04,2,2,4,"Digital Product Passport requirement (ESPR, batteries first 2027) || SMEs can't get credit: thin files, no collateral (SAFE survey) || Reinsurance: pooling many small risks and selling slices to big capital"
A11,B10,C05,1,3,3,"Digital Product Passport requirement (ESPR, batteries first 2027) || SMEs can't get credit: thin files, no collateral (SAFE survey) || Air-traffic control: live deconfliction of many actors in shared space"
A11,B10,C06,3,3,9,"Digital Product Passport requirement (ESPR, batteries first 2027) || SMEs can't get credit: thin files, no collateral (SAFE survey) || Spotify royalties: tiny usage events settled into automatic payouts"
A11,B10,C07,4,3,12,"Digital Product Passport requirement (ESPR, batteries first 2027) || SMEs can't get credit: thin files, no collateral (SAFE survey) || Carfax-style history report built from many third-party events"
A11,B10,C08,1,3,3,"Digital Product Passport requirement (ESPR, batteries first 2027) || SMEs can't get credit: thin files, no collateral (SAFE survey) || Ant colony / stigmergy: coordination through traces left in the environment"
A11,B10,C09,1,3,3,"Digital Product Passport requirement (ESPR, batteries first 2027) || SMEs can't get credit: thin files, no collateral (SAFE survey) || Clinical triage: route cases by urgency with a short standard question set"
A11,B10,C10,1,2,2,"Digital Product Passport requirement (ESPR, batteries first 2027) || SMEs can't get credit: thin files, no collateral (SAFE survey) || Futures market: sell next season's output today to lock a price"
A11,B10,C11,4,3,12,"Digital Product Passport requirement (ESPR, batteries first 2027) || SMEs can't get credit: thin files, no collateral (SAFE survey) || Container shipping standard (TEU): one box fits every ship, truck, crane"
A11,B10,C12,1,3,3,"Digital Product Passport requirement (ESPR, batteries first 2027) || SMEs can't get credit: thin files, no collateral (SAFE survey) || Speedrun/leaderboard gaming: public live competition drives behaviour"
A11,B10,C13,2,2,4,"Digital Product Passport requirement (ESPR, batteries first 2027) || SMEs can't get credit: thin files, no collateral (SAFE survey) || Tontine / rotating savings club (ROSCA): members fund each other in turn"
A11,B10,C14,3,2,6,"Digital Product Passport requirement (ESPR, batteries first 2027) || SMEs can't get credit: thin files, no collateral (SAFE survey) || Prediction market: price aggregates dispersed knowledge into a probability"
A11,B10,C15,3,3,9,"Digital Product Passport requirement (ESPR, batteries first 2027) || SMEs can't get credit: thin files, no collateral (SAFE survey) || Pharmacovigilance: tiny signals from many reports detect rare problems early"
A11,B11,C01,3,3,9,"Digital Product Passport requirement (ESPR, batteries first 2027) || Used goods and repairs lack trusted history, so resale value collapses || Airline yield management: price changes by demand minute to minute"
A11,B11,C02,5,3,15,"Digital Product Passport requirement (ESPR, batteries first 2027) || Used goods and repairs lack trusted history, so resale value collapses || Chess/Elo rating: ranking from pairwise outcomes, no absolute measure needed"
A11,B11,C03,5,3,15,"Digital Product Passport requirement (ESPR, batteries first 2027) || Used goods and repairs lack trusted history, so resale value collapses || Blood-bank / organ matching: time-critical allocation of scarce perishable supply"
A11,B11,C04,3,3,9,"Digital Product Passport requirement (ESPR, batteries first 2027) || Used goods and repairs lack trusted history, so resale value collapses || Reinsurance: pooling many small risks and selling slices to big capital"
A11,B11,C05,3,3,9,"Digital Product Passport requirement (ESPR, batteries first 2027) || Used goods and repairs lack trusted history, so resale value collapses || Air-traffic control: live deconfliction of many actors in shared space"
A11,B11,C06,5,3,15,"Digital Product Passport requirement (ESPR, batteries first 2027) || Used goods and repairs lack trusted history, so resale value collapses || Spotify royalties: tiny usage events settled into automatic payouts"
A11,B11,C07,7,3,21,"Digital Product Passport requirement (ESPR, batteries first 2027) || Used goods and repairs lack trusted history, so resale value collapses || Carfax-style history report built from many third-party events"
A11,B11,C08,3,3,9,"Digital Product Passport requirement (ESPR, batteries first 2027) || Used goods and repairs lack trusted history, so resale value collapses || Ant colony / stigmergy: coordination through traces left in the environment"
A11,B11,C09,3,3,9,"Digital Product Passport requirement (ESPR, batteries first 2027) || Used goods and repairs lack trusted history, so resale value collapses || Clinical triage: route cases by urgency with a short standard question set"
A11,B11,C10,3,3,9,"Digital Product Passport requirement (ESPR, batteries first 2027) || Used goods and repairs lack trusted history, so resale value collapses || Futures market: sell next season's output today to lock a price"
A11,B11,C11,7,3,21,"Digital Product Passport requirement (ESPR, batteries first 2027) || Used goods and repairs lack trusted history, so resale value collapses || Container shipping standard (TEU): one box fits every ship, truck, crane"
A11,B11,C12,3,3,9,"Digital Product Passport requirement (ESPR, batteries first 2027) || Used goods and repairs lack trusted history, so resale value collapses || Speedrun/leaderboard gaming: public live competition drives behaviour"
A11,B11,C13,3,3,9,"Digital Product Passport requirement (ESPR, batteries first 2027) || Used goods and repairs lack trusted history, so resale value collapses || Tontine / rotating savings club (ROSCA): members fund each other in turn"
A11,B11,C14,5,3,15,"Digital Product Passport requirement (ESPR, batteries first 2027) || Used goods and repairs lack trusted history, so resale value collapses || Prediction market: price aggregates dispersed knowledge into a probability"
A11,B11,C15,5,3,15,"Digital Product Passport requirement (ESPR, batteries first 2027) || Used goods and repairs lack trusted history, so resale value collapses || Pharmacovigilance: tiny signals from many reports detect rare problems early"
A11,B12,C01,2,3,6,"Digital Product Passport requirement (ESPR, batteries first 2027) || Staff shortages in hospitality/care; workers paid late, shifts unfilled || Airline yield management: price changes by demand minute to minute"
A11,B12,C02,1,3,3,"Digital Product Passport requirement (ESPR, batteries first 2027) || Staff shortages in hospitality/care; workers paid late, shifts unfilled || Chess/Elo rating: ranking from pairwise outcomes, no absolute measure needed"
A11,B12,C03,2,3,6,"Digital Product Passport requirement (ESPR, batteries first 2027) || Staff shortages in hospitality/care; workers paid late, shifts unfilled || Blood-bank / organ matching: time-critical allocation of scarce perishable supply"
A11,B12,C04,0,3,0,"Digital Product Passport requirement (ESPR, batteries first 2027) || Staff shortages in hospitality/care; workers paid late, shifts unfilled || Reinsurance: pooling many small risks and selling slices to big capital"
A11,B12,C05,1,3,3,"Digital Product Passport requirement (ESPR, batteries first 2027) || Staff shortages in hospitality/care; workers paid late, shifts unfilled || Air-traffic control: live deconfliction of many actors in shared space"
A11,B12,C06,2,3,6,"Digital Product Passport requirement (ESPR, batteries first 2027) || Staff shortages in hospitality/care; workers paid late, shifts unfilled || Spotify royalties: tiny usage events settled into automatic payouts"
A11,B12,C07,2,3,6,"Digital Product Passport requirement (ESPR, batteries first 2027) || Staff shortages in hospitality/care; workers paid late, shifts unfilled || Carfax-style history report built from many third-party events"
A11,B12,C08,1,3,3,"Digital Product Passport requirement (ESPR, batteries first 2027) || Staff shortages in hospitality/care; workers paid late, shifts unfilled || Ant colony / stigmergy: coordination through traces left in the environment"
A11,B12,C09,1,3,3,"Digital Product Passport requirement (ESPR, batteries first 2027) || Staff shortages in hospitality/care; workers paid late, shifts unfilled || Clinical triage: route cases by urgency with a short standard question set"
A11,B12,C10,1,3,3,"Digital Product Passport requirement (ESPR, batteries first 2027) || Staff shortages in hospitality/care; workers paid late, shifts unfilled || Futures market: sell next season's output today to lock a price"
A11,B12,C11,2,3,6,"Digital Product Passport requirement (ESPR, batteries first 2027) || Staff shortages in hospitality/care; workers paid late, shifts unfilled || Container shipping standard (TEU): one box fits every ship, truck, crane"
A11,B12,C12,1,3,3,"Digital Product Passport requirement (ESPR, batteries first 2027) || Staff shortages in hospitality/care; workers paid late, shifts unfilled || Speedrun/leaderboard gaming: public live competition drives behaviour"
A11,B12,C13,1,3,3,"Digital Product Passport requirement (ESPR, batteries first 2027) || Staff shortages in hospitality/care; workers paid late, shifts unfilled || Tontine / rotating savings club (ROSCA): members fund each other in turn"
A11,B12,C14,2,3,6,"Digital Product Passport requirement (ESPR, batteries first 2027) || Staff shortages in hospitality/care; workers paid late, shifts unfilled || Prediction market: price aggregates dispersed knowledge into a probability"
A11,B12,C15,2,3,6,"Digital Product Passport requirement (ESPR, batteries first 2027) || Staff shortages in hospitality/care; workers paid late, shifts unfilled || Pharmacovigilance: tiny signals from many reports detect rare problems early"
A11,B13,C01,0,2,0,"Digital Product Passport requirement (ESPR, batteries first 2027) || Grant and subsidy money goes unclaimed; SMEs don't know or can't apply || Airline yield management: price changes by demand minute to minute"
A11,B13,C02,2,2,4,"Digital Product Passport requirement (ESPR, batteries first 2027) || Grant and subsidy money goes unclaimed; SMEs don't know or can't apply || Chess/Elo rating: ranking from pairwise outcomes, no absolute measure needed"
A11,B13,C03,1,2,2,"Digital Product Passport requirement (ESPR, batteries first 2027) || Grant and subsidy money goes unclaimed; SMEs don't know or can't apply || Blood-bank / organ matching: time-critical allocation of scarce perishable supply"
A11,B13,C04,0,2,0,"Digital Product Passport requirement (ESPR, batteries first 2027) || Grant and subsidy money goes unclaimed; SMEs don't know or can't apply || Reinsurance: pooling many small risks and selling slices to big capital"
A11,B13,C05,0,2,0,"Digital Product Passport requirement (ESPR, batteries first 2027) || Grant and subsidy money goes unclaimed; SMEs don't know or can't apply || Air-traffic control: live deconfliction of many actors in shared space"
A11,B13,C06,1,2,2,"Digital Product Passport requirement (ESPR, batteries first 2027) || Grant and subsidy money goes unclaimed; SMEs don't know or can't apply || Spotify royalties: tiny usage events settled into automatic payouts"
A11,B13,C07,2,2,4,"Digital Product Passport requirement (ESPR, batteries first 2027) || Grant and subsidy money goes unclaimed; SMEs don't know or can't apply || Carfax-style history report built from many third-party events"
A11,B13,C08,0,2,0,"Digital Product Passport requirement (ESPR, batteries first 2027) || Grant and subsidy money goes unclaimed; SMEs don't know or can't apply || Ant colony / stigmergy: coordination through traces left in the environment"
A11,B13,C09,1,2,2,"Digital Product Passport requirement (ESPR, batteries first 2027) || Grant and subsidy money goes unclaimed; SMEs don't know or can't apply || Clinical triage: route cases by urgency with a short standard question set"
A11,B13,C10,0,2,0,"Digital Product Passport requirement (ESPR, batteries first 2027) || Grant and subsidy money goes unclaimed; SMEs don't know or can't apply || Futures market: sell next season's output today to lock a price"
A11,B13,C11,3,2,6,"Digital Product Passport requirement (ESPR, batteries first 2027) || Grant and subsidy money goes unclaimed; SMEs don't know or can't apply || Container shipping standard (TEU): one box fits every ship, truck, crane"
A11,B13,C12,0,2,0,"Digital Product Passport requirement (ESPR, batteries first 2027) || Grant and subsidy money goes unclaimed; SMEs don't know or can't apply || Speedrun/leaderboard gaming: public live competition drives behaviour"
A11,B13,C13,0,2,0,"Digital Product Passport requirement (ESPR, batteries first 2027) || Grant and subsidy money goes unclaimed; SMEs don't know or can't apply || Tontine / rotating savings club (ROSCA): members fund each other in turn"
A11,B13,C14,1,2,2,"Digital Product Passport requirement (ESPR, batteries first 2027) || Grant and subsidy money goes unclaimed; SMEs don't know or can't apply || Prediction market: price aggregates dispersed knowledge into a probability"
A11,B13,C15,1,2,2,"Digital Product Passport requirement (ESPR, batteries first 2027) || Grant and subsidy money goes unclaimed; SMEs don't know or can't apply || Pharmacovigilance: tiny signals from many reports detect rare problems early"
A11,B14,C01,0,3,0,"Digital Product Passport requirement (ESPR, batteries first 2027) || Heatwaves: buildings overheat, elderly and workers at risk (Cyprus 45C+) || Airline yield management: price changes by demand minute to minute"
A11,B14,C02,1,3,3,"Digital Product Passport requirement (ESPR, batteries first 2027) || Heatwaves: buildings overheat, elderly and workers at risk (Cyprus 45C+) || Chess/Elo rating: ranking from pairwise outcomes, no absolute measure needed"
A11,B14,C03,1,2,2,"Digital Product Passport requirement (ESPR, batteries first 2027) || Heatwaves: buildings overheat, elderly and workers at risk (Cyprus 45C+) || Blood-bank / organ matching: time-critical allocation of scarce perishable supply"
A11,B14,C04,1,3,3,"Digital Product Passport requirement (ESPR, batteries first 2027) || Heatwaves: buildings overheat, elderly and workers at risk (Cyprus 45C+) || Reinsurance: pooling many small risks and selling slices to big capital"
A11,B14,C05,1,3,3,"Digital Product Passport requirement (ESPR, batteries first 2027) || Heatwaves: buildings overheat, elderly and workers at risk (Cyprus 45C+) || Air-traffic control: live deconfliction of many actors in shared space"
A11,B14,C06,1,3,3,"Digital Product Passport requirement (ESPR, batteries first 2027) || Heatwaves: buildings overheat, elderly and workers at risk (Cyprus 45C+) || Spotify royalties: tiny usage events settled into automatic payouts"
A11,B14,C07,2,3,6,"Digital Product Passport requirement (ESPR, batteries first 2027) || Heatwaves: buildings overheat, elderly and workers at risk (Cyprus 45C+) || Carfax-style history report built from many third-party events"
A11,B14,C08,1,3,3,"Digital Product Passport requirement (ESPR, batteries first 2027) || Heatwaves: buildings overheat, elderly and workers at risk (Cyprus 45C+) || Ant colony / stigmergy: coordination through traces left in the environment"
A11,B14,C09,0,2,0,"Digital Product Passport requirement (ESPR, batteries first 2027) || Heatwaves: buildings overheat, elderly and workers at risk (Cyprus 45C+) || Clinical triage: route cases by urgency with a short standard question set"
A11,B14,C10,0,3,0,"Digital Product Passport requirement (ESPR, batteries first 2027) || Heatwaves: buildings overheat, elderly and workers at risk (Cyprus 45C+) || Futures market: sell next season's output today to lock a price"
A11,B14,C11,2,3,6,"Digital Product Passport requirement (ESPR, batteries first 2027) || Heatwaves: buildings overheat, elderly and workers at risk (Cyprus 45C+) || Container shipping standard (TEU): one box fits every ship, truck, crane"
A11,B14,C12,0,3,0,"Digital Product Passport requirement (ESPR, batteries first 2027) || Heatwaves: buildings overheat, elderly and workers at risk (Cyprus 45C+) || Speedrun/leaderboard gaming: public live competition drives behaviour"
A11,B14,C13,0,3,0,"Digital Product Passport requirement (ESPR, batteries first 2027) || Heatwaves: buildings overheat, elderly and workers at risk (Cyprus 45C+) || Tontine / rotating savings club (ROSCA): members fund each other in turn"
A11,B14,C14,1,3,3,"Digital Product Passport requirement (ESPR, batteries first 2027) || Heatwaves: buildings overheat, elderly and workers at risk (Cyprus 45C+) || Prediction market: price aggregates dispersed knowledge into a probability"
A11,B14,C15,1,2,2,"Digital Product Passport requirement (ESPR, batteries first 2027) || Heatwaves: buildings overheat, elderly and workers at risk (Cyprus 45C+) || Pharmacovigilance: tiny signals from many reports detect rare problems early"
A11,B15,C01,0,3,0,"Digital Product Passport requirement (ESPR, batteries first 2027) || Property and utility disputes between landlords and tenants over shared costs || Airline yield management: price changes by demand minute to minute"
A11,B15,C02,1,3,3,"Digital Product Passport requirement (ESPR, batteries first 2027) || Property and utility disputes between landlords and tenants over shared costs || Chess/Elo rating: ranking from pairwise outcomes, no absolute measure needed"
A11,B15,C03,1,3,3,"Digital Product Passport requirement (ESPR, batteries first 2027) || Property and utility disputes between landlords and tenants over shared costs || Blood-bank / organ matching: time-critical allocation of scarce perishable supply"
A11,B15,C04,0,3,0,"Digital Product Passport requirement (ESPR, batteries first 2027) || Property and utility disputes between landlords and tenants over shared costs || Reinsurance: pooling many small risks and selling slices to big capital"
A11,B15,C05,0,3,0,"Digital Product Passport requirement (ESPR, batteries first 2027) || Property and utility disputes between landlords and tenants over shared costs || Air-traffic control: live deconfliction of many actors in shared space"
A11,B15,C06,1,3,3,"Digital Product Passport requirement (ESPR, batteries first 2027) || Property and utility disputes between landlords and tenants over shared costs || Spotify royalties: tiny usage events settled into automatic payouts"
A11,B15,C07,2,3,6,"Digital Product Passport requirement (ESPR, batteries first 2027) || Property and utility disputes between landlords and tenants over shared costs || Carfax-style history report built from many third-party events"
A11,B15,C08,0,3,0,"Digital Product Passport requirement (ESPR, batteries first 2027) || Property and utility disputes between landlords and tenants over shared costs || Ant colony / stigmergy: coordination through traces left in the environment"
A11,B15,C09,0,3,0,"Digital Product Passport requirement (ESPR, batteries first 2027) || Property and utility disputes between landlords and tenants over shared costs || Clinical triage: route cases by urgency with a short standard question set"
A11,B15,C10,1,3,3,"Digital Product Passport requirement (ESPR, batteries first 2027) || Property and utility disputes between landlords and tenants over shared costs || Futures market: sell next season's output today to lock a price"
A11,B15,C11,2,3,6,"Digital Product Passport requirement (ESPR, batteries first 2027) || Property and utility disputes between landlords and tenants over shared costs || Container shipping standard (TEU): one box fits every ship, truck, crane"
A11,B15,C12,0,3,0,"Digital Product Passport requirement (ESPR, batteries first 2027) || Property and utility disputes between landlords and tenants over shared costs || Speedrun/leaderboard gaming: public live competition drives behaviour"
A11,B15,C13,1,3,3,"Digital Product Passport requirement (ESPR, batteries first 2027) || Property and utility disputes between landlords and tenants over shared costs || Tontine / rotating savings club (ROSCA): members fund each other in turn"
A11,B15,C14,1,3,3,"Digital Product Passport requirement (ESPR, batteries first 2027) || Property and utility disputes between landlords and tenants over shared costs || Prediction market: price aggregates dispersed knowledge into a probability"
A11,B15,C15,1,3,3,"Digital Product Passport requirement (ESPR, batteries first 2027) || Property and utility disputes between landlords and tenants over shared costs || Pharmacovigilance: tiny signals from many reports detect rare problems early"
A12,B01,C01,1,3,3,LLM voice agents that hold natural phone calls in Greek/English || SMEs answer many differently-worded sustainability requests from banks/customers || Airline yield management: price changes by demand minute to minute
A12,B01,C02,1,3,3,"LLM voice agents that hold natural phone calls in Greek/English || SMEs answer many differently-worded sustainability requests from banks/customers || Chess/Elo rating: ranking from pairwise outcomes, no absolute measure needed"
A12,B01,C03,1,3,3,LLM voice agents that hold natural phone calls in Greek/English || SMEs answer many differently-worded sustainability requests from banks/customers || Blood-bank / organ matching: time-critical allocation of scarce perishable supply
A12,B01,C04,1,3,3,LLM voice agents that hold natural phone calls in Greek/English || SMEs answer many differently-worded sustainability requests from banks/customers || Reinsurance: pooling many small risks and selling slices to big capital
A12,B01,C05,1,3,3,LLM voice agents that hold natural phone calls in Greek/English || SMEs answer many differently-worded sustainability requests from banks/customers || Air-traffic control: live deconfliction of many actors in shared space
A12,B01,C06,1,3,3,LLM voice agents that hold natural phone calls in Greek/English || SMEs answer many differently-worded sustainability requests from banks/customers || Spotify royalties: tiny usage events settled into automatic payouts
A12,B01,C07,1,3,3,LLM voice agents that hold natural phone calls in Greek/English || SMEs answer many differently-worded sustainability requests from banks/customers || Carfax-style history report built from many third-party events
A12,B01,C08,1,3,3,LLM voice agents that hold natural phone calls in Greek/English || SMEs answer many differently-worded sustainability requests from banks/customers || Ant colony / stigmergy: coordination through traces left in the environment
A12,B01,C09,2,3,6,LLM voice agents that hold natural phone calls in Greek/English || SMEs answer many differently-worded sustainability requests from banks/customers || Clinical triage: route cases by urgency with a short standard question set
A12,B01,C10,0,3,0,LLM voice agents that hold natural phone calls in Greek/English || SMEs answer many differently-worded sustainability requests from banks/customers || Futures market: sell next season's output today to lock a price
A12,B01,C11,2,3,6,"LLM voice agents that hold natural phone calls in Greek/English || SMEs answer many differently-worded sustainability requests from banks/customers || Container shipping standard (TEU): one box fits every ship, truck, crane"
A12,B01,C12,1,3,3,LLM voice agents that hold natural phone calls in Greek/English || SMEs answer many differently-worded sustainability requests from banks/customers || Speedrun/leaderboard gaming: public live competition drives behaviour
A12,B01,C13,1,3,3,LLM voice agents that hold natural phone calls in Greek/English || SMEs answer many differently-worded sustainability requests from banks/customers || Tontine / rotating savings club (ROSCA): members fund each other in turn
A12,B01,C14,1,3,3,LLM voice agents that hold natural phone calls in Greek/English || SMEs answer many differently-worded sustainability requests from banks/customers || Prediction market: price aggregates dispersed knowledge into a probability
A12,B01,C15,2,3,6,LLM voice agents that hold natural phone calls in Greek/English || SMEs answer many differently-worded sustainability requests from banks/customers || Pharmacovigilance: tiny signals from many reports detect rare problems early
A12,B02,C01,2,3,6,LLM voice agents that hold natural phone calls in Greek/English || Energy cost is a major barrier for ~50% of EU firms; SMEs under-invest in efficiency || Airline yield management: price changes by demand minute to minute
A12,B02,C02,0,3,0,"LLM voice agents that hold natural phone calls in Greek/English || Energy cost is a major barrier for ~50% of EU firms; SMEs under-invest in efficiency || Chess/Elo rating: ranking from pairwise outcomes, no absolute measure needed"
A12,B02,C03,1,3,3,LLM voice agents that hold natural phone calls in Greek/English || Energy cost is a major barrier for ~50% of EU firms; SMEs under-invest in efficiency || Blood-bank / organ matching: time-critical allocation of scarce perishable supply
A12,B02,C04,1,3,3,LLM voice agents that hold natural phone calls in Greek/English || Energy cost is a major barrier for ~50% of EU firms; SMEs under-invest in efficiency || Reinsurance: pooling many small risks and selling slices to big capital
A12,B02,C05,1,3,3,LLM voice agents that hold natural phone calls in Greek/English || Energy cost is a major barrier for ~50% of EU firms; SMEs under-invest in efficiency || Air-traffic control: live deconfliction of many actors in shared space
A12,B02,C06,1,3,3,LLM voice agents that hold natural phone calls in Greek/English || Energy cost is a major barrier for ~50% of EU firms; SMEs under-invest in efficiency || Spotify royalties: tiny usage events settled into automatic payouts
A12,B02,C07,0,3,0,LLM voice agents that hold natural phone calls in Greek/English || Energy cost is a major barrier for ~50% of EU firms; SMEs under-invest in efficiency || Carfax-style history report built from many third-party events
A12,B02,C08,1,3,3,LLM voice agents that hold natural phone calls in Greek/English || Energy cost is a major barrier for ~50% of EU firms; SMEs under-invest in efficiency || Ant colony / stigmergy: coordination through traces left in the environment
A12,B02,C09,1,3,3,LLM voice agents that hold natural phone calls in Greek/English || Energy cost is a major barrier for ~50% of EU firms; SMEs under-invest in efficiency || Clinical triage: route cases by urgency with a short standard question set
A12,B02,C10,1,3,3,LLM voice agents that hold natural phone calls in Greek/English || Energy cost is a major barrier for ~50% of EU firms; SMEs under-invest in efficiency || Futures market: sell next season's output today to lock a price
A12,B02,C11,0,3,0,"LLM voice agents that hold natural phone calls in Greek/English || Energy cost is a major barrier for ~50% of EU firms; SMEs under-invest in efficiency || Container shipping standard (TEU): one box fits every ship, truck, crane"
A12,B02,C12,1,3,3,LLM voice agents that hold natural phone calls in Greek/English || Energy cost is a major barrier for ~50% of EU firms; SMEs under-invest in efficiency || Speedrun/leaderboard gaming: public live competition drives behaviour
A12,B02,C13,2,3,6,LLM voice agents that hold natural phone calls in Greek/English || Energy cost is a major barrier for ~50% of EU firms; SMEs under-invest in efficiency || Tontine / rotating savings club (ROSCA): members fund each other in turn
A12,B02,C14,1,3,3,LLM voice agents that hold natural phone calls in Greek/English || Energy cost is a major barrier for ~50% of EU firms; SMEs under-invest in efficiency || Prediction market: price aggregates dispersed knowledge into a probability
A12,B02,C15,1,3,3,LLM voice agents that hold natural phone calls in Greek/English || Energy cost is a major barrier for ~50% of EU firms; SMEs under-invest in efficiency || Pharmacovigilance: tiny signals from many reports detect rare problems early
A12,B03,C01,2,3,6,LLM voice agents that hold natural phone calls in Greek/English || Late payment: ~50% of EU invoices paid late; SMEs hit hardest || Airline yield management: price changes by demand minute to minute
A12,B03,C02,0,3,0,"LLM voice agents that hold natural phone calls in Greek/English || Late payment: ~50% of EU invoices paid late; SMEs hit hardest || Chess/Elo rating: ranking from pairwise outcomes, no absolute measure needed"
A12,B03,C03,1,3,3,LLM voice agents that hold natural phone calls in Greek/English || Late payment: ~50% of EU invoices paid late; SMEs hit hardest || Blood-bank / organ matching: time-critical allocation of scarce perishable supply
A12,B03,C04,1,2,2,LLM voice agents that hold natural phone calls in Greek/English || Late payment: ~50% of EU invoices paid late; SMEs hit hardest || Reinsurance: pooling many small risks and selling slices to big capital
A12,B03,C05,1,3,3,LLM voice agents that hold natural phone calls in Greek/English || Late payment: ~50% of EU invoices paid late; SMEs hit hardest || Air-traffic control: live deconfliction of many actors in shared space
A12,B03,C06,1,3,3,LLM voice agents that hold natural phone calls in Greek/English || Late payment: ~50% of EU invoices paid late; SMEs hit hardest || Spotify royalties: tiny usage events settled into automatic payouts
A12,B03,C07,0,3,0,LLM voice agents that hold natural phone calls in Greek/English || Late payment: ~50% of EU invoices paid late; SMEs hit hardest || Carfax-style history report built from many third-party events
A12,B03,C08,1,3,3,LLM voice agents that hold natural phone calls in Greek/English || Late payment: ~50% of EU invoices paid late; SMEs hit hardest || Ant colony / stigmergy: coordination through traces left in the environment
A12,B03,C09,1,3,3,LLM voice agents that hold natural phone calls in Greek/English || Late payment: ~50% of EU invoices paid late; SMEs hit hardest || Clinical triage: route cases by urgency with a short standard question set
A12,B03,C10,1,2,2,LLM voice agents that hold natural phone calls in Greek/English || Late payment: ~50% of EU invoices paid late; SMEs hit hardest || Futures market: sell next season's output today to lock a price
A12,B03,C11,0,3,0,"LLM voice agents that hold natural phone calls in Greek/English || Late payment: ~50% of EU invoices paid late; SMEs hit hardest || Container shipping standard (TEU): one box fits every ship, truck, crane"
A12,B03,C12,1,3,3,LLM voice agents that hold natural phone calls in Greek/English || Late payment: ~50% of EU invoices paid late; SMEs hit hardest || Speedrun/leaderboard gaming: public live competition drives behaviour
A12,B03,C13,2,2,4,LLM voice agents that hold natural phone calls in Greek/English || Late payment: ~50% of EU invoices paid late; SMEs hit hardest || Tontine / rotating savings club (ROSCA): members fund each other in turn
A12,B03,C14,1,2,2,LLM voice agents that hold natural phone calls in Greek/English || Late payment: ~50% of EU invoices paid late; SMEs hit hardest || Prediction market: price aggregates dispersed knowledge into a probability
A12,B03,C15,1,3,3,LLM voice agents that hold natural phone calls in Greek/English || Late payment: ~50% of EU invoices paid late; SMEs hit hardest || Pharmacovigilance: tiny signals from many reports detect rare problems early
A12,B04,C01,1,3,3,"LLM voice agents that hold natural phone calls in Greek/English || Cyprus water scarcity: desalination dependence, reservoirs below 20% (2025) || Airline yield management: price changes by demand minute to minute"
A12,B04,C02,0,3,0,"LLM voice agents that hold natural phone calls in Greek/English || Cyprus water scarcity: desalination dependence, reservoirs below 20% (2025) || Chess/Elo rating: ranking from pairwise outcomes, no absolute measure needed"
A12,B04,C03,1,3,3,"LLM voice agents that hold natural phone calls in Greek/English || Cyprus water scarcity: desalination dependence, reservoirs below 20% (2025) || Blood-bank / organ matching: time-critical allocation of scarce perishable supply"
A12,B04,C04,0,3,0,"LLM voice agents that hold natural phone calls in Greek/English || Cyprus water scarcity: desalination dependence, reservoirs below 20% (2025) || Reinsurance: pooling many small risks and selling slices to big capital"
A12,B04,C05,2,3,6,"LLM voice agents that hold natural phone calls in Greek/English || Cyprus water scarcity: desalination dependence, reservoirs below 20% (2025) || Air-traffic control: live deconfliction of many actors in shared space"
A12,B04,C06,0,3,0,"LLM voice agents that hold natural phone calls in Greek/English || Cyprus water scarcity: desalination dependence, reservoirs below 20% (2025) || Spotify royalties: tiny usage events settled into automatic payouts"
A12,B04,C07,0,3,0,"LLM voice agents that hold natural phone calls in Greek/English || Cyprus water scarcity: desalination dependence, reservoirs below 20% (2025) || Carfax-style history report built from many third-party events"
A12,B04,C08,2,3,6,"LLM voice agents that hold natural phone calls in Greek/English || Cyprus water scarcity: desalination dependence, reservoirs below 20% (2025) || Ant colony / stigmergy: coordination through traces left in the environment"
A12,B04,C09,1,3,3,"LLM voice agents that hold natural phone calls in Greek/English || Cyprus water scarcity: desalination dependence, reservoirs below 20% (2025) || Clinical triage: route cases by urgency with a short standard question set"
A12,B04,C10,1,3,3,"LLM voice agents that hold natural phone calls in Greek/English || Cyprus water scarcity: desalination dependence, reservoirs below 20% (2025) || Futures market: sell next season's output today to lock a price"
A12,B04,C11,0,3,0,"LLM voice agents that hold natural phone calls in Greek/English || Cyprus water scarcity: desalination dependence, reservoirs below 20% (2025) || Container shipping standard (TEU): one box fits every ship, truck, crane"
A12,B04,C12,1,3,3,"LLM voice agents that hold natural phone calls in Greek/English || Cyprus water scarcity: desalination dependence, reservoirs below 20% (2025) || Speedrun/leaderboard gaming: public live competition drives behaviour"
A12,B04,C13,0,3,0,"LLM voice agents that hold natural phone calls in Greek/English || Cyprus water scarcity: desalination dependence, reservoirs below 20% (2025) || Tontine / rotating savings club (ROSCA): members fund each other in turn"
A12,B04,C14,0,3,0,"LLM voice agents that hold natural phone calls in Greek/English || Cyprus water scarcity: desalination dependence, reservoirs below 20% (2025) || Prediction market: price aggregates dispersed knowledge into a probability"
A12,B04,C15,1,3,3,"LLM voice agents that hold natural phone calls in Greek/English || Cyprus water scarcity: desalination dependence, reservoirs below 20% (2025) || Pharmacovigilance: tiny signals from many reports detect rare problems early"
A12,B05,C01,4,3,12,LLM voice agents that hold natural phone calls in Greek/English || Tourism seasonality: Cyprus hotels/staff idle half the year || Airline yield management: price changes by demand minute to minute
A12,B05,C02,1,3,3,"LLM voice agents that hold natural phone calls in Greek/English || Tourism seasonality: Cyprus hotels/staff idle half the year || Chess/Elo rating: ranking from pairwise outcomes, no absolute measure needed"
A12,B05,C03,3,3,9,LLM voice agents that hold natural phone calls in Greek/English || Tourism seasonality: Cyprus hotels/staff idle half the year || Blood-bank / organ matching: time-critical allocation of scarce perishable supply
A12,B05,C04,1,3,3,LLM voice agents that hold natural phone calls in Greek/English || Tourism seasonality: Cyprus hotels/staff idle half the year || Reinsurance: pooling many small risks and selling slices to big capital
A12,B05,C05,3,3,9,LLM voice agents that hold natural phone calls in Greek/English || Tourism seasonality: Cyprus hotels/staff idle half the year || Air-traffic control: live deconfliction of many actors in shared space
A12,B05,C06,2,3,6,LLM voice agents that hold natural phone calls in Greek/English || Tourism seasonality: Cyprus hotels/staff idle half the year || Spotify royalties: tiny usage events settled into automatic payouts
A12,B05,C07,1,3,3,LLM voice agents that hold natural phone calls in Greek/English || Tourism seasonality: Cyprus hotels/staff idle half the year || Carfax-style history report built from many third-party events
A12,B05,C08,3,3,9,LLM voice agents that hold natural phone calls in Greek/English || Tourism seasonality: Cyprus hotels/staff idle half the year || Ant colony / stigmergy: coordination through traces left in the environment
A12,B05,C09,2,3,6,LLM voice agents that hold natural phone calls in Greek/English || Tourism seasonality: Cyprus hotels/staff idle half the year || Clinical triage: route cases by urgency with a short standard question set
A12,B05,C10,2,3,6,LLM voice agents that hold natural phone calls in Greek/English || Tourism seasonality: Cyprus hotels/staff idle half the year || Futures market: sell next season's output today to lock a price
A12,B05,C11,1,3,3,"LLM voice agents that hold natural phone calls in Greek/English || Tourism seasonality: Cyprus hotels/staff idle half the year || Container shipping standard (TEU): one box fits every ship, truck, crane"
A12,B05,C12,4,3,12,LLM voice agents that hold natural phone calls in Greek/English || Tourism seasonality: Cyprus hotels/staff idle half the year || Speedrun/leaderboard gaming: public live competition drives behaviour
A12,B05,C13,2,3,6,LLM voice agents that hold natural phone calls in Greek/English || Tourism seasonality: Cyprus hotels/staff idle half the year || Tontine / rotating savings club (ROSCA): members fund each other in turn
A12,B05,C14,2,3,6,LLM voice agents that hold natural phone calls in Greek/English || Tourism seasonality: Cyprus hotels/staff idle half the year || Prediction market: price aggregates dispersed knowledge into a probability
A12,B05,C15,2,3,6,LLM voice agents that hold natural phone calls in Greek/English || Tourism seasonality: Cyprus hotels/staff idle half the year || Pharmacovigilance: tiny signals from many reports detect rare problems early
A12,B06,C01,1,3,3,LLM voice agents that hold natural phone calls in Greek/English || Red tape: EU SMEs cite administrative burden as top obstacle (Eurobarometer 2023) || Airline yield management: price changes by demand minute to minute
A12,B06,C02,0,3,0,"LLM voice agents that hold natural phone calls in Greek/English || Red tape: EU SMEs cite administrative burden as top obstacle (Eurobarometer 2023) || Chess/Elo rating: ranking from pairwise outcomes, no absolute measure needed"
A12,B06,C03,1,3,3,LLM voice agents that hold natural phone calls in Greek/English || Red tape: EU SMEs cite administrative burden as top obstacle (Eurobarometer 2023) || Blood-bank / organ matching: time-critical allocation of scarce perishable supply
A12,B06,C04,0,3,0,LLM voice agents that hold natural phone calls in Greek/English || Red tape: EU SMEs cite administrative burden as top obstacle (Eurobarometer 2023) || Reinsurance: pooling many small risks and selling slices to big capital
A12,B06,C05,1,3,3,LLM voice agents that hold natural phone calls in Greek/English || Red tape: EU SMEs cite administrative burden as top obstacle (Eurobarometer 2023) || Air-traffic control: live deconfliction of many actors in shared space
A12,B06,C06,0,3,0,LLM voice agents that hold natural phone calls in Greek/English || Red tape: EU SMEs cite administrative burden as top obstacle (Eurobarometer 2023) || Spotify royalties: tiny usage events settled into automatic payouts
A12,B06,C07,0,3,0,LLM voice agents that hold natural phone calls in Greek/English || Red tape: EU SMEs cite administrative burden as top obstacle (Eurobarometer 2023) || Carfax-style history report built from many third-party events
A12,B06,C08,1,3,3,LLM voice agents that hold natural phone calls in Greek/English || Red tape: EU SMEs cite administrative burden as top obstacle (Eurobarometer 2023) || Ant colony / stigmergy: coordination through traces left in the environment
A12,B06,C09,2,3,6,LLM voice agents that hold natural phone calls in Greek/English || Red tape: EU SMEs cite administrative burden as top obstacle (Eurobarometer 2023) || Clinical triage: route cases by urgency with a short standard question set
A12,B06,C10,0,3,0,LLM voice agents that hold natural phone calls in Greek/English || Red tape: EU SMEs cite administrative burden as top obstacle (Eurobarometer 2023) || Futures market: sell next season's output today to lock a price
A12,B06,C11,1,3,3,"LLM voice agents that hold natural phone calls in Greek/English || Red tape: EU SMEs cite administrative burden as top obstacle (Eurobarometer 2023) || Container shipping standard (TEU): one box fits every ship, truck, crane"
A12,B06,C12,1,3,3,LLM voice agents that hold natural phone calls in Greek/English || Red tape: EU SMEs cite administrative burden as top obstacle (Eurobarometer 2023) || Speedrun/leaderboard gaming: public live competition drives behaviour
A12,B06,C13,0,3,0,LLM voice agents that hold natural phone calls in Greek/English || Red tape: EU SMEs cite administrative burden as top obstacle (Eurobarometer 2023) || Tontine / rotating savings club (ROSCA): members fund each other in turn
A12,B06,C14,0,3,0,LLM voice agents that hold natural phone calls in Greek/English || Red tape: EU SMEs cite administrative burden as top obstacle (Eurobarometer 2023) || Prediction market: price aggregates dispersed knowledge into a probability
A12,B06,C15,1,3,3,LLM voice agents that hold natural phone calls in Greek/English || Red tape: EU SMEs cite administrative burden as top obstacle (Eurobarometer 2023) || Pharmacovigilance: tiny signals from many reports detect rare problems early
A12,B07,C01,1,3,3,LLM voice agents that hold natural phone calls in Greek/English || Farmers lose crops to heat/drought with slow or no insurance payout || Airline yield management: price changes by demand minute to minute
A12,B07,C02,0,3,0,"LLM voice agents that hold natural phone calls in Greek/English || Farmers lose crops to heat/drought with slow or no insurance payout || Chess/Elo rating: ranking from pairwise outcomes, no absolute measure needed"
A12,B07,C03,1,3,3,LLM voice agents that hold natural phone calls in Greek/English || Farmers lose crops to heat/drought with slow or no insurance payout || Blood-bank / organ matching: time-critical allocation of scarce perishable supply
A12,B07,C04,1,3,3,LLM voice agents that hold natural phone calls in Greek/English || Farmers lose crops to heat/drought with slow or no insurance payout || Reinsurance: pooling many small risks and selling slices to big capital
A12,B07,C05,1,3,3,LLM voice agents that hold natural phone calls in Greek/English || Farmers lose crops to heat/drought with slow or no insurance payout || Air-traffic control: live deconfliction of many actors in shared space
A12,B07,C06,0,3,0,LLM voice agents that hold natural phone calls in Greek/English || Farmers lose crops to heat/drought with slow or no insurance payout || Spotify royalties: tiny usage events settled into automatic payouts
A12,B07,C07,0,3,0,LLM voice agents that hold natural phone calls in Greek/English || Farmers lose crops to heat/drought with slow or no insurance payout || Carfax-style history report built from many third-party events
A12,B07,C08,1,2,2,LLM voice agents that hold natural phone calls in Greek/English || Farmers lose crops to heat/drought with slow or no insurance payout || Ant colony / stigmergy: coordination through traces left in the environment
A12,B07,C09,1,3,3,LLM voice agents that hold natural phone calls in Greek/English || Farmers lose crops to heat/drought with slow or no insurance payout || Clinical triage: route cases by urgency with a short standard question set
A12,B07,C10,1,3,3,LLM voice agents that hold natural phone calls in Greek/English || Farmers lose crops to heat/drought with slow or no insurance payout || Futures market: sell next season's output today to lock a price
A12,B07,C11,0,3,0,"LLM voice agents that hold natural phone calls in Greek/English || Farmers lose crops to heat/drought with slow or no insurance payout || Container shipping standard (TEU): one box fits every ship, truck, crane"
A12,B07,C12,1,3,3,LLM voice agents that hold natural phone calls in Greek/English || Farmers lose crops to heat/drought with slow or no insurance payout || Speedrun/leaderboard gaming: public live competition drives behaviour
A12,B07,C13,0,3,0,LLM voice agents that hold natural phone calls in Greek/English || Farmers lose crops to heat/drought with slow or no insurance payout || Tontine / rotating savings club (ROSCA): members fund each other in turn
A12,B07,C14,0,3,0,LLM voice agents that hold natural phone calls in Greek/English || Farmers lose crops to heat/drought with slow or no insurance payout || Prediction market: price aggregates dispersed knowledge into a probability
A12,B07,C15,1,3,3,LLM voice agents that hold natural phone calls in Greek/English || Farmers lose crops to heat/drought with slow or no insurance payout || Pharmacovigilance: tiny signals from many reports detect rare problems early
A12,B08,C01,1,3,3,"LLM voice agents that hold natural phone calls in Greek/English || Food waste: ~130 kg per EU citizen/year, retail+hospitality large share || Airline yield management: price changes by demand minute to minute"
A12,B08,C02,0,3,0,"LLM voice agents that hold natural phone calls in Greek/English || Food waste: ~130 kg per EU citizen/year, retail+hospitality large share || Chess/Elo rating: ranking from pairwise outcomes, no absolute measure needed"
A12,B08,C03,2,3,6,"LLM voice agents that hold natural phone calls in Greek/English || Food waste: ~130 kg per EU citizen/year, retail+hospitality large share || Blood-bank / organ matching: time-critical allocation of scarce perishable supply"
A12,B08,C04,0,3,0,"LLM voice agents that hold natural phone calls in Greek/English || Food waste: ~130 kg per EU citizen/year, retail+hospitality large share || Reinsurance: pooling many small risks and selling slices to big capital"
A12,B08,C05,1,3,3,"LLM voice agents that hold natural phone calls in Greek/English || Food waste: ~130 kg per EU citizen/year, retail+hospitality large share || Air-traffic control: live deconfliction of many actors in shared space"
A12,B08,C06,0,3,0,"LLM voice agents that hold natural phone calls in Greek/English || Food waste: ~130 kg per EU citizen/year, retail+hospitality large share || Spotify royalties: tiny usage events settled into automatic payouts"
A12,B08,C07,1,3,3,"LLM voice agents that hold natural phone calls in Greek/English || Food waste: ~130 kg per EU citizen/year, retail+hospitality large share || Carfax-style history report built from many third-party events"
A12,B08,C08,1,3,3,"LLM voice agents that hold natural phone calls in Greek/English || Food waste: ~130 kg per EU citizen/year, retail+hospitality large share || Ant colony / stigmergy: coordination through traces left in the environment"
A12,B08,C09,1,3,3,"LLM voice agents that hold natural phone calls in Greek/English || Food waste: ~130 kg per EU citizen/year, retail+hospitality large share || Clinical triage: route cases by urgency with a short standard question set"
A12,B08,C10,0,3,0,"LLM voice agents that hold natural phone calls in Greek/English || Food waste: ~130 kg per EU citizen/year, retail+hospitality large share || Futures market: sell next season's output today to lock a price"
A12,B08,C11,0,3,0,"LLM voice agents that hold natural phone calls in Greek/English || Food waste: ~130 kg per EU citizen/year, retail+hospitality large share || Container shipping standard (TEU): one box fits every ship, truck, crane"
A12,B08,C12,2,3,6,"LLM voice agents that hold natural phone calls in Greek/English || Food waste: ~130 kg per EU citizen/year, retail+hospitality large share || Speedrun/leaderboard gaming: public live competition drives behaviour"
A12,B08,C13,0,3,0,"LLM voice agents that hold natural phone calls in Greek/English || Food waste: ~130 kg per EU citizen/year, retail+hospitality large share || Tontine / rotating savings club (ROSCA): members fund each other in turn"
A12,B08,C14,0,3,0,"LLM voice agents that hold natural phone calls in Greek/English || Food waste: ~130 kg per EU citizen/year, retail+hospitality large share || Prediction market: price aggregates dispersed knowledge into a probability"
A12,B08,C15,1,3,3,"LLM voice agents that hold natural phone calls in Greek/English || Food waste: ~130 kg per EU citizen/year, retail+hospitality large share || Pharmacovigilance: tiny signals from many reports detect rare problems early"
A12,B09,C01,3,3,9,LLM voice agents that hold natural phone calls in Greek/English || Island grid curtailment: Cyprus wastes solar output at midday (no interconnector) || Airline yield management: price changes by demand minute to minute
A12,B09,C02,1,3,3,"LLM voice agents that hold natural phone calls in Greek/English || Island grid curtailment: Cyprus wastes solar output at midday (no interconnector) || Chess/Elo rating: ranking from pairwise outcomes, no absolute measure needed"
A12,B09,C03,3,3,9,LLM voice agents that hold natural phone calls in Greek/English || Island grid curtailment: Cyprus wastes solar output at midday (no interconnector) || Blood-bank / organ matching: time-critical allocation of scarce perishable supply
A12,B09,C04,1,3,3,LLM voice agents that hold natural phone calls in Greek/English || Island grid curtailment: Cyprus wastes solar output at midday (no interconnector) || Reinsurance: pooling many small risks and selling slices to big capital
A12,B09,C05,4,3,12,LLM voice agents that hold natural phone calls in Greek/English || Island grid curtailment: Cyprus wastes solar output at midday (no interconnector) || Air-traffic control: live deconfliction of many actors in shared space
A12,B09,C06,1,3,3,LLM voice agents that hold natural phone calls in Greek/English || Island grid curtailment: Cyprus wastes solar output at midday (no interconnector) || Spotify royalties: tiny usage events settled into automatic payouts
A12,B09,C07,1,3,3,LLM voice agents that hold natural phone calls in Greek/English || Island grid curtailment: Cyprus wastes solar output at midday (no interconnector) || Carfax-style history report built from many third-party events
A12,B09,C08,4,3,12,LLM voice agents that hold natural phone calls in Greek/English || Island grid curtailment: Cyprus wastes solar output at midday (no interconnector) || Ant colony / stigmergy: coordination through traces left in the environment
A12,B09,C09,2,3,6,LLM voice agents that hold natural phone calls in Greek/English || Island grid curtailment: Cyprus wastes solar output at midday (no interconnector) || Clinical triage: route cases by urgency with a short standard question set
A12,B09,C10,1,3,3,LLM voice agents that hold natural phone calls in Greek/English || Island grid curtailment: Cyprus wastes solar output at midday (no interconnector) || Futures market: sell next season's output today to lock a price
A12,B09,C11,1,3,3,"LLM voice agents that hold natural phone calls in Greek/English || Island grid curtailment: Cyprus wastes solar output at midday (no interconnector) || Container shipping standard (TEU): one box fits every ship, truck, crane"
A12,B09,C12,3,3,9,LLM voice agents that hold natural phone calls in Greek/English || Island grid curtailment: Cyprus wastes solar output at midday (no interconnector) || Speedrun/leaderboard gaming: public live competition drives behaviour
A12,B09,C13,1,3,3,LLM voice agents that hold natural phone calls in Greek/English || Island grid curtailment: Cyprus wastes solar output at midday (no interconnector) || Tontine / rotating savings club (ROSCA): members fund each other in turn
A12,B09,C14,1,3,3,LLM voice agents that hold natural phone calls in Greek/English || Island grid curtailment: Cyprus wastes solar output at midday (no interconnector) || Prediction market: price aggregates dispersed knowledge into a probability
A12,B09,C15,2,3,6,LLM voice agents that hold natural phone calls in Greek/English || Island grid curtailment: Cyprus wastes solar output at midday (no interconnector) || Pharmacovigilance: tiny signals from many reports detect rare problems early
A12,B10,C01,1,3,3,"LLM voice agents that hold natural phone calls in Greek/English || SMEs can't get credit: thin files, no collateral (SAFE survey) || Airline yield management: price changes by demand minute to minute"
A12,B10,C02,2,3,6,"LLM voice agents that hold natural phone calls in Greek/English || SMEs can't get credit: thin files, no collateral (SAFE survey) || Chess/Elo rating: ranking from pairwise outcomes, no absolute measure needed"
A12,B10,C03,1,3,3,"LLM voice agents that hold natural phone calls in Greek/English || SMEs can't get credit: thin files, no collateral (SAFE survey) || Blood-bank / organ matching: time-critical allocation of scarce perishable supply"
A12,B10,C04,1,2,2,"LLM voice agents that hold natural phone calls in Greek/English || SMEs can't get credit: thin files, no collateral (SAFE survey) || Reinsurance: pooling many small risks and selling slices to big capital"
A12,B10,C05,1,3,3,"LLM voice agents that hold natural phone calls in Greek/English || SMEs can't get credit: thin files, no collateral (SAFE survey) || Air-traffic control: live deconfliction of many actors in shared space"
A12,B10,C06,1,3,3,"LLM voice agents that hold natural phone calls in Greek/English || SMEs can't get credit: thin files, no collateral (SAFE survey) || Spotify royalties: tiny usage events settled into automatic payouts"
A12,B10,C07,1,3,3,"LLM voice agents that hold natural phone calls in Greek/English || SMEs can't get credit: thin files, no collateral (SAFE survey) || Carfax-style history report built from many third-party events"
A12,B10,C08,1,3,3,"LLM voice agents that hold natural phone calls in Greek/English || SMEs can't get credit: thin files, no collateral (SAFE survey) || Ant colony / stigmergy: coordination through traces left in the environment"
A12,B10,C09,1,3,3,"LLM voice agents that hold natural phone calls in Greek/English || SMEs can't get credit: thin files, no collateral (SAFE survey) || Clinical triage: route cases by urgency with a short standard question set"
A12,B10,C10,0,2,0,"LLM voice agents that hold natural phone calls in Greek/English || SMEs can't get credit: thin files, no collateral (SAFE survey) || Futures market: sell next season's output today to lock a price"
A12,B10,C11,1,3,3,"LLM voice agents that hold natural phone calls in Greek/English || SMEs can't get credit: thin files, no collateral (SAFE survey) || Container shipping standard (TEU): one box fits every ship, truck, crane"
A12,B10,C12,1,3,3,"LLM voice agents that hold natural phone calls in Greek/English || SMEs can't get credit: thin files, no collateral (SAFE survey) || Speedrun/leaderboard gaming: public live competition drives behaviour"
A12,B10,C13,1,2,2,"LLM voice agents that hold natural phone calls in Greek/English || SMEs can't get credit: thin files, no collateral (SAFE survey) || Tontine / rotating savings club (ROSCA): members fund each other in turn"
A12,B10,C14,1,2,2,"LLM voice agents that hold natural phone calls in Greek/English || SMEs can't get credit: thin files, no collateral (SAFE survey) || Prediction market: price aggregates dispersed knowledge into a probability"
A12,B10,C15,2,3,6,"LLM voice agents that hold natural phone calls in Greek/English || SMEs can't get credit: thin files, no collateral (SAFE survey) || Pharmacovigilance: tiny signals from many reports detect rare problems early"
A12,B11,C01,1,3,3,"LLM voice agents that hold natural phone calls in Greek/English || Used goods and repairs lack trusted history, so resale value collapses || Airline yield management: price changes by demand minute to minute"
A12,B11,C02,1,3,3,"LLM voice agents that hold natural phone calls in Greek/English || Used goods and repairs lack trusted history, so resale value collapses || Chess/Elo rating: ranking from pairwise outcomes, no absolute measure needed"
A12,B11,C03,2,3,6,"LLM voice agents that hold natural phone calls in Greek/English || Used goods and repairs lack trusted history, so resale value collapses || Blood-bank / organ matching: time-critical allocation of scarce perishable supply"
A12,B11,C04,0,3,0,"LLM voice agents that hold natural phone calls in Greek/English || Used goods and repairs lack trusted history, so resale value collapses || Reinsurance: pooling many small risks and selling slices to big capital"
A12,B11,C05,1,3,3,"LLM voice agents that hold natural phone calls in Greek/English || Used goods and repairs lack trusted history, so resale value collapses || Air-traffic control: live deconfliction of many actors in shared space"
A12,B11,C06,1,3,3,"LLM voice agents that hold natural phone calls in Greek/English || Used goods and repairs lack trusted history, so resale value collapses || Spotify royalties: tiny usage events settled into automatic payouts"
A12,B11,C07,2,3,6,"LLM voice agents that hold natural phone calls in Greek/English || Used goods and repairs lack trusted history, so resale value collapses || Carfax-style history report built from many third-party events"
A12,B11,C08,1,3,3,"LLM voice agents that hold natural phone calls in Greek/English || Used goods and repairs lack trusted history, so resale value collapses || Ant colony / stigmergy: coordination through traces left in the environment"
A12,B11,C09,1,3,3,"LLM voice agents that hold natural phone calls in Greek/English || Used goods and repairs lack trusted history, so resale value collapses || Clinical triage: route cases by urgency with a short standard question set"
A12,B11,C10,0,3,0,"LLM voice agents that hold natural phone calls in Greek/English || Used goods and repairs lack trusted history, so resale value collapses || Futures market: sell next season's output today to lock a price"
A12,B11,C11,2,3,6,"LLM voice agents that hold natural phone calls in Greek/English || Used goods and repairs lack trusted history, so resale value collapses || Container shipping standard (TEU): one box fits every ship, truck, crane"
A12,B11,C12,1,3,3,"LLM voice agents that hold natural phone calls in Greek/English || Used goods and repairs lack trusted history, so resale value collapses || Speedrun/leaderboard gaming: public live competition drives behaviour"
A12,B11,C13,0,3,0,"LLM voice agents that hold natural phone calls in Greek/English || Used goods and repairs lack trusted history, so resale value collapses || Tontine / rotating savings club (ROSCA): members fund each other in turn"
A12,B11,C14,1,3,3,"LLM voice agents that hold natural phone calls in Greek/English || Used goods and repairs lack trusted history, so resale value collapses || Prediction market: price aggregates dispersed knowledge into a probability"
A12,B11,C15,2,3,6,"LLM voice agents that hold natural phone calls in Greek/English || Used goods and repairs lack trusted history, so resale value collapses || Pharmacovigilance: tiny signals from many reports detect rare problems early"
A12,B12,C01,5,3,15,"LLM voice agents that hold natural phone calls in Greek/English || Staff shortages in hospitality/care; workers paid late, shifts unfilled || Airline yield management: price changes by demand minute to minute"
A12,B12,C02,2,3,6,"LLM voice agents that hold natural phone calls in Greek/English || Staff shortages in hospitality/care; workers paid late, shifts unfilled || Chess/Elo rating: ranking from pairwise outcomes, no absolute measure needed"
A12,B12,C03,4,3,12,"LLM voice agents that hold natural phone calls in Greek/English || Staff shortages in hospitality/care; workers paid late, shifts unfilled || Blood-bank / organ matching: time-critical allocation of scarce perishable supply"
A12,B12,C04,2,3,6,"LLM voice agents that hold natural phone calls in Greek/English || Staff shortages in hospitality/care; workers paid late, shifts unfilled || Reinsurance: pooling many small risks and selling slices to big capital"
A12,B12,C05,4,3,12,"LLM voice agents that hold natural phone calls in Greek/English || Staff shortages in hospitality/care; workers paid late, shifts unfilled || Air-traffic control: live deconfliction of many actors in shared space"
A12,B12,C06,3,3,9,"LLM voice agents that hold natural phone calls in Greek/English || Staff shortages in hospitality/care; workers paid late, shifts unfilled || Spotify royalties: tiny usage events settled into automatic payouts"
A12,B12,C07,2,3,6,"LLM voice agents that hold natural phone calls in Greek/English || Staff shortages in hospitality/care; workers paid late, shifts unfilled || Carfax-style history report built from many third-party events"
A12,B12,C08,4,3,12,"LLM voice agents that hold natural phone calls in Greek/English || Staff shortages in hospitality/care; workers paid late, shifts unfilled || Ant colony / stigmergy: coordination through traces left in the environment"
A12,B12,C09,4,3,12,"LLM voice agents that hold natural phone calls in Greek/English || Staff shortages in hospitality/care; workers paid late, shifts unfilled || Clinical triage: route cases by urgency with a short standard question set"
A12,B12,C10,3,3,9,"LLM voice agents that hold natural phone calls in Greek/English || Staff shortages in hospitality/care; workers paid late, shifts unfilled || Futures market: sell next season's output today to lock a price"
A12,B12,C11,2,3,6,"LLM voice agents that hold natural phone calls in Greek/English || Staff shortages in hospitality/care; workers paid late, shifts unfilled || Container shipping standard (TEU): one box fits every ship, truck, crane"
A12,B12,C12,4,3,12,"LLM voice agents that hold natural phone calls in Greek/English || Staff shortages in hospitality/care; workers paid late, shifts unfilled || Speedrun/leaderboard gaming: public live competition drives behaviour"
A12,B12,C13,3,3,9,"LLM voice agents that hold natural phone calls in Greek/English || Staff shortages in hospitality/care; workers paid late, shifts unfilled || Tontine / rotating savings club (ROSCA): members fund each other in turn"
A12,B12,C14,3,3,9,"LLM voice agents that hold natural phone calls in Greek/English || Staff shortages in hospitality/care; workers paid late, shifts unfilled || Prediction market: price aggregates dispersed knowledge into a probability"
A12,B12,C15,4,3,12,"LLM voice agents that hold natural phone calls in Greek/English || Staff shortages in hospitality/care; workers paid late, shifts unfilled || Pharmacovigilance: tiny signals from many reports detect rare problems early"
A12,B13,C01,1,3,3,LLM voice agents that hold natural phone calls in Greek/English || Grant and subsidy money goes unclaimed; SMEs don't know or can't apply || Airline yield management: price changes by demand minute to minute
A12,B13,C02,1,3,3,"LLM voice agents that hold natural phone calls in Greek/English || Grant and subsidy money goes unclaimed; SMEs don't know or can't apply || Chess/Elo rating: ranking from pairwise outcomes, no absolute measure needed"
A12,B13,C03,1,3,3,LLM voice agents that hold natural phone calls in Greek/English || Grant and subsidy money goes unclaimed; SMEs don't know or can't apply || Blood-bank / organ matching: time-critical allocation of scarce perishable supply
A12,B13,C04,0,3,0,LLM voice agents that hold natural phone calls in Greek/English || Grant and subsidy money goes unclaimed; SMEs don't know or can't apply || Reinsurance: pooling many small risks and selling slices to big capital
A12,B13,C05,1,3,3,LLM voice agents that hold natural phone calls in Greek/English || Grant and subsidy money goes unclaimed; SMEs don't know or can't apply || Air-traffic control: live deconfliction of many actors in shared space
A12,B13,C06,0,3,0,LLM voice agents that hold natural phone calls in Greek/English || Grant and subsidy money goes unclaimed; SMEs don't know or can't apply || Spotify royalties: tiny usage events settled into automatic payouts
A12,B13,C07,0,3,0,LLM voice agents that hold natural phone calls in Greek/English || Grant and subsidy money goes unclaimed; SMEs don't know or can't apply || Carfax-style history report built from many third-party events
A12,B13,C08,1,3,3,LLM voice agents that hold natural phone calls in Greek/English || Grant and subsidy money goes unclaimed; SMEs don't know or can't apply || Ant colony / stigmergy: coordination through traces left in the environment
A12,B13,C09,2,3,6,LLM voice agents that hold natural phone calls in Greek/English || Grant and subsidy money goes unclaimed; SMEs don't know or can't apply || Clinical triage: route cases by urgency with a short standard question set
A12,B13,C10,0,3,0,LLM voice agents that hold natural phone calls in Greek/English || Grant and subsidy money goes unclaimed; SMEs don't know or can't apply || Futures market: sell next season's output today to lock a price
A12,B13,C11,1,3,3,"LLM voice agents that hold natural phone calls in Greek/English || Grant and subsidy money goes unclaimed; SMEs don't know or can't apply || Container shipping standard (TEU): one box fits every ship, truck, crane"
A12,B13,C12,1,3,3,LLM voice agents that hold natural phone calls in Greek/English || Grant and subsidy money goes unclaimed; SMEs don't know or can't apply || Speedrun/leaderboard gaming: public live competition drives behaviour
A12,B13,C13,0,3,0,LLM voice agents that hold natural phone calls in Greek/English || Grant and subsidy money goes unclaimed; SMEs don't know or can't apply || Tontine / rotating savings club (ROSCA): members fund each other in turn
A12,B13,C14,0,3,0,LLM voice agents that hold natural phone calls in Greek/English || Grant and subsidy money goes unclaimed; SMEs don't know or can't apply || Prediction market: price aggregates dispersed knowledge into a probability
A12,B13,C15,1,3,3,LLM voice agents that hold natural phone calls in Greek/English || Grant and subsidy money goes unclaimed; SMEs don't know or can't apply || Pharmacovigilance: tiny signals from many reports detect rare problems early
A12,B14,C01,1,3,3,"LLM voice agents that hold natural phone calls in Greek/English || Heatwaves: buildings overheat, elderly and workers at risk (Cyprus 45C+) || Airline yield management: price changes by demand minute to minute"
A12,B14,C02,0,3,0,"LLM voice agents that hold natural phone calls in Greek/English || Heatwaves: buildings overheat, elderly and workers at risk (Cyprus 45C+) || Chess/Elo rating: ranking from pairwise outcomes, no absolute measure needed"
A12,B14,C03,1,2,2,"LLM voice agents that hold natural phone calls in Greek/English || Heatwaves: buildings overheat, elderly and workers at risk (Cyprus 45C+) || Blood-bank / organ matching: time-critical allocation of scarce perishable supply"
A12,B14,C04,1,3,3,"LLM voice agents that hold natural phone calls in Greek/English || Heatwaves: buildings overheat, elderly and workers at risk (Cyprus 45C+) || Reinsurance: pooling many small risks and selling slices to big capital"
A12,B14,C05,2,3,6,"LLM voice agents that hold natural phone calls in Greek/English || Heatwaves: buildings overheat, elderly and workers at risk (Cyprus 45C+) || Air-traffic control: live deconfliction of many actors in shared space"
A12,B14,C06,0,3,0,"LLM voice agents that hold natural phone calls in Greek/English || Heatwaves: buildings overheat, elderly and workers at risk (Cyprus 45C+) || Spotify royalties: tiny usage events settled into automatic payouts"
A12,B14,C07,0,3,0,"LLM voice agents that hold natural phone calls in Greek/English || Heatwaves: buildings overheat, elderly and workers at risk (Cyprus 45C+) || Carfax-style history report built from many third-party events"
A12,B14,C08,2,3,6,"LLM voice agents that hold natural phone calls in Greek/English || Heatwaves: buildings overheat, elderly and workers at risk (Cyprus 45C+) || Ant colony / stigmergy: coordination through traces left in the environment"
A12,B14,C09,1,2,2,"LLM voice agents that hold natural phone calls in Greek/English || Heatwaves: buildings overheat, elderly and workers at risk (Cyprus 45C+) || Clinical triage: route cases by urgency with a short standard question set"
A12,B14,C10,0,3,0,"LLM voice agents that hold natural phone calls in Greek/English || Heatwaves: buildings overheat, elderly and workers at risk (Cyprus 45C+) || Futures market: sell next season's output today to lock a price"
A12,B14,C11,0,3,0,"LLM voice agents that hold natural phone calls in Greek/English || Heatwaves: buildings overheat, elderly and workers at risk (Cyprus 45C+) || Container shipping standard (TEU): one box fits every ship, truck, crane"
A12,B14,C12,1,3,3,"LLM voice agents that hold natural phone calls in Greek/English || Heatwaves: buildings overheat, elderly and workers at risk (Cyprus 45C+) || Speedrun/leaderboard gaming: public live competition drives behaviour"
A12,B14,C13,0,3,0,"LLM voice agents that hold natural phone calls in Greek/English || Heatwaves: buildings overheat, elderly and workers at risk (Cyprus 45C+) || Tontine / rotating savings club (ROSCA): members fund each other in turn"
A12,B14,C14,0,3,0,"LLM voice agents that hold natural phone calls in Greek/English || Heatwaves: buildings overheat, elderly and workers at risk (Cyprus 45C+) || Prediction market: price aggregates dispersed knowledge into a probability"
A12,B14,C15,1,2,2,"LLM voice agents that hold natural phone calls in Greek/English || Heatwaves: buildings overheat, elderly and workers at risk (Cyprus 45C+) || Pharmacovigilance: tiny signals from many reports detect rare problems early"
A12,B15,C01,1,3,3,LLM voice agents that hold natural phone calls in Greek/English || Property and utility disputes between landlords and tenants over shared costs || Airline yield management: price changes by demand minute to minute
A12,B15,C02,0,3,0,"LLM voice agents that hold natural phone calls in Greek/English || Property and utility disputes between landlords and tenants over shared costs || Chess/Elo rating: ranking from pairwise outcomes, no absolute measure needed"
A12,B15,C03,1,3,3,LLM voice agents that hold natural phone calls in Greek/English || Property and utility disputes between landlords and tenants over shared costs || Blood-bank / organ matching: time-critical allocation of scarce perishable supply
A12,B15,C04,0,3,0,LLM voice agents that hold natural phone calls in Greek/English || Property and utility disputes between landlords and tenants over shared costs || Reinsurance: pooling many small risks and selling slices to big capital
A12,B15,C05,1,3,3,LLM voice agents that hold natural phone calls in Greek/English || Property and utility disputes between landlords and tenants over shared costs || Air-traffic control: live deconfliction of many actors in shared space
A12,B15,C06,0,3,0,LLM voice agents that hold natural phone calls in Greek/English || Property and utility disputes between landlords and tenants over shared costs || Spotify royalties: tiny usage events settled into automatic payouts
A12,B15,C07,0,3,0,LLM voice agents that hold natural phone calls in Greek/English || Property and utility disputes between landlords and tenants over shared costs || Carfax-style history report built from many third-party events
A12,B15,C08,1,3,3,LLM voice agents that hold natural phone calls in Greek/English || Property and utility disputes between landlords and tenants over shared costs || Ant colony / stigmergy: coordination through traces left in the environment
A12,B15,C09,1,3,3,LLM voice agents that hold natural phone calls in Greek/English || Property and utility disputes between landlords and tenants over shared costs || Clinical triage: route cases by urgency with a short standard question set
A12,B15,C10,1,3,3,LLM voice agents that hold natural phone calls in Greek/English || Property and utility disputes between landlords and tenants over shared costs || Futures market: sell next season's output today to lock a price
A12,B15,C11,0,3,0,"LLM voice agents that hold natural phone calls in Greek/English || Property and utility disputes between landlords and tenants over shared costs || Container shipping standard (TEU): one box fits every ship, truck, crane"
A12,B15,C12,1,3,3,LLM voice agents that hold natural phone calls in Greek/English || Property and utility disputes between landlords and tenants over shared costs || Speedrun/leaderboard gaming: public live competition drives behaviour
A12,B15,C13,1,3,3,LLM voice agents that hold natural phone calls in Greek/English || Property and utility disputes between landlords and tenants over shared costs || Tontine / rotating savings club (ROSCA): members fund each other in turn
A12,B15,C14,0,3,0,LLM voice agents that hold natural phone calls in Greek/English || Property and utility disputes between landlords and tenants over shared costs || Prediction market: price aggregates dispersed knowledge into a probability
A12,B15,C15,1,3,3,LLM voice agents that hold natural phone calls in Greek/English || Property and utility disputes between landlords and tenants over shared costs || Pharmacovigilance: tiny signals from many reports detect rare problems early
A13,B01,C01,2,3,6,Tokenised deposits / programmable money pilots (ECB DLT settlement trials) || SMEs answer many differently-worded sustainability requests from banks/customers || Airline yield management: price changes by demand minute to minute
A13,B01,C02,2,3,6,"Tokenised deposits / programmable money pilots (ECB DLT settlement trials) || SMEs answer many differently-worded sustainability requests from banks/customers || Chess/Elo rating: ranking from pairwise outcomes, no absolute measure needed"
A13,B01,C03,1,3,3,Tokenised deposits / programmable money pilots (ECB DLT settlement trials) || SMEs answer many differently-worded sustainability requests from banks/customers || Blood-bank / organ matching: time-critical allocation of scarce perishable supply
A13,B01,C04,3,2,6,Tokenised deposits / programmable money pilots (ECB DLT settlement trials) || SMEs answer many differently-worded sustainability requests from banks/customers || Reinsurance: pooling many small risks and selling slices to big capital
A13,B01,C05,1,3,3,Tokenised deposits / programmable money pilots (ECB DLT settlement trials) || SMEs answer many differently-worded sustainability requests from banks/customers || Air-traffic control: live deconfliction of many actors in shared space
A13,B01,C06,3,3,9,Tokenised deposits / programmable money pilots (ECB DLT settlement trials) || SMEs answer many differently-worded sustainability requests from banks/customers || Spotify royalties: tiny usage events settled into automatic payouts
A13,B01,C07,2,3,6,Tokenised deposits / programmable money pilots (ECB DLT settlement trials) || SMEs answer many differently-worded sustainability requests from banks/customers || Carfax-style history report built from many third-party events
A13,B01,C08,1,3,3,Tokenised deposits / programmable money pilots (ECB DLT settlement trials) || SMEs answer many differently-worded sustainability requests from banks/customers || Ant colony / stigmergy: coordination through traces left in the environment
A13,B01,C09,2,3,6,Tokenised deposits / programmable money pilots (ECB DLT settlement trials) || SMEs answer many differently-worded sustainability requests from banks/customers || Clinical triage: route cases by urgency with a short standard question set
A13,B01,C10,3,2,6,Tokenised deposits / programmable money pilots (ECB DLT settlement trials) || SMEs answer many differently-worded sustainability requests from banks/customers || Futures market: sell next season's output today to lock a price
A13,B01,C11,3,3,9,"Tokenised deposits / programmable money pilots (ECB DLT settlement trials) || SMEs answer many differently-worded sustainability requests from banks/customers || Container shipping standard (TEU): one box fits every ship, truck, crane"
A13,B01,C12,1,3,3,Tokenised deposits / programmable money pilots (ECB DLT settlement trials) || SMEs answer many differently-worded sustainability requests from banks/customers || Speedrun/leaderboard gaming: public live competition drives behaviour
A13,B01,C13,5,2,10,Tokenised deposits / programmable money pilots (ECB DLT settlement trials) || SMEs answer many differently-worded sustainability requests from banks/customers || Tontine / rotating savings club (ROSCA): members fund each other in turn
A13,B01,C14,3,2,6,Tokenised deposits / programmable money pilots (ECB DLT settlement trials) || SMEs answer many differently-worded sustainability requests from banks/customers || Prediction market: price aggregates dispersed knowledge into a probability
A13,B01,C15,2,3,6,Tokenised deposits / programmable money pilots (ECB DLT settlement trials) || SMEs answer many differently-worded sustainability requests from banks/customers || Pharmacovigilance: tiny signals from many reports detect rare problems early
A13,B02,C01,4,3,12,Tokenised deposits / programmable money pilots (ECB DLT settlement trials) || Energy cost is a major barrier for ~50% of EU firms; SMEs under-invest in efficiency || Airline yield management: price changes by demand minute to minute
A13,B02,C02,2,3,6,"Tokenised deposits / programmable money pilots (ECB DLT settlement trials) || Energy cost is a major barrier for ~50% of EU firms; SMEs under-invest in efficiency || Chess/Elo rating: ranking from pairwise outcomes, no absolute measure needed"
A13,B02,C03,2,3,6,Tokenised deposits / programmable money pilots (ECB DLT settlement trials) || Energy cost is a major barrier for ~50% of EU firms; SMEs under-invest in efficiency || Blood-bank / organ matching: time-critical allocation of scarce perishable supply
A13,B02,C04,4,2,8,Tokenised deposits / programmable money pilots (ECB DLT settlement trials) || Energy cost is a major barrier for ~50% of EU firms; SMEs under-invest in efficiency || Reinsurance: pooling many small risks and selling slices to big capital
A13,B02,C05,2,3,6,Tokenised deposits / programmable money pilots (ECB DLT settlement trials) || Energy cost is a major barrier for ~50% of EU firms; SMEs under-invest in efficiency || Air-traffic control: live deconfliction of many actors in shared space
A13,B02,C06,4,3,12,Tokenised deposits / programmable money pilots (ECB DLT settlement trials) || Energy cost is a major barrier for ~50% of EU firms; SMEs under-invest in efficiency || Spotify royalties: tiny usage events settled into automatic payouts
A13,B02,C07,2,3,6,Tokenised deposits / programmable money pilots (ECB DLT settlement trials) || Energy cost is a major barrier for ~50% of EU firms; SMEs under-invest in efficiency || Carfax-style history report built from many third-party events
A13,B02,C08,2,3,6,Tokenised deposits / programmable money pilots (ECB DLT settlement trials) || Energy cost is a major barrier for ~50% of EU firms; SMEs under-invest in efficiency || Ant colony / stigmergy: coordination through traces left in the environment
A13,B02,C09,2,3,6,Tokenised deposits / programmable money pilots (ECB DLT settlement trials) || Energy cost is a major barrier for ~50% of EU firms; SMEs under-invest in efficiency || Clinical triage: route cases by urgency with a short standard question set
A13,B02,C10,5,2,10,Tokenised deposits / programmable money pilots (ECB DLT settlement trials) || Energy cost is a major barrier for ~50% of EU firms; SMEs under-invest in efficiency || Futures market: sell next season's output today to lock a price
A13,B02,C11,2,3,6,"Tokenised deposits / programmable money pilots (ECB DLT settlement trials) || Energy cost is a major barrier for ~50% of EU firms; SMEs under-invest in efficiency || Container shipping standard (TEU): one box fits every ship, truck, crane"
A13,B02,C12,2,3,6,Tokenised deposits / programmable money pilots (ECB DLT settlement trials) || Energy cost is a major barrier for ~50% of EU firms; SMEs under-invest in efficiency || Speedrun/leaderboard gaming: public live competition drives behaviour
A13,B02,C13,7,2,14,Tokenised deposits / programmable money pilots (ECB DLT settlement trials) || Energy cost is a major barrier for ~50% of EU firms; SMEs under-invest in efficiency || Tontine / rotating savings club (ROSCA): members fund each other in turn
A13,B02,C14,4,2,8,Tokenised deposits / programmable money pilots (ECB DLT settlement trials) || Energy cost is a major barrier for ~50% of EU firms; SMEs under-invest in efficiency || Prediction market: price aggregates dispersed knowledge into a probability
A13,B02,C15,2,3,6,Tokenised deposits / programmable money pilots (ECB DLT settlement trials) || Energy cost is a major barrier for ~50% of EU firms; SMEs under-invest in efficiency || Pharmacovigilance: tiny signals from many reports detect rare problems early
A13,B03,C01,4,2,8,Tokenised deposits / programmable money pilots (ECB DLT settlement trials) || Late payment: ~50% of EU invoices paid late; SMEs hit hardest || Airline yield management: price changes by demand minute to minute
A13,B03,C02,2,2,4,"Tokenised deposits / programmable money pilots (ECB DLT settlement trials) || Late payment: ~50% of EU invoices paid late; SMEs hit hardest || Chess/Elo rating: ranking from pairwise outcomes, no absolute measure needed"
A13,B03,C03,2,2,4,Tokenised deposits / programmable money pilots (ECB DLT settlement trials) || Late payment: ~50% of EU invoices paid late; SMEs hit hardest || Blood-bank / organ matching: time-critical allocation of scarce perishable supply
A13,B03,C04,4,0,0,Tokenised deposits / programmable money pilots (ECB DLT settlement trials) || Late payment: ~50% of EU invoices paid late; SMEs hit hardest || Reinsurance: pooling many small risks and selling slices to big capital
A13,B03,C05,2,2,4,Tokenised deposits / programmable money pilots (ECB DLT settlement trials) || Late payment: ~50% of EU invoices paid late; SMEs hit hardest || Air-traffic control: live deconfliction of many actors in shared space
A13,B03,C06,4,2,8,Tokenised deposits / programmable money pilots (ECB DLT settlement trials) || Late payment: ~50% of EU invoices paid late; SMEs hit hardest || Spotify royalties: tiny usage events settled into automatic payouts
A13,B03,C07,2,2,4,Tokenised deposits / programmable money pilots (ECB DLT settlement trials) || Late payment: ~50% of EU invoices paid late; SMEs hit hardest || Carfax-style history report built from many third-party events
A13,B03,C08,2,2,4,Tokenised deposits / programmable money pilots (ECB DLT settlement trials) || Late payment: ~50% of EU invoices paid late; SMEs hit hardest || Ant colony / stigmergy: coordination through traces left in the environment
A13,B03,C09,2,2,4,Tokenised deposits / programmable money pilots (ECB DLT settlement trials) || Late payment: ~50% of EU invoices paid late; SMEs hit hardest || Clinical triage: route cases by urgency with a short standard question set
A13,B03,C10,5,0,0,Tokenised deposits / programmable money pilots (ECB DLT settlement trials) || Late payment: ~50% of EU invoices paid late; SMEs hit hardest || Futures market: sell next season's output today to lock a price
A13,B03,C11,2,2,4,"Tokenised deposits / programmable money pilots (ECB DLT settlement trials) || Late payment: ~50% of EU invoices paid late; SMEs hit hardest || Container shipping standard (TEU): one box fits every ship, truck, crane"
A13,B03,C12,2,2,4,Tokenised deposits / programmable money pilots (ECB DLT settlement trials) || Late payment: ~50% of EU invoices paid late; SMEs hit hardest || Speedrun/leaderboard gaming: public live competition drives behaviour
A13,B03,C13,7,0,0,Tokenised deposits / programmable money pilots (ECB DLT settlement trials) || Late payment: ~50% of EU invoices paid late; SMEs hit hardest || Tontine / rotating savings club (ROSCA): members fund each other in turn
A13,B03,C14,4,0,0,Tokenised deposits / programmable money pilots (ECB DLT settlement trials) || Late payment: ~50% of EU invoices paid late; SMEs hit hardest || Prediction market: price aggregates dispersed knowledge into a probability
A13,B03,C15,2,2,4,Tokenised deposits / programmable money pilots (ECB DLT settlement trials) || Late payment: ~50% of EU invoices paid late; SMEs hit hardest || Pharmacovigilance: tiny signals from many reports detect rare problems early
A13,B04,C01,1,3,3,"Tokenised deposits / programmable money pilots (ECB DLT settlement trials) || Cyprus water scarcity: desalination dependence, reservoirs below 20% (2025) || Airline yield management: price changes by demand minute to minute"
A13,B04,C02,0,3,0,"Tokenised deposits / programmable money pilots (ECB DLT settlement trials) || Cyprus water scarcity: desalination dependence, reservoirs below 20% (2025) || Chess/Elo rating: ranking from pairwise outcomes, no absolute measure needed"
A13,B04,C03,0,3,0,"Tokenised deposits / programmable money pilots (ECB DLT settlement trials) || Cyprus water scarcity: desalination dependence, reservoirs below 20% (2025) || Blood-bank / organ matching: time-critical allocation of scarce perishable supply"
A13,B04,C04,1,2,2,"Tokenised deposits / programmable money pilots (ECB DLT settlement trials) || Cyprus water scarcity: desalination dependence, reservoirs below 20% (2025) || Reinsurance: pooling many small risks and selling slices to big capital"
A13,B04,C05,1,3,3,"Tokenised deposits / programmable money pilots (ECB DLT settlement trials) || Cyprus water scarcity: desalination dependence, reservoirs below 20% (2025) || Air-traffic control: live deconfliction of many actors in shared space"
A13,B04,C06,1,3,3,"Tokenised deposits / programmable money pilots (ECB DLT settlement trials) || Cyprus water scarcity: desalination dependence, reservoirs below 20% (2025) || Spotify royalties: tiny usage events settled into automatic payouts"
A13,B04,C07,0,3,0,"Tokenised deposits / programmable money pilots (ECB DLT settlement trials) || Cyprus water scarcity: desalination dependence, reservoirs below 20% (2025) || Carfax-style history report built from many third-party events"
A13,B04,C08,1,3,3,"Tokenised deposits / programmable money pilots (ECB DLT settlement trials) || Cyprus water scarcity: desalination dependence, reservoirs below 20% (2025) || Ant colony / stigmergy: coordination through traces left in the environment"
A13,B04,C09,0,3,0,"Tokenised deposits / programmable money pilots (ECB DLT settlement trials) || Cyprus water scarcity: desalination dependence, reservoirs below 20% (2025) || Clinical triage: route cases by urgency with a short standard question set"
A13,B04,C10,3,2,6,"Tokenised deposits / programmable money pilots (ECB DLT settlement trials) || Cyprus water scarcity: desalination dependence, reservoirs below 20% (2025) || Futures market: sell next season's output today to lock a price"
A13,B04,C11,0,3,0,"Tokenised deposits / programmable money pilots (ECB DLT settlement trials) || Cyprus water scarcity: desalination dependence, reservoirs below 20% (2025) || Container shipping standard (TEU): one box fits every ship, truck, crane"
A13,B04,C12,0,3,0,"Tokenised deposits / programmable money pilots (ECB DLT settlement trials) || Cyprus water scarcity: desalination dependence, reservoirs below 20% (2025) || Speedrun/leaderboard gaming: public live competition drives behaviour"
A13,B04,C13,3,2,6,"Tokenised deposits / programmable money pilots (ECB DLT settlement trials) || Cyprus water scarcity: desalination dependence, reservoirs below 20% (2025) || Tontine / rotating savings club (ROSCA): members fund each other in turn"
A13,B04,C14,1,2,2,"Tokenised deposits / programmable money pilots (ECB DLT settlement trials) || Cyprus water scarcity: desalination dependence, reservoirs below 20% (2025) || Prediction market: price aggregates dispersed knowledge into a probability"
A13,B04,C15,0,3,0,"Tokenised deposits / programmable money pilots (ECB DLT settlement trials) || Cyprus water scarcity: desalination dependence, reservoirs below 20% (2025) || Pharmacovigilance: tiny signals from many reports detect rare problems early"
A13,B05,C01,4,3,12,Tokenised deposits / programmable money pilots (ECB DLT settlement trials) || Tourism seasonality: Cyprus hotels/staff idle half the year || Airline yield management: price changes by demand minute to minute
A13,B05,C02,1,3,3,"Tokenised deposits / programmable money pilots (ECB DLT settlement trials) || Tourism seasonality: Cyprus hotels/staff idle half the year || Chess/Elo rating: ranking from pairwise outcomes, no absolute measure needed"
A13,B05,C03,2,3,6,Tokenised deposits / programmable money pilots (ECB DLT settlement trials) || Tourism seasonality: Cyprus hotels/staff idle half the year || Blood-bank / organ matching: time-critical allocation of scarce perishable supply
A13,B05,C04,2,2,4,Tokenised deposits / programmable money pilots (ECB DLT settlement trials) || Tourism seasonality: Cyprus hotels/staff idle half the year || Reinsurance: pooling many small risks and selling slices to big capital
A13,B05,C05,2,3,6,Tokenised deposits / programmable money pilots (ECB DLT settlement trials) || Tourism seasonality: Cyprus hotels/staff idle half the year || Air-traffic control: live deconfliction of many actors in shared space
A13,B05,C06,3,3,9,Tokenised deposits / programmable money pilots (ECB DLT settlement trials) || Tourism seasonality: Cyprus hotels/staff idle half the year || Spotify royalties: tiny usage events settled into automatic payouts
A13,B05,C07,1,3,3,Tokenised deposits / programmable money pilots (ECB DLT settlement trials) || Tourism seasonality: Cyprus hotels/staff idle half the year || Carfax-style history report built from many third-party events
A13,B05,C08,2,3,6,Tokenised deposits / programmable money pilots (ECB DLT settlement trials) || Tourism seasonality: Cyprus hotels/staff idle half the year || Ant colony / stigmergy: coordination through traces left in the environment
A13,B05,C09,1,3,3,Tokenised deposits / programmable money pilots (ECB DLT settlement trials) || Tourism seasonality: Cyprus hotels/staff idle half the year || Clinical triage: route cases by urgency with a short standard question set
A13,B05,C10,4,2,8,Tokenised deposits / programmable money pilots (ECB DLT settlement trials) || Tourism seasonality: Cyprus hotels/staff idle half the year || Futures market: sell next season's output today to lock a price
A13,B05,C11,1,3,3,"Tokenised deposits / programmable money pilots (ECB DLT settlement trials) || Tourism seasonality: Cyprus hotels/staff idle half the year || Container shipping standard (TEU): one box fits every ship, truck, crane"
A13,B05,C12,3,3,9,Tokenised deposits / programmable money pilots (ECB DLT settlement trials) || Tourism seasonality: Cyprus hotels/staff idle half the year || Speedrun/leaderboard gaming: public live competition drives behaviour
A13,B05,C13,5,2,10,Tokenised deposits / programmable money pilots (ECB DLT settlement trials) || Tourism seasonality: Cyprus hotels/staff idle half the year || Tontine / rotating savings club (ROSCA): members fund each other in turn
A13,B05,C14,3,2,6,Tokenised deposits / programmable money pilots (ECB DLT settlement trials) || Tourism seasonality: Cyprus hotels/staff idle half the year || Prediction market: price aggregates dispersed knowledge into a probability
A13,B05,C15,1,3,3,Tokenised deposits / programmable money pilots (ECB DLT settlement trials) || Tourism seasonality: Cyprus hotels/staff idle half the year || Pharmacovigilance: tiny signals from many reports detect rare problems early
A13,B06,C01,1,3,3,Tokenised deposits / programmable money pilots (ECB DLT settlement trials) || Red tape: EU SMEs cite administrative burden as top obstacle (Eurobarometer 2023) || Airline yield management: price changes by demand minute to minute
A13,B06,C02,0,3,0,"Tokenised deposits / programmable money pilots (ECB DLT settlement trials) || Red tape: EU SMEs cite administrative burden as top obstacle (Eurobarometer 2023) || Chess/Elo rating: ranking from pairwise outcomes, no absolute measure needed"
A13,B06,C03,0,3,0,Tokenised deposits / programmable money pilots (ECB DLT settlement trials) || Red tape: EU SMEs cite administrative burden as top obstacle (Eurobarometer 2023) || Blood-bank / organ matching: time-critical allocation of scarce perishable supply
A13,B06,C04,1,2,2,Tokenised deposits / programmable money pilots (ECB DLT settlement trials) || Red tape: EU SMEs cite administrative burden as top obstacle (Eurobarometer 2023) || Reinsurance: pooling many small risks and selling slices to big capital
A13,B06,C05,0,3,0,Tokenised deposits / programmable money pilots (ECB DLT settlement trials) || Red tape: EU SMEs cite administrative burden as top obstacle (Eurobarometer 2023) || Air-traffic control: live deconfliction of many actors in shared space
A13,B06,C06,1,3,3,Tokenised deposits / programmable money pilots (ECB DLT settlement trials) || Red tape: EU SMEs cite administrative burden as top obstacle (Eurobarometer 2023) || Spotify royalties: tiny usage events settled into automatic payouts
A13,B06,C07,0,3,0,Tokenised deposits / programmable money pilots (ECB DLT settlement trials) || Red tape: EU SMEs cite administrative burden as top obstacle (Eurobarometer 2023) || Carfax-style history report built from many third-party events
A13,B06,C08,0,3,0,Tokenised deposits / programmable money pilots (ECB DLT settlement trials) || Red tape: EU SMEs cite administrative burden as top obstacle (Eurobarometer 2023) || Ant colony / stigmergy: coordination through traces left in the environment
A13,B06,C09,1,3,3,Tokenised deposits / programmable money pilots (ECB DLT settlement trials) || Red tape: EU SMEs cite administrative burden as top obstacle (Eurobarometer 2023) || Clinical triage: route cases by urgency with a short standard question set
A13,B06,C10,2,2,4,Tokenised deposits / programmable money pilots (ECB DLT settlement trials) || Red tape: EU SMEs cite administrative burden as top obstacle (Eurobarometer 2023) || Futures market: sell next season's output today to lock a price
A13,B06,C11,1,3,3,"Tokenised deposits / programmable money pilots (ECB DLT settlement trials) || Red tape: EU SMEs cite administrative burden as top obstacle (Eurobarometer 2023) || Container shipping standard (TEU): one box fits every ship, truck, crane"
A13,B06,C12,0,3,0,Tokenised deposits / programmable money pilots (ECB DLT settlement trials) || Red tape: EU SMEs cite administrative burden as top obstacle (Eurobarometer 2023) || Speedrun/leaderboard gaming: public live competition drives behaviour
A13,B06,C13,3,2,6,Tokenised deposits / programmable money pilots (ECB DLT settlement trials) || Red tape: EU SMEs cite administrative burden as top obstacle (Eurobarometer 2023) || Tontine / rotating savings club (ROSCA): members fund each other in turn
A13,B06,C14,1,2,2,Tokenised deposits / programmable money pilots (ECB DLT settlement trials) || Red tape: EU SMEs cite administrative burden as top obstacle (Eurobarometer 2023) || Prediction market: price aggregates dispersed knowledge into a probability
A13,B06,C15,0,3,0,Tokenised deposits / programmable money pilots (ECB DLT settlement trials) || Red tape: EU SMEs cite administrative burden as top obstacle (Eurobarometer 2023) || Pharmacovigilance: tiny signals from many reports detect rare problems early
A13,B07,C01,1,3,3,Tokenised deposits / programmable money pilots (ECB DLT settlement trials) || Farmers lose crops to heat/drought with slow or no insurance payout || Airline yield management: price changes by demand minute to minute
A13,B07,C02,0,3,0,"Tokenised deposits / programmable money pilots (ECB DLT settlement trials) || Farmers lose crops to heat/drought with slow or no insurance payout || Chess/Elo rating: ranking from pairwise outcomes, no absolute measure needed"
A13,B07,C03,0,3,0,Tokenised deposits / programmable money pilots (ECB DLT settlement trials) || Farmers lose crops to heat/drought with slow or no insurance payout || Blood-bank / organ matching: time-critical allocation of scarce perishable supply
A13,B07,C04,2,2,4,Tokenised deposits / programmable money pilots (ECB DLT settlement trials) || Farmers lose crops to heat/drought with slow or no insurance payout || Reinsurance: pooling many small risks and selling slices to big capital
A13,B07,C05,0,3,0,Tokenised deposits / programmable money pilots (ECB DLT settlement trials) || Farmers lose crops to heat/drought with slow or no insurance payout || Air-traffic control: live deconfliction of many actors in shared space
A13,B07,C06,1,3,3,Tokenised deposits / programmable money pilots (ECB DLT settlement trials) || Farmers lose crops to heat/drought with slow or no insurance payout || Spotify royalties: tiny usage events settled into automatic payouts
A13,B07,C07,0,3,0,Tokenised deposits / programmable money pilots (ECB DLT settlement trials) || Farmers lose crops to heat/drought with slow or no insurance payout || Carfax-style history report built from many third-party events
A13,B07,C08,0,2,0,Tokenised deposits / programmable money pilots (ECB DLT settlement trials) || Farmers lose crops to heat/drought with slow or no insurance payout || Ant colony / stigmergy: coordination through traces left in the environment
A13,B07,C09,0,3,0,Tokenised deposits / programmable money pilots (ECB DLT settlement trials) || Farmers lose crops to heat/drought with slow or no insurance payout || Clinical triage: route cases by urgency with a short standard question set
A13,B07,C10,3,2,6,Tokenised deposits / programmable money pilots (ECB DLT settlement trials) || Farmers lose crops to heat/drought with slow or no insurance payout || Futures market: sell next season's output today to lock a price
A13,B07,C11,0,3,0,"Tokenised deposits / programmable money pilots (ECB DLT settlement trials) || Farmers lose crops to heat/drought with slow or no insurance payout || Container shipping standard (TEU): one box fits every ship, truck, crane"
A13,B07,C12,0,3,0,Tokenised deposits / programmable money pilots (ECB DLT settlement trials) || Farmers lose crops to heat/drought with slow or no insurance payout || Speedrun/leaderboard gaming: public live competition drives behaviour
A13,B07,C13,3,2,6,Tokenised deposits / programmable money pilots (ECB DLT settlement trials) || Farmers lose crops to heat/drought with slow or no insurance payout || Tontine / rotating savings club (ROSCA): members fund each other in turn
A13,B07,C14,1,2,2,Tokenised deposits / programmable money pilots (ECB DLT settlement trials) || Farmers lose crops to heat/drought with slow or no insurance payout || Prediction market: price aggregates dispersed knowledge into a probability
A13,B07,C15,0,3,0,Tokenised deposits / programmable money pilots (ECB DLT settlement trials) || Farmers lose crops to heat/drought with slow or no insurance payout || Pharmacovigilance: tiny signals from many reports detect rare problems early
A13,B08,C01,1,3,3,"Tokenised deposits / programmable money pilots (ECB DLT settlement trials) || Food waste: ~130 kg per EU citizen/year, retail+hospitality large share || Airline yield management: price changes by demand minute to minute"
A13,B08,C02,0,3,0,"Tokenised deposits / programmable money pilots (ECB DLT settlement trials) || Food waste: ~130 kg per EU citizen/year, retail+hospitality large share || Chess/Elo rating: ranking from pairwise outcomes, no absolute measure needed"
A13,B08,C03,1,3,3,"Tokenised deposits / programmable money pilots (ECB DLT settlement trials) || Food waste: ~130 kg per EU citizen/year, retail+hospitality large share || Blood-bank / organ matching: time-critical allocation of scarce perishable supply"
A13,B08,C04,1,2,2,"Tokenised deposits / programmable money pilots (ECB DLT settlement trials) || Food waste: ~130 kg per EU citizen/year, retail+hospitality large share || Reinsurance: pooling many small risks and selling slices to big capital"
A13,B08,C05,0,3,0,"Tokenised deposits / programmable money pilots (ECB DLT settlement trials) || Food waste: ~130 kg per EU citizen/year, retail+hospitality large share || Air-traffic control: live deconfliction of many actors in shared space"
A13,B08,C06,1,3,3,"Tokenised deposits / programmable money pilots (ECB DLT settlement trials) || Food waste: ~130 kg per EU citizen/year, retail+hospitality large share || Spotify royalties: tiny usage events settled into automatic payouts"
A13,B08,C07,1,3,3,"Tokenised deposits / programmable money pilots (ECB DLT settlement trials) || Food waste: ~130 kg per EU citizen/year, retail+hospitality large share || Carfax-style history report built from many third-party events"
A13,B08,C08,0,3,0,"Tokenised deposits / programmable money pilots (ECB DLT settlement trials) || Food waste: ~130 kg per EU citizen/year, retail+hospitality large share || Ant colony / stigmergy: coordination through traces left in the environment"
A13,B08,C09,0,3,0,"Tokenised deposits / programmable money pilots (ECB DLT settlement trials) || Food waste: ~130 kg per EU citizen/year, retail+hospitality large share || Clinical triage: route cases by urgency with a short standard question set"
A13,B08,C10,2,2,4,"Tokenised deposits / programmable money pilots (ECB DLT settlement trials) || Food waste: ~130 kg per EU citizen/year, retail+hospitality large share || Futures market: sell next season's output today to lock a price"
A13,B08,C11,0,3,0,"Tokenised deposits / programmable money pilots (ECB DLT settlement trials) || Food waste: ~130 kg per EU citizen/year, retail+hospitality large share || Container shipping standard (TEU): one box fits every ship, truck, crane"
A13,B08,C12,1,3,3,"Tokenised deposits / programmable money pilots (ECB DLT settlement trials) || Food waste: ~130 kg per EU citizen/year, retail+hospitality large share || Speedrun/leaderboard gaming: public live competition drives behaviour"
A13,B08,C13,3,2,6,"Tokenised deposits / programmable money pilots (ECB DLT settlement trials) || Food waste: ~130 kg per EU citizen/year, retail+hospitality large share || Tontine / rotating savings club (ROSCA): members fund each other in turn"
A13,B08,C14,1,2,2,"Tokenised deposits / programmable money pilots (ECB DLT settlement trials) || Food waste: ~130 kg per EU citizen/year, retail+hospitality large share || Prediction market: price aggregates dispersed knowledge into a probability"
A13,B08,C15,0,3,0,"Tokenised deposits / programmable money pilots (ECB DLT settlement trials) || Food waste: ~130 kg per EU citizen/year, retail+hospitality large share || Pharmacovigilance: tiny signals from many reports detect rare problems early"
A13,B09,C01,2,3,6,Tokenised deposits / programmable money pilots (ECB DLT settlement trials) || Island grid curtailment: Cyprus wastes solar output at midday (no interconnector) || Airline yield management: price changes by demand minute to minute
A13,B09,C02,0,3,0,"Tokenised deposits / programmable money pilots (ECB DLT settlement trials) || Island grid curtailment: Cyprus wastes solar output at midday (no interconnector) || Chess/Elo rating: ranking from pairwise outcomes, no absolute measure needed"
A13,B09,C03,1,3,3,Tokenised deposits / programmable money pilots (ECB DLT settlement trials) || Island grid curtailment: Cyprus wastes solar output at midday (no interconnector) || Blood-bank / organ matching: time-critical allocation of scarce perishable supply
A13,B09,C04,1,2,2,Tokenised deposits / programmable money pilots (ECB DLT settlement trials) || Island grid curtailment: Cyprus wastes solar output at midday (no interconnector) || Reinsurance: pooling many small risks and selling slices to big capital
A13,B09,C05,2,3,6,Tokenised deposits / programmable money pilots (ECB DLT settlement trials) || Island grid curtailment: Cyprus wastes solar output at midday (no interconnector) || Air-traffic control: live deconfliction of many actors in shared space
A13,B09,C06,1,3,3,Tokenised deposits / programmable money pilots (ECB DLT settlement trials) || Island grid curtailment: Cyprus wastes solar output at midday (no interconnector) || Spotify royalties: tiny usage events settled into automatic payouts
A13,B09,C07,0,3,0,Tokenised deposits / programmable money pilots (ECB DLT settlement trials) || Island grid curtailment: Cyprus wastes solar output at midday (no interconnector) || Carfax-style history report built from many third-party events
A13,B09,C08,2,3,6,Tokenised deposits / programmable money pilots (ECB DLT settlement trials) || Island grid curtailment: Cyprus wastes solar output at midday (no interconnector) || Ant colony / stigmergy: coordination through traces left in the environment
A13,B09,C09,0,3,0,Tokenised deposits / programmable money pilots (ECB DLT settlement trials) || Island grid curtailment: Cyprus wastes solar output at midday (no interconnector) || Clinical triage: route cases by urgency with a short standard question set
A13,B09,C10,2,2,4,Tokenised deposits / programmable money pilots (ECB DLT settlement trials) || Island grid curtailment: Cyprus wastes solar output at midday (no interconnector) || Futures market: sell next season's output today to lock a price
A13,B09,C11,0,3,0,"Tokenised deposits / programmable money pilots (ECB DLT settlement trials) || Island grid curtailment: Cyprus wastes solar output at midday (no interconnector) || Container shipping standard (TEU): one box fits every ship, truck, crane"
A13,B09,C12,1,3,3,Tokenised deposits / programmable money pilots (ECB DLT settlement trials) || Island grid curtailment: Cyprus wastes solar output at midday (no interconnector) || Speedrun/leaderboard gaming: public live competition drives behaviour
A13,B09,C13,3,2,6,Tokenised deposits / programmable money pilots (ECB DLT settlement trials) || Island grid curtailment: Cyprus wastes solar output at midday (no interconnector) || Tontine / rotating savings club (ROSCA): members fund each other in turn
A13,B09,C14,1,2,2,Tokenised deposits / programmable money pilots (ECB DLT settlement trials) || Island grid curtailment: Cyprus wastes solar output at midday (no interconnector) || Prediction market: price aggregates dispersed knowledge into a probability
A13,B09,C15,0,3,0,Tokenised deposits / programmable money pilots (ECB DLT settlement trials) || Island grid curtailment: Cyprus wastes solar output at midday (no interconnector) || Pharmacovigilance: tiny signals from many reports detect rare problems early
A13,B10,C01,2,2,4,"Tokenised deposits / programmable money pilots (ECB DLT settlement trials) || SMEs can't get credit: thin files, no collateral (SAFE survey) || Airline yield management: price changes by demand minute to minute"
A13,B10,C02,3,2,6,"Tokenised deposits / programmable money pilots (ECB DLT settlement trials) || SMEs can't get credit: thin files, no collateral (SAFE survey) || Chess/Elo rating: ranking from pairwise outcomes, no absolute measure needed"
A13,B10,C03,1,2,2,"Tokenised deposits / programmable money pilots (ECB DLT settlement trials) || SMEs can't get credit: thin files, no collateral (SAFE survey) || Blood-bank / organ matching: time-critical allocation of scarce perishable supply"
A13,B10,C04,3,0,0,"Tokenised deposits / programmable money pilots (ECB DLT settlement trials) || SMEs can't get credit: thin files, no collateral (SAFE survey) || Reinsurance: pooling many small risks and selling slices to big capital"
A13,B10,C05,1,2,2,"Tokenised deposits / programmable money pilots (ECB DLT settlement trials) || SMEs can't get credit: thin files, no collateral (SAFE survey) || Air-traffic control: live deconfliction of many actors in shared space"
A13,B10,C06,3,2,6,"Tokenised deposits / programmable money pilots (ECB DLT settlement trials) || SMEs can't get credit: thin files, no collateral (SAFE survey) || Spotify royalties: tiny usage events settled into automatic payouts"
A13,B10,C07,2,2,4,"Tokenised deposits / programmable money pilots (ECB DLT settlement trials) || SMEs can't get credit: thin files, no collateral (SAFE survey) || Carfax-style history report built from many third-party events"
A13,B10,C08,1,2,2,"Tokenised deposits / programmable money pilots (ECB DLT settlement trials) || SMEs can't get credit: thin files, no collateral (SAFE survey) || Ant colony / stigmergy: coordination through traces left in the environment"
A13,B10,C09,1,2,2,"Tokenised deposits / programmable money pilots (ECB DLT settlement trials) || SMEs can't get credit: thin files, no collateral (SAFE survey) || Clinical triage: route cases by urgency with a short standard question set"
A13,B10,C10,3,0,0,"Tokenised deposits / programmable money pilots (ECB DLT settlement trials) || SMEs can't get credit: thin files, no collateral (SAFE survey) || Futures market: sell next season's output today to lock a price"
A13,B10,C11,2,2,4,"Tokenised deposits / programmable money pilots (ECB DLT settlement trials) || SMEs can't get credit: thin files, no collateral (SAFE survey) || Container shipping standard (TEU): one box fits every ship, truck, crane"
A13,B10,C12,1,2,2,"Tokenised deposits / programmable money pilots (ECB DLT settlement trials) || SMEs can't get credit: thin files, no collateral (SAFE survey) || Speedrun/leaderboard gaming: public live competition drives behaviour"
A13,B10,C13,5,0,0,"Tokenised deposits / programmable money pilots (ECB DLT settlement trials) || SMEs can't get credit: thin files, no collateral (SAFE survey) || Tontine / rotating savings club (ROSCA): members fund each other in turn"
A13,B10,C14,3,0,0,"Tokenised deposits / programmable money pilots (ECB DLT settlement trials) || SMEs can't get credit: thin files, no collateral (SAFE survey) || Prediction market: price aggregates dispersed knowledge into a probability"
A13,B10,C15,2,2,4,"Tokenised deposits / programmable money pilots (ECB DLT settlement trials) || SMEs can't get credit: thin files, no collateral (SAFE survey) || Pharmacovigilance: tiny signals from many reports detect rare problems early"
A13,B11,C01,1,3,3,"Tokenised deposits / programmable money pilots (ECB DLT settlement trials) || Used goods and repairs lack trusted history, so resale value collapses || Airline yield management: price changes by demand minute to minute"
A13,B11,C02,1,3,3,"Tokenised deposits / programmable money pilots (ECB DLT settlement trials) || Used goods and repairs lack trusted history, so resale value collapses || Chess/Elo rating: ranking from pairwise outcomes, no absolute measure needed"
A13,B11,C03,1,3,3,"Tokenised deposits / programmable money pilots (ECB DLT settlement trials) || Used goods and repairs lack trusted history, so resale value collapses || Blood-bank / organ matching: time-critical allocation of scarce perishable supply"
A13,B11,C04,1,2,2,"Tokenised deposits / programmable money pilots (ECB DLT settlement trials) || Used goods and repairs lack trusted history, so resale value collapses || Reinsurance: pooling many small risks and selling slices to big capital"
A13,B11,C05,0,3,0,"Tokenised deposits / programmable money pilots (ECB DLT settlement trials) || Used goods and repairs lack trusted history, so resale value collapses || Air-traffic control: live deconfliction of many actors in shared space"
A13,B11,C06,2,3,6,"Tokenised deposits / programmable money pilots (ECB DLT settlement trials) || Used goods and repairs lack trusted history, so resale value collapses || Spotify royalties: tiny usage events settled into automatic payouts"
A13,B11,C07,2,3,6,"Tokenised deposits / programmable money pilots (ECB DLT settlement trials) || Used goods and repairs lack trusted history, so resale value collapses || Carfax-style history report built from many third-party events"
A13,B11,C08,0,3,0,"Tokenised deposits / programmable money pilots (ECB DLT settlement trials) || Used goods and repairs lack trusted history, so resale value collapses || Ant colony / stigmergy: coordination through traces left in the environment"
A13,B11,C09,0,3,0,"Tokenised deposits / programmable money pilots (ECB DLT settlement trials) || Used goods and repairs lack trusted history, so resale value collapses || Clinical triage: route cases by urgency with a short standard question set"
A13,B11,C10,2,2,4,"Tokenised deposits / programmable money pilots (ECB DLT settlement trials) || Used goods and repairs lack trusted history, so resale value collapses || Futures market: sell next season's output today to lock a price"
A13,B11,C11,2,3,6,"Tokenised deposits / programmable money pilots (ECB DLT settlement trials) || Used goods and repairs lack trusted history, so resale value collapses || Container shipping standard (TEU): one box fits every ship, truck, crane"
A13,B11,C12,0,3,0,"Tokenised deposits / programmable money pilots (ECB DLT settlement trials) || Used goods and repairs lack trusted history, so resale value collapses || Speedrun/leaderboard gaming: public live competition drives behaviour"
A13,B11,C13,3,2,6,"Tokenised deposits / programmable money pilots (ECB DLT settlement trials) || Used goods and repairs lack trusted history, so resale value collapses || Tontine / rotating savings club (ROSCA): members fund each other in turn"
A13,B11,C14,2,2,4,"Tokenised deposits / programmable money pilots (ECB DLT settlement trials) || Used goods and repairs lack trusted history, so resale value collapses || Prediction market: price aggregates dispersed knowledge into a probability"
A13,B11,C15,1,3,3,"Tokenised deposits / programmable money pilots (ECB DLT settlement trials) || Used goods and repairs lack trusted history, so resale value collapses || Pharmacovigilance: tiny signals from many reports detect rare problems early"
A13,B12,C01,4,3,12,"Tokenised deposits / programmable money pilots (ECB DLT settlement trials) || Staff shortages in hospitality/care; workers paid late, shifts unfilled || Airline yield management: price changes by demand minute to minute"
A13,B12,C02,1,3,3,"Tokenised deposits / programmable money pilots (ECB DLT settlement trials) || Staff shortages in hospitality/care; workers paid late, shifts unfilled || Chess/Elo rating: ranking from pairwise outcomes, no absolute measure needed"
A13,B12,C03,2,3,6,"Tokenised deposits / programmable money pilots (ECB DLT settlement trials) || Staff shortages in hospitality/care; workers paid late, shifts unfilled || Blood-bank / organ matching: time-critical allocation of scarce perishable supply"
A13,B12,C04,2,2,4,"Tokenised deposits / programmable money pilots (ECB DLT settlement trials) || Staff shortages in hospitality/care; workers paid late, shifts unfilled || Reinsurance: pooling many small risks and selling slices to big capital"
A13,B12,C05,2,3,6,"Tokenised deposits / programmable money pilots (ECB DLT settlement trials) || Staff shortages in hospitality/care; workers paid late, shifts unfilled || Air-traffic control: live deconfliction of many actors in shared space"
A13,B12,C06,3,3,9,"Tokenised deposits / programmable money pilots (ECB DLT settlement trials) || Staff shortages in hospitality/care; workers paid late, shifts unfilled || Spotify royalties: tiny usage events settled into automatic payouts"
A13,B12,C07,1,3,3,"Tokenised deposits / programmable money pilots (ECB DLT settlement trials) || Staff shortages in hospitality/care; workers paid late, shifts unfilled || Carfax-style history report built from many third-party events"
A13,B12,C08,2,3,6,"Tokenised deposits / programmable money pilots (ECB DLT settlement trials) || Staff shortages in hospitality/care; workers paid late, shifts unfilled || Ant colony / stigmergy: coordination through traces left in the environment"
A13,B12,C09,2,3,6,"Tokenised deposits / programmable money pilots (ECB DLT settlement trials) || Staff shortages in hospitality/care; workers paid late, shifts unfilled || Clinical triage: route cases by urgency with a short standard question set"
A13,B12,C10,4,2,8,"Tokenised deposits / programmable money pilots (ECB DLT settlement trials) || Staff shortages in hospitality/care; workers paid late, shifts unfilled || Futures market: sell next season's output today to lock a price"
A13,B12,C11,1,3,3,"Tokenised deposits / programmable money pilots (ECB DLT settlement trials) || Staff shortages in hospitality/care; workers paid late, shifts unfilled || Container shipping standard (TEU): one box fits every ship, truck, crane"
A13,B12,C12,2,3,6,"Tokenised deposits / programmable money pilots (ECB DLT settlement trials) || Staff shortages in hospitality/care; workers paid late, shifts unfilled || Speedrun/leaderboard gaming: public live competition drives behaviour"
A13,B12,C13,5,2,10,"Tokenised deposits / programmable money pilots (ECB DLT settlement trials) || Staff shortages in hospitality/care; workers paid late, shifts unfilled || Tontine / rotating savings club (ROSCA): members fund each other in turn"
A13,B12,C14,3,2,6,"Tokenised deposits / programmable money pilots (ECB DLT settlement trials) || Staff shortages in hospitality/care; workers paid late, shifts unfilled || Prediction market: price aggregates dispersed knowledge into a probability"
A13,B12,C15,2,3,6,"Tokenised deposits / programmable money pilots (ECB DLT settlement trials) || Staff shortages in hospitality/care; workers paid late, shifts unfilled || Pharmacovigilance: tiny signals from many reports detect rare problems early"
A13,B13,C01,1,3,3,Tokenised deposits / programmable money pilots (ECB DLT settlement trials) || Grant and subsidy money goes unclaimed; SMEs don't know or can't apply || Airline yield management: price changes by demand minute to minute
A13,B13,C02,1,3,3,"Tokenised deposits / programmable money pilots (ECB DLT settlement trials) || Grant and subsidy money goes unclaimed; SMEs don't know or can't apply || Chess/Elo rating: ranking from pairwise outcomes, no absolute measure needed"
A13,B13,C03,0,3,0,Tokenised deposits / programmable money pilots (ECB DLT settlement trials) || Grant and subsidy money goes unclaimed; SMEs don't know or can't apply || Blood-bank / organ matching: time-critical allocation of scarce perishable supply
A13,B13,C04,1,2,2,Tokenised deposits / programmable money pilots (ECB DLT settlement trials) || Grant and subsidy money goes unclaimed; SMEs don't know or can't apply || Reinsurance: pooling many small risks and selling slices to big capital
A13,B13,C05,0,3,0,Tokenised deposits / programmable money pilots (ECB DLT settlement trials) || Grant and subsidy money goes unclaimed; SMEs don't know or can't apply || Air-traffic control: live deconfliction of many actors in shared space
A13,B13,C06,1,3,3,Tokenised deposits / programmable money pilots (ECB DLT settlement trials) || Grant and subsidy money goes unclaimed; SMEs don't know or can't apply || Spotify royalties: tiny usage events settled into automatic payouts
A13,B13,C07,0,3,0,Tokenised deposits / programmable money pilots (ECB DLT settlement trials) || Grant and subsidy money goes unclaimed; SMEs don't know or can't apply || Carfax-style history report built from many third-party events
A13,B13,C08,0,3,0,Tokenised deposits / programmable money pilots (ECB DLT settlement trials) || Grant and subsidy money goes unclaimed; SMEs don't know or can't apply || Ant colony / stigmergy: coordination through traces left in the environment
A13,B13,C09,1,3,3,Tokenised deposits / programmable money pilots (ECB DLT settlement trials) || Grant and subsidy money goes unclaimed; SMEs don't know or can't apply || Clinical triage: route cases by urgency with a short standard question set
A13,B13,C10,2,2,4,Tokenised deposits / programmable money pilots (ECB DLT settlement trials) || Grant and subsidy money goes unclaimed; SMEs don't know or can't apply || Futures market: sell next season's output today to lock a price
A13,B13,C11,1,3,3,"Tokenised deposits / programmable money pilots (ECB DLT settlement trials) || Grant and subsidy money goes unclaimed; SMEs don't know or can't apply || Container shipping standard (TEU): one box fits every ship, truck, crane"
A13,B13,C12,0,3,0,Tokenised deposits / programmable money pilots (ECB DLT settlement trials) || Grant and subsidy money goes unclaimed; SMEs don't know or can't apply || Speedrun/leaderboard gaming: public live competition drives behaviour
A13,B13,C13,3,2,6,Tokenised deposits / programmable money pilots (ECB DLT settlement trials) || Grant and subsidy money goes unclaimed; SMEs don't know or can't apply || Tontine / rotating savings club (ROSCA): members fund each other in turn
A13,B13,C14,1,2,2,Tokenised deposits / programmable money pilots (ECB DLT settlement trials) || Grant and subsidy money goes unclaimed; SMEs don't know or can't apply || Prediction market: price aggregates dispersed knowledge into a probability
A13,B13,C15,0,3,0,Tokenised deposits / programmable money pilots (ECB DLT settlement trials) || Grant and subsidy money goes unclaimed; SMEs don't know or can't apply || Pharmacovigilance: tiny signals from many reports detect rare problems early
A13,B14,C01,1,3,3,"Tokenised deposits / programmable money pilots (ECB DLT settlement trials) || Heatwaves: buildings overheat, elderly and workers at risk (Cyprus 45C+) || Airline yield management: price changes by demand minute to minute"
A13,B14,C02,0,3,0,"Tokenised deposits / programmable money pilots (ECB DLT settlement trials) || Heatwaves: buildings overheat, elderly and workers at risk (Cyprus 45C+) || Chess/Elo rating: ranking from pairwise outcomes, no absolute measure needed"
A13,B14,C03,0,2,0,"Tokenised deposits / programmable money pilots (ECB DLT settlement trials) || Heatwaves: buildings overheat, elderly and workers at risk (Cyprus 45C+) || Blood-bank / organ matching: time-critical allocation of scarce perishable supply"
A13,B14,C04,2,2,4,"Tokenised deposits / programmable money pilots (ECB DLT settlement trials) || Heatwaves: buildings overheat, elderly and workers at risk (Cyprus 45C+) || Reinsurance: pooling many small risks and selling slices to big capital"
A13,B14,C05,1,3,3,"Tokenised deposits / programmable money pilots (ECB DLT settlement trials) || Heatwaves: buildings overheat, elderly and workers at risk (Cyprus 45C+) || Air-traffic control: live deconfliction of many actors in shared space"
A13,B14,C06,1,3,3,"Tokenised deposits / programmable money pilots (ECB DLT settlement trials) || Heatwaves: buildings overheat, elderly and workers at risk (Cyprus 45C+) || Spotify royalties: tiny usage events settled into automatic payouts"
A13,B14,C07,0,3,0,"Tokenised deposits / programmable money pilots (ECB DLT settlement trials) || Heatwaves: buildings overheat, elderly and workers at risk (Cyprus 45C+) || Carfax-style history report built from many third-party events"
A13,B14,C08,1,3,3,"Tokenised deposits / programmable money pilots (ECB DLT settlement trials) || Heatwaves: buildings overheat, elderly and workers at risk (Cyprus 45C+) || Ant colony / stigmergy: coordination through traces left in the environment"
A13,B14,C09,0,2,0,"Tokenised deposits / programmable money pilots (ECB DLT settlement trials) || Heatwaves: buildings overheat, elderly and workers at risk (Cyprus 45C+) || Clinical triage: route cases by urgency with a short standard question set"
A13,B14,C10,2,2,4,"Tokenised deposits / programmable money pilots (ECB DLT settlement trials) || Heatwaves: buildings overheat, elderly and workers at risk (Cyprus 45C+) || Futures market: sell next season's output today to lock a price"
A13,B14,C11,0,3,0,"Tokenised deposits / programmable money pilots (ECB DLT settlement trials) || Heatwaves: buildings overheat, elderly and workers at risk (Cyprus 45C+) || Container shipping standard (TEU): one box fits every ship, truck, crane"
A13,B14,C12,0,3,0,"Tokenised deposits / programmable money pilots (ECB DLT settlement trials) || Heatwaves: buildings overheat, elderly and workers at risk (Cyprus 45C+) || Speedrun/leaderboard gaming: public live competition drives behaviour"
A13,B14,C13,3,2,6,"Tokenised deposits / programmable money pilots (ECB DLT settlement trials) || Heatwaves: buildings overheat, elderly and workers at risk (Cyprus 45C+) || Tontine / rotating savings club (ROSCA): members fund each other in turn"
A13,B14,C14,1,2,2,"Tokenised deposits / programmable money pilots (ECB DLT settlement trials) || Heatwaves: buildings overheat, elderly and workers at risk (Cyprus 45C+) || Prediction market: price aggregates dispersed knowledge into a probability"
A13,B14,C15,0,2,0,"Tokenised deposits / programmable money pilots (ECB DLT settlement trials) || Heatwaves: buildings overheat, elderly and workers at risk (Cyprus 45C+) || Pharmacovigilance: tiny signals from many reports detect rare problems early"
A13,B15,C01,2,3,6,Tokenised deposits / programmable money pilots (ECB DLT settlement trials) || Property and utility disputes between landlords and tenants over shared costs || Airline yield management: price changes by demand minute to minute
A13,B15,C02,1,3,3,"Tokenised deposits / programmable money pilots (ECB DLT settlement trials) || Property and utility disputes between landlords and tenants over shared costs || Chess/Elo rating: ranking from pairwise outcomes, no absolute measure needed"
A13,B15,C03,1,3,3,Tokenised deposits / programmable money pilots (ECB DLT settlement trials) || Property and utility disputes between landlords and tenants over shared costs || Blood-bank / organ matching: time-critical allocation of scarce perishable supply
A13,B15,C04,2,2,4,Tokenised deposits / programmable money pilots (ECB DLT settlement trials) || Property and utility disputes between landlords and tenants over shared costs || Reinsurance: pooling many small risks and selling slices to big capital
A13,B15,C05,1,3,3,Tokenised deposits / programmable money pilots (ECB DLT settlement trials) || Property and utility disputes between landlords and tenants over shared costs || Air-traffic control: live deconfliction of many actors in shared space
A13,B15,C06,2,3,6,Tokenised deposits / programmable money pilots (ECB DLT settlement trials) || Property and utility disputes between landlords and tenants over shared costs || Spotify royalties: tiny usage events settled into automatic payouts
A13,B15,C07,1,3,3,Tokenised deposits / programmable money pilots (ECB DLT settlement trials) || Property and utility disputes between landlords and tenants over shared costs || Carfax-style history report built from many third-party events
A13,B15,C08,1,3,3,Tokenised deposits / programmable money pilots (ECB DLT settlement trials) || Property and utility disputes between landlords and tenants over shared costs || Ant colony / stigmergy: coordination through traces left in the environment
A13,B15,C09,1,3,3,Tokenised deposits / programmable money pilots (ECB DLT settlement trials) || Property and utility disputes between landlords and tenants over shared costs || Clinical triage: route cases by urgency with a short standard question set
A13,B15,C10,4,2,8,Tokenised deposits / programmable money pilots (ECB DLT settlement trials) || Property and utility disputes between landlords and tenants over shared costs || Futures market: sell next season's output today to lock a price
A13,B15,C11,1,3,3,"Tokenised deposits / programmable money pilots (ECB DLT settlement trials) || Property and utility disputes between landlords and tenants over shared costs || Container shipping standard (TEU): one box fits every ship, truck, crane"
A13,B15,C12,1,3,3,Tokenised deposits / programmable money pilots (ECB DLT settlement trials) || Property and utility disputes between landlords and tenants over shared costs || Speedrun/leaderboard gaming: public live competition drives behaviour
A13,B15,C13,5,2,10,Tokenised deposits / programmable money pilots (ECB DLT settlement trials) || Property and utility disputes between landlords and tenants over shared costs || Tontine / rotating savings club (ROSCA): members fund each other in turn
A13,B15,C14,2,2,4,Tokenised deposits / programmable money pilots (ECB DLT settlement trials) || Property and utility disputes between landlords and tenants over shared costs || Prediction market: price aggregates dispersed knowledge into a probability
A13,B15,C15,1,3,3,Tokenised deposits / programmable money pilots (ECB DLT settlement trials) || Property and utility disputes between landlords and tenants over shared costs || Pharmacovigilance: tiny signals from many reports detect rare problems early
A14,B01,C01,0,2,0,EU Accessibility Act in force for SME digital services (28 Jun 2025) || SMEs answer many differently-worded sustainability requests from banks/customers || Airline yield management: price changes by demand minute to minute
A14,B01,C02,2,2,4,"EU Accessibility Act in force for SME digital services (28 Jun 2025) || SMEs answer many differently-worded sustainability requests from banks/customers || Chess/Elo rating: ranking from pairwise outcomes, no absolute measure needed"
A14,B01,C03,0,2,0,EU Accessibility Act in force for SME digital services (28 Jun 2025) || SMEs answer many differently-worded sustainability requests from banks/customers || Blood-bank / organ matching: time-critical allocation of scarce perishable supply
A14,B01,C04,1,2,2,EU Accessibility Act in force for SME digital services (28 Jun 2025) || SMEs answer many differently-worded sustainability requests from banks/customers || Reinsurance: pooling many small risks and selling slices to big capital
A14,B01,C05,0,2,0,EU Accessibility Act in force for SME digital services (28 Jun 2025) || SMEs answer many differently-worded sustainability requests from banks/customers || Air-traffic control: live deconfliction of many actors in shared space
A14,B01,C06,1,2,2,EU Accessibility Act in force for SME digital services (28 Jun 2025) || SMEs answer many differently-worded sustainability requests from banks/customers || Spotify royalties: tiny usage events settled into automatic payouts
A14,B01,C07,1,2,2,EU Accessibility Act in force for SME digital services (28 Jun 2025) || SMEs answer many differently-worded sustainability requests from banks/customers || Carfax-style history report built from many third-party events
A14,B01,C08,0,2,0,EU Accessibility Act in force for SME digital services (28 Jun 2025) || SMEs answer many differently-worded sustainability requests from banks/customers || Ant colony / stigmergy: coordination through traces left in the environment
A14,B01,C09,1,2,2,EU Accessibility Act in force for SME digital services (28 Jun 2025) || SMEs answer many differently-worded sustainability requests from banks/customers || Clinical triage: route cases by urgency with a short standard question set
A14,B01,C10,0,2,0,EU Accessibility Act in force for SME digital services (28 Jun 2025) || SMEs answer many differently-worded sustainability requests from banks/customers || Futures market: sell next season's output today to lock a price
A14,B01,C11,2,2,4,"EU Accessibility Act in force for SME digital services (28 Jun 2025) || SMEs answer many differently-worded sustainability requests from banks/customers || Container shipping standard (TEU): one box fits every ship, truck, crane"
A14,B01,C12,1,2,2,EU Accessibility Act in force for SME digital services (28 Jun 2025) || SMEs answer many differently-worded sustainability requests from banks/customers || Speedrun/leaderboard gaming: public live competition drives behaviour
A14,B01,C13,1,2,2,EU Accessibility Act in force for SME digital services (28 Jun 2025) || SMEs answer many differently-worded sustainability requests from banks/customers || Tontine / rotating savings club (ROSCA): members fund each other in turn
A14,B01,C14,1,2,2,EU Accessibility Act in force for SME digital services (28 Jun 2025) || SMEs answer many differently-worded sustainability requests from banks/customers || Prediction market: price aggregates dispersed knowledge into a probability
A14,B01,C15,1,2,2,EU Accessibility Act in force for SME digital services (28 Jun 2025) || SMEs answer many differently-worded sustainability requests from banks/customers || Pharmacovigilance: tiny signals from many reports detect rare problems early
A14,B02,C01,1,3,3,EU Accessibility Act in force for SME digital services (28 Jun 2025) || Energy cost is a major barrier for ~50% of EU firms; SMEs under-invest in efficiency || Airline yield management: price changes by demand minute to minute
A14,B02,C02,1,3,3,"EU Accessibility Act in force for SME digital services (28 Jun 2025) || Energy cost is a major barrier for ~50% of EU firms; SMEs under-invest in efficiency || Chess/Elo rating: ranking from pairwise outcomes, no absolute measure needed"
A14,B02,C03,0,3,0,EU Accessibility Act in force for SME digital services (28 Jun 2025) || Energy cost is a major barrier for ~50% of EU firms; SMEs under-invest in efficiency || Blood-bank / organ matching: time-critical allocation of scarce perishable supply
A14,B02,C04,1,3,3,EU Accessibility Act in force for SME digital services (28 Jun 2025) || Energy cost is a major barrier for ~50% of EU firms; SMEs under-invest in efficiency || Reinsurance: pooling many small risks and selling slices to big capital
A14,B02,C05,0,3,0,EU Accessibility Act in force for SME digital services (28 Jun 2025) || Energy cost is a major barrier for ~50% of EU firms; SMEs under-invest in efficiency || Air-traffic control: live deconfliction of many actors in shared space
A14,B02,C06,1,3,3,EU Accessibility Act in force for SME digital services (28 Jun 2025) || Energy cost is a major barrier for ~50% of EU firms; SMEs under-invest in efficiency || Spotify royalties: tiny usage events settled into automatic payouts
A14,B02,C07,0,3,0,EU Accessibility Act in force for SME digital services (28 Jun 2025) || Energy cost is a major barrier for ~50% of EU firms; SMEs under-invest in efficiency || Carfax-style history report built from many third-party events
A14,B02,C08,0,3,0,EU Accessibility Act in force for SME digital services (28 Jun 2025) || Energy cost is a major barrier for ~50% of EU firms; SMEs under-invest in efficiency || Ant colony / stigmergy: coordination through traces left in the environment
A14,B02,C09,0,3,0,EU Accessibility Act in force for SME digital services (28 Jun 2025) || Energy cost is a major barrier for ~50% of EU firms; SMEs under-invest in efficiency || Clinical triage: route cases by urgency with a short standard question set
A14,B02,C10,1,3,3,EU Accessibility Act in force for SME digital services (28 Jun 2025) || Energy cost is a major barrier for ~50% of EU firms; SMEs under-invest in efficiency || Futures market: sell next season's output today to lock a price
A14,B02,C11,0,3,0,"EU Accessibility Act in force for SME digital services (28 Jun 2025) || Energy cost is a major barrier for ~50% of EU firms; SMEs under-invest in efficiency || Container shipping standard (TEU): one box fits every ship, truck, crane"
A14,B02,C12,1,3,3,EU Accessibility Act in force for SME digital services (28 Jun 2025) || Energy cost is a major barrier for ~50% of EU firms; SMEs under-invest in efficiency || Speedrun/leaderboard gaming: public live competition drives behaviour
A14,B02,C13,2,3,6,EU Accessibility Act in force for SME digital services (28 Jun 2025) || Energy cost is a major barrier for ~50% of EU firms; SMEs under-invest in efficiency || Tontine / rotating savings club (ROSCA): members fund each other in turn
A14,B02,C14,1,3,3,EU Accessibility Act in force for SME digital services (28 Jun 2025) || Energy cost is a major barrier for ~50% of EU firms; SMEs under-invest in efficiency || Prediction market: price aggregates dispersed knowledge into a probability
A14,B02,C15,0,3,0,EU Accessibility Act in force for SME digital services (28 Jun 2025) || Energy cost is a major barrier for ~50% of EU firms; SMEs under-invest in efficiency || Pharmacovigilance: tiny signals from many reports detect rare problems early
A14,B03,C01,1,3,3,EU Accessibility Act in force for SME digital services (28 Jun 2025) || Late payment: ~50% of EU invoices paid late; SMEs hit hardest || Airline yield management: price changes by demand minute to minute
A14,B03,C02,1,3,3,"EU Accessibility Act in force for SME digital services (28 Jun 2025) || Late payment: ~50% of EU invoices paid late; SMEs hit hardest || Chess/Elo rating: ranking from pairwise outcomes, no absolute measure needed"
A14,B03,C03,0,3,0,EU Accessibility Act in force for SME digital services (28 Jun 2025) || Late payment: ~50% of EU invoices paid late; SMEs hit hardest || Blood-bank / organ matching: time-critical allocation of scarce perishable supply
A14,B03,C04,1,2,2,EU Accessibility Act in force for SME digital services (28 Jun 2025) || Late payment: ~50% of EU invoices paid late; SMEs hit hardest || Reinsurance: pooling many small risks and selling slices to big capital
A14,B03,C05,0,3,0,EU Accessibility Act in force for SME digital services (28 Jun 2025) || Late payment: ~50% of EU invoices paid late; SMEs hit hardest || Air-traffic control: live deconfliction of many actors in shared space
A14,B03,C06,1,3,3,EU Accessibility Act in force for SME digital services (28 Jun 2025) || Late payment: ~50% of EU invoices paid late; SMEs hit hardest || Spotify royalties: tiny usage events settled into automatic payouts
A14,B03,C07,0,3,0,EU Accessibility Act in force for SME digital services (28 Jun 2025) || Late payment: ~50% of EU invoices paid late; SMEs hit hardest || Carfax-style history report built from many third-party events
A14,B03,C08,0,3,0,EU Accessibility Act in force for SME digital services (28 Jun 2025) || Late payment: ~50% of EU invoices paid late; SMEs hit hardest || Ant colony / stigmergy: coordination through traces left in the environment
A14,B03,C09,0,3,0,EU Accessibility Act in force for SME digital services (28 Jun 2025) || Late payment: ~50% of EU invoices paid late; SMEs hit hardest || Clinical triage: route cases by urgency with a short standard question set
A14,B03,C10,1,2,2,EU Accessibility Act in force for SME digital services (28 Jun 2025) || Late payment: ~50% of EU invoices paid late; SMEs hit hardest || Futures market: sell next season's output today to lock a price
A14,B03,C11,0,3,0,"EU Accessibility Act in force for SME digital services (28 Jun 2025) || Late payment: ~50% of EU invoices paid late; SMEs hit hardest || Container shipping standard (TEU): one box fits every ship, truck, crane"
A14,B03,C12,1,3,3,EU Accessibility Act in force for SME digital services (28 Jun 2025) || Late payment: ~50% of EU invoices paid late; SMEs hit hardest || Speedrun/leaderboard gaming: public live competition drives behaviour
A14,B03,C13,2,2,4,EU Accessibility Act in force for SME digital services (28 Jun 2025) || Late payment: ~50% of EU invoices paid late; SMEs hit hardest || Tontine / rotating savings club (ROSCA): members fund each other in turn
A14,B03,C14,1,2,2,EU Accessibility Act in force for SME digital services (28 Jun 2025) || Late payment: ~50% of EU invoices paid late; SMEs hit hardest || Prediction market: price aggregates dispersed knowledge into a probability
A14,B03,C15,0,3,0,EU Accessibility Act in force for SME digital services (28 Jun 2025) || Late payment: ~50% of EU invoices paid late; SMEs hit hardest || Pharmacovigilance: tiny signals from many reports detect rare problems early
A14,B04,C01,0,3,0,"EU Accessibility Act in force for SME digital services (28 Jun 2025) || Cyprus water scarcity: desalination dependence, reservoirs below 20% (2025) || Airline yield management: price changes by demand minute to minute"
A14,B04,C02,1,3,3,"EU Accessibility Act in force for SME digital services (28 Jun 2025) || Cyprus water scarcity: desalination dependence, reservoirs below 20% (2025) || Chess/Elo rating: ranking from pairwise outcomes, no absolute measure needed"
A14,B04,C03,0,3,0,"EU Accessibility Act in force for SME digital services (28 Jun 2025) || Cyprus water scarcity: desalination dependence, reservoirs below 20% (2025) || Blood-bank / organ matching: time-critical allocation of scarce perishable supply"
A14,B04,C04,0,3,0,"EU Accessibility Act in force for SME digital services (28 Jun 2025) || Cyprus water scarcity: desalination dependence, reservoirs below 20% (2025) || Reinsurance: pooling many small risks and selling slices to big capital"
A14,B04,C05,1,3,3,"EU Accessibility Act in force for SME digital services (28 Jun 2025) || Cyprus water scarcity: desalination dependence, reservoirs below 20% (2025) || Air-traffic control: live deconfliction of many actors in shared space"
A14,B04,C06,0,3,0,"EU Accessibility Act in force for SME digital services (28 Jun 2025) || Cyprus water scarcity: desalination dependence, reservoirs below 20% (2025) || Spotify royalties: tiny usage events settled into automatic payouts"
A14,B04,C07,0,3,0,"EU Accessibility Act in force for SME digital services (28 Jun 2025) || Cyprus water scarcity: desalination dependence, reservoirs below 20% (2025) || Carfax-style history report built from many third-party events"
A14,B04,C08,1,3,3,"EU Accessibility Act in force for SME digital services (28 Jun 2025) || Cyprus water scarcity: desalination dependence, reservoirs below 20% (2025) || Ant colony / stigmergy: coordination through traces left in the environment"
A14,B04,C09,0,3,0,"EU Accessibility Act in force for SME digital services (28 Jun 2025) || Cyprus water scarcity: desalination dependence, reservoirs below 20% (2025) || Clinical triage: route cases by urgency with a short standard question set"
A14,B04,C10,1,3,3,"EU Accessibility Act in force for SME digital services (28 Jun 2025) || Cyprus water scarcity: desalination dependence, reservoirs below 20% (2025) || Futures market: sell next season's output today to lock a price"
A14,B04,C11,0,3,0,"EU Accessibility Act in force for SME digital services (28 Jun 2025) || Cyprus water scarcity: desalination dependence, reservoirs below 20% (2025) || Container shipping standard (TEU): one box fits every ship, truck, crane"
A14,B04,C12,1,3,3,"EU Accessibility Act in force for SME digital services (28 Jun 2025) || Cyprus water scarcity: desalination dependence, reservoirs below 20% (2025) || Speedrun/leaderboard gaming: public live competition drives behaviour"
A14,B04,C13,0,3,0,"EU Accessibility Act in force for SME digital services (28 Jun 2025) || Cyprus water scarcity: desalination dependence, reservoirs below 20% (2025) || Tontine / rotating savings club (ROSCA): members fund each other in turn"
A14,B04,C14,0,3,0,"EU Accessibility Act in force for SME digital services (28 Jun 2025) || Cyprus water scarcity: desalination dependence, reservoirs below 20% (2025) || Prediction market: price aggregates dispersed knowledge into a probability"
A14,B04,C15,0,3,0,"EU Accessibility Act in force for SME digital services (28 Jun 2025) || Cyprus water scarcity: desalination dependence, reservoirs below 20% (2025) || Pharmacovigilance: tiny signals from many reports detect rare problems early"
A14,B05,C01,3,3,9,EU Accessibility Act in force for SME digital services (28 Jun 2025) || Tourism seasonality: Cyprus hotels/staff idle half the year || Airline yield management: price changes by demand minute to minute
A14,B05,C02,2,3,6,"EU Accessibility Act in force for SME digital services (28 Jun 2025) || Tourism seasonality: Cyprus hotels/staff idle half the year || Chess/Elo rating: ranking from pairwise outcomes, no absolute measure needed"
A14,B05,C03,2,3,6,EU Accessibility Act in force for SME digital services (28 Jun 2025) || Tourism seasonality: Cyprus hotels/staff idle half the year || Blood-bank / organ matching: time-critical allocation of scarce perishable supply
A14,B05,C04,1,3,3,EU Accessibility Act in force for SME digital services (28 Jun 2025) || Tourism seasonality: Cyprus hotels/staff idle half the year || Reinsurance: pooling many small risks and selling slices to big capital
A14,B05,C05,2,3,6,EU Accessibility Act in force for SME digital services (28 Jun 2025) || Tourism seasonality: Cyprus hotels/staff idle half the year || Air-traffic control: live deconfliction of many actors in shared space
A14,B05,C06,2,3,6,EU Accessibility Act in force for SME digital services (28 Jun 2025) || Tourism seasonality: Cyprus hotels/staff idle half the year || Spotify royalties: tiny usage events settled into automatic payouts
A14,B05,C07,1,3,3,EU Accessibility Act in force for SME digital services (28 Jun 2025) || Tourism seasonality: Cyprus hotels/staff idle half the year || Carfax-style history report built from many third-party events
A14,B05,C08,2,3,6,EU Accessibility Act in force for SME digital services (28 Jun 2025) || Tourism seasonality: Cyprus hotels/staff idle half the year || Ant colony / stigmergy: coordination through traces left in the environment
A14,B05,C09,1,3,3,EU Accessibility Act in force for SME digital services (28 Jun 2025) || Tourism seasonality: Cyprus hotels/staff idle half the year || Clinical triage: route cases by urgency with a short standard question set
A14,B05,C10,2,3,6,EU Accessibility Act in force for SME digital services (28 Jun 2025) || Tourism seasonality: Cyprus hotels/staff idle half the year || Futures market: sell next season's output today to lock a price
A14,B05,C11,1,3,3,"EU Accessibility Act in force for SME digital services (28 Jun 2025) || Tourism seasonality: Cyprus hotels/staff idle half the year || Container shipping standard (TEU): one box fits every ship, truck, crane"
A14,B05,C12,4,3,12,EU Accessibility Act in force for SME digital services (28 Jun 2025) || Tourism seasonality: Cyprus hotels/staff idle half the year || Speedrun/leaderboard gaming: public live competition drives behaviour
A14,B05,C13,2,3,6,EU Accessibility Act in force for SME digital services (28 Jun 2025) || Tourism seasonality: Cyprus hotels/staff idle half the year || Tontine / rotating savings club (ROSCA): members fund each other in turn
A14,B05,C14,2,3,6,EU Accessibility Act in force for SME digital services (28 Jun 2025) || Tourism seasonality: Cyprus hotels/staff idle half the year || Prediction market: price aggregates dispersed knowledge into a probability
A14,B05,C15,1,3,3,EU Accessibility Act in force for SME digital services (28 Jun 2025) || Tourism seasonality: Cyprus hotels/staff idle half the year || Pharmacovigilance: tiny signals from many reports detect rare problems early
A14,B06,C01,1,2,2,EU Accessibility Act in force for SME digital services (28 Jun 2025) || Red tape: EU SMEs cite administrative burden as top obstacle (Eurobarometer 2023) || Airline yield management: price changes by demand minute to minute
A14,B06,C02,2,2,4,"EU Accessibility Act in force for SME digital services (28 Jun 2025) || Red tape: EU SMEs cite administrative burden as top obstacle (Eurobarometer 2023) || Chess/Elo rating: ranking from pairwise outcomes, no absolute measure needed"
A14,B06,C03,1,2,2,EU Accessibility Act in force for SME digital services (28 Jun 2025) || Red tape: EU SMEs cite administrative burden as top obstacle (Eurobarometer 2023) || Blood-bank / organ matching: time-critical allocation of scarce perishable supply
A14,B06,C04,1,2,2,EU Accessibility Act in force for SME digital services (28 Jun 2025) || Red tape: EU SMEs cite administrative burden as top obstacle (Eurobarometer 2023) || Reinsurance: pooling many small risks and selling slices to big capital
A14,B06,C05,1,2,2,EU Accessibility Act in force for SME digital services (28 Jun 2025) || Red tape: EU SMEs cite administrative burden as top obstacle (Eurobarometer 2023) || Air-traffic control: live deconfliction of many actors in shared space
A14,B06,C06,1,2,2,EU Accessibility Act in force for SME digital services (28 Jun 2025) || Red tape: EU SMEs cite administrative burden as top obstacle (Eurobarometer 2023) || Spotify royalties: tiny usage events settled into automatic payouts
A14,B06,C07,1,2,2,EU Accessibility Act in force for SME digital services (28 Jun 2025) || Red tape: EU SMEs cite administrative burden as top obstacle (Eurobarometer 2023) || Carfax-style history report built from many third-party events
A14,B06,C08,1,2,2,EU Accessibility Act in force for SME digital services (28 Jun 2025) || Red tape: EU SMEs cite administrative burden as top obstacle (Eurobarometer 2023) || Ant colony / stigmergy: coordination through traces left in the environment
A14,B06,C09,2,2,4,EU Accessibility Act in force for SME digital services (28 Jun 2025) || Red tape: EU SMEs cite administrative burden as top obstacle (Eurobarometer 2023) || Clinical triage: route cases by urgency with a short standard question set
A14,B06,C10,1,2,2,EU Accessibility Act in force for SME digital services (28 Jun 2025) || Red tape: EU SMEs cite administrative burden as top obstacle (Eurobarometer 2023) || Futures market: sell next season's output today to lock a price
A14,B06,C11,2,2,4,"EU Accessibility Act in force for SME digital services (28 Jun 2025) || Red tape: EU SMEs cite administrative burden as top obstacle (Eurobarometer 2023) || Container shipping standard (TEU): one box fits every ship, truck, crane"
A14,B06,C12,2,2,4,EU Accessibility Act in force for SME digital services (28 Jun 2025) || Red tape: EU SMEs cite administrative burden as top obstacle (Eurobarometer 2023) || Speedrun/leaderboard gaming: public live competition drives behaviour
A14,B06,C13,1,2,2,EU Accessibility Act in force for SME digital services (28 Jun 2025) || Red tape: EU SMEs cite administrative burden as top obstacle (Eurobarometer 2023) || Tontine / rotating savings club (ROSCA): members fund each other in turn
A14,B06,C14,1,2,2,EU Accessibility Act in force for SME digital services (28 Jun 2025) || Red tape: EU SMEs cite administrative burden as top obstacle (Eurobarometer 2023) || Prediction market: price aggregates dispersed knowledge into a probability
A14,B06,C15,1,2,2,EU Accessibility Act in force for SME digital services (28 Jun 2025) || Red tape: EU SMEs cite administrative burden as top obstacle (Eurobarometer 2023) || Pharmacovigilance: tiny signals from many reports detect rare problems early
A14,B07,C01,0,3,0,EU Accessibility Act in force for SME digital services (28 Jun 2025) || Farmers lose crops to heat/drought with slow or no insurance payout || Airline yield management: price changes by demand minute to minute
A14,B07,C02,1,3,3,"EU Accessibility Act in force for SME digital services (28 Jun 2025) || Farmers lose crops to heat/drought with slow or no insurance payout || Chess/Elo rating: ranking from pairwise outcomes, no absolute measure needed"
A14,B07,C03,0,3,0,EU Accessibility Act in force for SME digital services (28 Jun 2025) || Farmers lose crops to heat/drought with slow or no insurance payout || Blood-bank / organ matching: time-critical allocation of scarce perishable supply
A14,B07,C04,1,3,3,EU Accessibility Act in force for SME digital services (28 Jun 2025) || Farmers lose crops to heat/drought with slow or no insurance payout || Reinsurance: pooling many small risks and selling slices to big capital
A14,B07,C05,0,3,0,EU Accessibility Act in force for SME digital services (28 Jun 2025) || Farmers lose crops to heat/drought with slow or no insurance payout || Air-traffic control: live deconfliction of many actors in shared space
A14,B07,C06,0,3,0,EU Accessibility Act in force for SME digital services (28 Jun 2025) || Farmers lose crops to heat/drought with slow or no insurance payout || Spotify royalties: tiny usage events settled into automatic payouts
A14,B07,C07,0,3,0,EU Accessibility Act in force for SME digital services (28 Jun 2025) || Farmers lose crops to heat/drought with slow or no insurance payout || Carfax-style history report built from many third-party events
A14,B07,C08,0,2,0,EU Accessibility Act in force for SME digital services (28 Jun 2025) || Farmers lose crops to heat/drought with slow or no insurance payout || Ant colony / stigmergy: coordination through traces left in the environment
A14,B07,C09,0,3,0,EU Accessibility Act in force for SME digital services (28 Jun 2025) || Farmers lose crops to heat/drought with slow or no insurance payout || Clinical triage: route cases by urgency with a short standard question set
A14,B07,C10,1,3,3,EU Accessibility Act in force for SME digital services (28 Jun 2025) || Farmers lose crops to heat/drought with slow or no insurance payout || Futures market: sell next season's output today to lock a price
A14,B07,C11,0,3,0,"EU Accessibility Act in force for SME digital services (28 Jun 2025) || Farmers lose crops to heat/drought with slow or no insurance payout || Container shipping standard (TEU): one box fits every ship, truck, crane"
A14,B07,C12,1,3,3,EU Accessibility Act in force for SME digital services (28 Jun 2025) || Farmers lose crops to heat/drought with slow or no insurance payout || Speedrun/leaderboard gaming: public live competition drives behaviour
A14,B07,C13,0,3,0,EU Accessibility Act in force for SME digital services (28 Jun 2025) || Farmers lose crops to heat/drought with slow or no insurance payout || Tontine / rotating savings club (ROSCA): members fund each other in turn
A14,B07,C14,0,3,0,EU Accessibility Act in force for SME digital services (28 Jun 2025) || Farmers lose crops to heat/drought with slow or no insurance payout || Prediction market: price aggregates dispersed knowledge into a probability
A14,B07,C15,0,3,0,EU Accessibility Act in force for SME digital services (28 Jun 2025) || Farmers lose crops to heat/drought with slow or no insurance payout || Pharmacovigilance: tiny signals from many reports detect rare problems early
A14,B08,C01,1,3,3,"EU Accessibility Act in force for SME digital services (28 Jun 2025) || Food waste: ~130 kg per EU citizen/year, retail+hospitality large share || Airline yield management: price changes by demand minute to minute"
A14,B08,C02,2,3,6,"EU Accessibility Act in force for SME digital services (28 Jun 2025) || Food waste: ~130 kg per EU citizen/year, retail+hospitality large share || Chess/Elo rating: ranking from pairwise outcomes, no absolute measure needed"
A14,B08,C03,2,3,6,"EU Accessibility Act in force for SME digital services (28 Jun 2025) || Food waste: ~130 kg per EU citizen/year, retail+hospitality large share || Blood-bank / organ matching: time-critical allocation of scarce perishable supply"
A14,B08,C04,1,3,3,"EU Accessibility Act in force for SME digital services (28 Jun 2025) || Food waste: ~130 kg per EU citizen/year, retail+hospitality large share || Reinsurance: pooling many small risks and selling slices to big capital"
A14,B08,C05,1,3,3,"EU Accessibility Act in force for SME digital services (28 Jun 2025) || Food waste: ~130 kg per EU citizen/year, retail+hospitality large share || Air-traffic control: live deconfliction of many actors in shared space"
A14,B08,C06,1,3,3,"EU Accessibility Act in force for SME digital services (28 Jun 2025) || Food waste: ~130 kg per EU citizen/year, retail+hospitality large share || Spotify royalties: tiny usage events settled into automatic payouts"
A14,B08,C07,2,3,6,"EU Accessibility Act in force for SME digital services (28 Jun 2025) || Food waste: ~130 kg per EU citizen/year, retail+hospitality large share || Carfax-style history report built from many third-party events"
A14,B08,C08,1,3,3,"EU Accessibility Act in force for SME digital services (28 Jun 2025) || Food waste: ~130 kg per EU citizen/year, retail+hospitality large share || Ant colony / stigmergy: coordination through traces left in the environment"
A14,B08,C09,1,3,3,"EU Accessibility Act in force for SME digital services (28 Jun 2025) || Food waste: ~130 kg per EU citizen/year, retail+hospitality large share || Clinical triage: route cases by urgency with a short standard question set"
A14,B08,C10,1,3,3,"EU Accessibility Act in force for SME digital services (28 Jun 2025) || Food waste: ~130 kg per EU citizen/year, retail+hospitality large share || Futures market: sell next season's output today to lock a price"
A14,B08,C11,1,3,3,"EU Accessibility Act in force for SME digital services (28 Jun 2025) || Food waste: ~130 kg per EU citizen/year, retail+hospitality large share || Container shipping standard (TEU): one box fits every ship, truck, crane"
A14,B08,C12,3,3,9,"EU Accessibility Act in force for SME digital services (28 Jun 2025) || Food waste: ~130 kg per EU citizen/year, retail+hospitality large share || Speedrun/leaderboard gaming: public live competition drives behaviour"
A14,B08,C13,1,3,3,"EU Accessibility Act in force for SME digital services (28 Jun 2025) || Food waste: ~130 kg per EU citizen/year, retail+hospitality large share || Tontine / rotating savings club (ROSCA): members fund each other in turn"
A14,B08,C14,1,3,3,"EU Accessibility Act in force for SME digital services (28 Jun 2025) || Food waste: ~130 kg per EU citizen/year, retail+hospitality large share || Prediction market: price aggregates dispersed knowledge into a probability"
A14,B08,C15,1,3,3,"EU Accessibility Act in force for SME digital services (28 Jun 2025) || Food waste: ~130 kg per EU citizen/year, retail+hospitality large share || Pharmacovigilance: tiny signals from many reports detect rare problems early"
A14,B09,C01,1,3,3,EU Accessibility Act in force for SME digital services (28 Jun 2025) || Island grid curtailment: Cyprus wastes solar output at midday (no interconnector) || Airline yield management: price changes by demand minute to minute
A14,B09,C02,1,3,3,"EU Accessibility Act in force for SME digital services (28 Jun 2025) || Island grid curtailment: Cyprus wastes solar output at midday (no interconnector) || Chess/Elo rating: ranking from pairwise outcomes, no absolute measure needed"
A14,B09,C03,1,3,3,EU Accessibility Act in force for SME digital services (28 Jun 2025) || Island grid curtailment: Cyprus wastes solar output at midday (no interconnector) || Blood-bank / organ matching: time-critical allocation of scarce perishable supply
A14,B09,C04,0,3,0,EU Accessibility Act in force for SME digital services (28 Jun 2025) || Island grid curtailment: Cyprus wastes solar output at midday (no interconnector) || Reinsurance: pooling many small risks and selling slices to big capital
A14,B09,C05,2,3,6,EU Accessibility Act in force for SME digital services (28 Jun 2025) || Island grid curtailment: Cyprus wastes solar output at midday (no interconnector) || Air-traffic control: live deconfliction of many actors in shared space
A14,B09,C06,0,3,0,EU Accessibility Act in force for SME digital services (28 Jun 2025) || Island grid curtailment: Cyprus wastes solar output at midday (no interconnector) || Spotify royalties: tiny usage events settled into automatic payouts
A14,B09,C07,0,3,0,EU Accessibility Act in force for SME digital services (28 Jun 2025) || Island grid curtailment: Cyprus wastes solar output at midday (no interconnector) || Carfax-style history report built from many third-party events
A14,B09,C08,2,3,6,EU Accessibility Act in force for SME digital services (28 Jun 2025) || Island grid curtailment: Cyprus wastes solar output at midday (no interconnector) || Ant colony / stigmergy: coordination through traces left in the environment
A14,B09,C09,0,3,0,EU Accessibility Act in force for SME digital services (28 Jun 2025) || Island grid curtailment: Cyprus wastes solar output at midday (no interconnector) || Clinical triage: route cases by urgency with a short standard question set
A14,B09,C10,0,3,0,EU Accessibility Act in force for SME digital services (28 Jun 2025) || Island grid curtailment: Cyprus wastes solar output at midday (no interconnector) || Futures market: sell next season's output today to lock a price
A14,B09,C11,0,3,0,"EU Accessibility Act in force for SME digital services (28 Jun 2025) || Island grid curtailment: Cyprus wastes solar output at midday (no interconnector) || Container shipping standard (TEU): one box fits every ship, truck, crane"
A14,B09,C12,2,3,6,EU Accessibility Act in force for SME digital services (28 Jun 2025) || Island grid curtailment: Cyprus wastes solar output at midday (no interconnector) || Speedrun/leaderboard gaming: public live competition drives behaviour
A14,B09,C13,0,3,0,EU Accessibility Act in force for SME digital services (28 Jun 2025) || Island grid curtailment: Cyprus wastes solar output at midday (no interconnector) || Tontine / rotating savings club (ROSCA): members fund each other in turn
A14,B09,C14,0,3,0,EU Accessibility Act in force for SME digital services (28 Jun 2025) || Island grid curtailment: Cyprus wastes solar output at midday (no interconnector) || Prediction market: price aggregates dispersed knowledge into a probability
A14,B09,C15,0,3,0,EU Accessibility Act in force for SME digital services (28 Jun 2025) || Island grid curtailment: Cyprus wastes solar output at midday (no interconnector) || Pharmacovigilance: tiny signals from many reports detect rare problems early
A14,B10,C01,1,3,3,"EU Accessibility Act in force for SME digital services (28 Jun 2025) || SMEs can't get credit: thin files, no collateral (SAFE survey) || Airline yield management: price changes by demand minute to minute"
A14,B10,C02,4,3,12,"EU Accessibility Act in force for SME digital services (28 Jun 2025) || SMEs can't get credit: thin files, no collateral (SAFE survey) || Chess/Elo rating: ranking from pairwise outcomes, no absolute measure needed"
A14,B10,C03,1,3,3,"EU Accessibility Act in force for SME digital services (28 Jun 2025) || SMEs can't get credit: thin files, no collateral (SAFE survey) || Blood-bank / organ matching: time-critical allocation of scarce perishable supply"
A14,B10,C04,2,2,4,"EU Accessibility Act in force for SME digital services (28 Jun 2025) || SMEs can't get credit: thin files, no collateral (SAFE survey) || Reinsurance: pooling many small risks and selling slices to big capital"
A14,B10,C05,1,3,3,"EU Accessibility Act in force for SME digital services (28 Jun 2025) || SMEs can't get credit: thin files, no collateral (SAFE survey) || Air-traffic control: live deconfliction of many actors in shared space"
A14,B10,C06,2,3,6,"EU Accessibility Act in force for SME digital services (28 Jun 2025) || SMEs can't get credit: thin files, no collateral (SAFE survey) || Spotify royalties: tiny usage events settled into automatic payouts"
A14,B10,C07,2,3,6,"EU Accessibility Act in force for SME digital services (28 Jun 2025) || SMEs can't get credit: thin files, no collateral (SAFE survey) || Carfax-style history report built from many third-party events"
A14,B10,C08,1,3,3,"EU Accessibility Act in force for SME digital services (28 Jun 2025) || SMEs can't get credit: thin files, no collateral (SAFE survey) || Ant colony / stigmergy: coordination through traces left in the environment"
A14,B10,C09,1,3,3,"EU Accessibility Act in force for SME digital services (28 Jun 2025) || SMEs can't get credit: thin files, no collateral (SAFE survey) || Clinical triage: route cases by urgency with a short standard question set"
A14,B10,C10,1,2,2,"EU Accessibility Act in force for SME digital services (28 Jun 2025) || SMEs can't get credit: thin files, no collateral (SAFE survey) || Futures market: sell next season's output today to lock a price"
A14,B10,C11,2,3,6,"EU Accessibility Act in force for SME digital services (28 Jun 2025) || SMEs can't get credit: thin files, no collateral (SAFE survey) || Container shipping standard (TEU): one box fits every ship, truck, crane"
A14,B10,C12,2,3,6,"EU Accessibility Act in force for SME digital services (28 Jun 2025) || SMEs can't get credit: thin files, no collateral (SAFE survey) || Speedrun/leaderboard gaming: public live competition drives behaviour"
A14,B10,C13,2,2,4,"EU Accessibility Act in force for SME digital services (28 Jun 2025) || SMEs can't get credit: thin files, no collateral (SAFE survey) || Tontine / rotating savings club (ROSCA): members fund each other in turn"
A14,B10,C14,2,2,4,"EU Accessibility Act in force for SME digital services (28 Jun 2025) || SMEs can't get credit: thin files, no collateral (SAFE survey) || Prediction market: price aggregates dispersed knowledge into a probability"
A14,B10,C15,2,3,6,"EU Accessibility Act in force for SME digital services (28 Jun 2025) || SMEs can't get credit: thin files, no collateral (SAFE survey) || Pharmacovigilance: tiny signals from many reports detect rare problems early"
A14,B11,C01,0,3,0,"EU Accessibility Act in force for SME digital services (28 Jun 2025) || Used goods and repairs lack trusted history, so resale value collapses || Airline yield management: price changes by demand minute to minute"
A14,B11,C02,2,3,6,"EU Accessibility Act in force for SME digital services (28 Jun 2025) || Used goods and repairs lack trusted history, so resale value collapses || Chess/Elo rating: ranking from pairwise outcomes, no absolute measure needed"
A14,B11,C03,1,3,3,"EU Accessibility Act in force for SME digital services (28 Jun 2025) || Used goods and repairs lack trusted history, so resale value collapses || Blood-bank / organ matching: time-critical allocation of scarce perishable supply"
A14,B11,C04,0,3,0,"EU Accessibility Act in force for SME digital services (28 Jun 2025) || Used goods and repairs lack trusted history, so resale value collapses || Reinsurance: pooling many small risks and selling slices to big capital"
A14,B11,C05,0,3,0,"EU Accessibility Act in force for SME digital services (28 Jun 2025) || Used goods and repairs lack trusted history, so resale value collapses || Air-traffic control: live deconfliction of many actors in shared space"
A14,B11,C06,1,3,3,"EU Accessibility Act in force for SME digital services (28 Jun 2025) || Used goods and repairs lack trusted history, so resale value collapses || Spotify royalties: tiny usage events settled into automatic payouts"
A14,B11,C07,2,3,6,"EU Accessibility Act in force for SME digital services (28 Jun 2025) || Used goods and repairs lack trusted history, so resale value collapses || Carfax-style history report built from many third-party events"
A14,B11,C08,0,3,0,"EU Accessibility Act in force for SME digital services (28 Jun 2025) || Used goods and repairs lack trusted history, so resale value collapses || Ant colony / stigmergy: coordination through traces left in the environment"
A14,B11,C09,0,3,0,"EU Accessibility Act in force for SME digital services (28 Jun 2025) || Used goods and repairs lack trusted history, so resale value collapses || Clinical triage: route cases by urgency with a short standard question set"
A14,B11,C10,0,3,0,"EU Accessibility Act in force for SME digital services (28 Jun 2025) || Used goods and repairs lack trusted history, so resale value collapses || Futures market: sell next season's output today to lock a price"
A14,B11,C11,2,3,6,"EU Accessibility Act in force for SME digital services (28 Jun 2025) || Used goods and repairs lack trusted history, so resale value collapses || Container shipping standard (TEU): one box fits every ship, truck, crane"
A14,B11,C12,1,3,3,"EU Accessibility Act in force for SME digital services (28 Jun 2025) || Used goods and repairs lack trusted history, so resale value collapses || Speedrun/leaderboard gaming: public live competition drives behaviour"
A14,B11,C13,0,3,0,"EU Accessibility Act in force for SME digital services (28 Jun 2025) || Used goods and repairs lack trusted history, so resale value collapses || Tontine / rotating savings club (ROSCA): members fund each other in turn"
A14,B11,C14,1,3,3,"EU Accessibility Act in force for SME digital services (28 Jun 2025) || Used goods and repairs lack trusted history, so resale value collapses || Prediction market: price aggregates dispersed knowledge into a probability"
A14,B11,C15,1,3,3,"EU Accessibility Act in force for SME digital services (28 Jun 2025) || Used goods and repairs lack trusted history, so resale value collapses || Pharmacovigilance: tiny signals from many reports detect rare problems early"
A14,B12,C01,2,3,6,"EU Accessibility Act in force for SME digital services (28 Jun 2025) || Staff shortages in hospitality/care; workers paid late, shifts unfilled || Airline yield management: price changes by demand minute to minute"
A14,B12,C02,1,3,3,"EU Accessibility Act in force for SME digital services (28 Jun 2025) || Staff shortages in hospitality/care; workers paid late, shifts unfilled || Chess/Elo rating: ranking from pairwise outcomes, no absolute measure needed"
A14,B12,C03,1,3,3,"EU Accessibility Act in force for SME digital services (28 Jun 2025) || Staff shortages in hospitality/care; workers paid late, shifts unfilled || Blood-bank / organ matching: time-critical allocation of scarce perishable supply"
A14,B12,C04,0,3,0,"EU Accessibility Act in force for SME digital services (28 Jun 2025) || Staff shortages in hospitality/care; workers paid late, shifts unfilled || Reinsurance: pooling many small risks and selling slices to big capital"
A14,B12,C05,1,3,3,"EU Accessibility Act in force for SME digital services (28 Jun 2025) || Staff shortages in hospitality/care; workers paid late, shifts unfilled || Air-traffic control: live deconfliction of many actors in shared space"
A14,B12,C06,1,3,3,"EU Accessibility Act in force for SME digital services (28 Jun 2025) || Staff shortages in hospitality/care; workers paid late, shifts unfilled || Spotify royalties: tiny usage events settled into automatic payouts"
A14,B12,C07,0,3,0,"EU Accessibility Act in force for SME digital services (28 Jun 2025) || Staff shortages in hospitality/care; workers paid late, shifts unfilled || Carfax-style history report built from many third-party events"
A14,B12,C08,1,3,3,"EU Accessibility Act in force for SME digital services (28 Jun 2025) || Staff shortages in hospitality/care; workers paid late, shifts unfilled || Ant colony / stigmergy: coordination through traces left in the environment"
A14,B12,C09,1,3,3,"EU Accessibility Act in force for SME digital services (28 Jun 2025) || Staff shortages in hospitality/care; workers paid late, shifts unfilled || Clinical triage: route cases by urgency with a short standard question set"
A14,B12,C10,1,3,3,"EU Accessibility Act in force for SME digital services (28 Jun 2025) || Staff shortages in hospitality/care; workers paid late, shifts unfilled || Futures market: sell next season's output today to lock a price"
A14,B12,C11,0,3,0,"EU Accessibility Act in force for SME digital services (28 Jun 2025) || Staff shortages in hospitality/care; workers paid late, shifts unfilled || Container shipping standard (TEU): one box fits every ship, truck, crane"
A14,B12,C12,2,3,6,"EU Accessibility Act in force for SME digital services (28 Jun 2025) || Staff shortages in hospitality/care; workers paid late, shifts unfilled || Speedrun/leaderboard gaming: public live competition drives behaviour"
A14,B12,C13,1,3,3,"EU Accessibility Act in force for SME digital services (28 Jun 2025) || Staff shortages in hospitality/care; workers paid late, shifts unfilled || Tontine / rotating savings club (ROSCA): members fund each other in turn"
A14,B12,C14,1,3,3,"EU Accessibility Act in force for SME digital services (28 Jun 2025) || Staff shortages in hospitality/care; workers paid late, shifts unfilled || Prediction market: price aggregates dispersed knowledge into a probability"
A14,B12,C15,1,3,3,"EU Accessibility Act in force for SME digital services (28 Jun 2025) || Staff shortages in hospitality/care; workers paid late, shifts unfilled || Pharmacovigilance: tiny signals from many reports detect rare problems early"
A14,B13,C01,2,2,4,EU Accessibility Act in force for SME digital services (28 Jun 2025) || Grant and subsidy money goes unclaimed; SMEs don't know or can't apply || Airline yield management: price changes by demand minute to minute
A14,B13,C02,4,2,8,"EU Accessibility Act in force for SME digital services (28 Jun 2025) || Grant and subsidy money goes unclaimed; SMEs don't know or can't apply || Chess/Elo rating: ranking from pairwise outcomes, no absolute measure needed"
A14,B13,C03,2,2,4,EU Accessibility Act in force for SME digital services (28 Jun 2025) || Grant and subsidy money goes unclaimed; SMEs don't know or can't apply || Blood-bank / organ matching: time-critical allocation of scarce perishable supply
A14,B13,C04,2,2,4,EU Accessibility Act in force for SME digital services (28 Jun 2025) || Grant and subsidy money goes unclaimed; SMEs don't know or can't apply || Reinsurance: pooling many small risks and selling slices to big capital
A14,B13,C05,2,2,4,EU Accessibility Act in force for SME digital services (28 Jun 2025) || Grant and subsidy money goes unclaimed; SMEs don't know or can't apply || Air-traffic control: live deconfliction of many actors in shared space
A14,B13,C06,2,2,4,EU Accessibility Act in force for SME digital services (28 Jun 2025) || Grant and subsidy money goes unclaimed; SMEs don't know or can't apply || Spotify royalties: tiny usage events settled into automatic payouts
A14,B13,C07,2,2,4,EU Accessibility Act in force for SME digital services (28 Jun 2025) || Grant and subsidy money goes unclaimed; SMEs don't know or can't apply || Carfax-style history report built from many third-party events
A14,B13,C08,2,2,4,EU Accessibility Act in force for SME digital services (28 Jun 2025) || Grant and subsidy money goes unclaimed; SMEs don't know or can't apply || Ant colony / stigmergy: coordination through traces left in the environment
A14,B13,C09,3,2,6,EU Accessibility Act in force for SME digital services (28 Jun 2025) || Grant and subsidy money goes unclaimed; SMEs don't know or can't apply || Clinical triage: route cases by urgency with a short standard question set
A14,B13,C10,2,2,4,EU Accessibility Act in force for SME digital services (28 Jun 2025) || Grant and subsidy money goes unclaimed; SMEs don't know or can't apply || Futures market: sell next season's output today to lock a price
A14,B13,C11,3,2,6,"EU Accessibility Act in force for SME digital services (28 Jun 2025) || Grant and subsidy money goes unclaimed; SMEs don't know or can't apply || Container shipping standard (TEU): one box fits every ship, truck, crane"
A14,B13,C12,3,2,6,EU Accessibility Act in force for SME digital services (28 Jun 2025) || Grant and subsidy money goes unclaimed; SMEs don't know or can't apply || Speedrun/leaderboard gaming: public live competition drives behaviour
A14,B13,C13,2,2,4,EU Accessibility Act in force for SME digital services (28 Jun 2025) || Grant and subsidy money goes unclaimed; SMEs don't know or can't apply || Tontine / rotating savings club (ROSCA): members fund each other in turn
A14,B13,C14,2,2,4,EU Accessibility Act in force for SME digital services (28 Jun 2025) || Grant and subsidy money goes unclaimed; SMEs don't know or can't apply || Prediction market: price aggregates dispersed knowledge into a probability
A14,B13,C15,2,2,4,EU Accessibility Act in force for SME digital services (28 Jun 2025) || Grant and subsidy money goes unclaimed; SMEs don't know or can't apply || Pharmacovigilance: tiny signals from many reports detect rare problems early
A14,B14,C01,0,3,0,"EU Accessibility Act in force for SME digital services (28 Jun 2025) || Heatwaves: buildings overheat, elderly and workers at risk (Cyprus 45C+) || Airline yield management: price changes by demand minute to minute"
A14,B14,C02,1,3,3,"EU Accessibility Act in force for SME digital services (28 Jun 2025) || Heatwaves: buildings overheat, elderly and workers at risk (Cyprus 45C+) || Chess/Elo rating: ranking from pairwise outcomes, no absolute measure needed"
A14,B14,C03,0,2,0,"EU Accessibility Act in force for SME digital services (28 Jun 2025) || Heatwaves: buildings overheat, elderly and workers at risk (Cyprus 45C+) || Blood-bank / organ matching: time-critical allocation of scarce perishable supply"
A14,B14,C04,1,3,3,"EU Accessibility Act in force for SME digital services (28 Jun 2025) || Heatwaves: buildings overheat, elderly and workers at risk (Cyprus 45C+) || Reinsurance: pooling many small risks and selling slices to big capital"
A14,B14,C05,1,3,3,"EU Accessibility Act in force for SME digital services (28 Jun 2025) || Heatwaves: buildings overheat, elderly and workers at risk (Cyprus 45C+) || Air-traffic control: live deconfliction of many actors in shared space"
A14,B14,C06,0,3,0,"EU Accessibility Act in force for SME digital services (28 Jun 2025) || Heatwaves: buildings overheat, elderly and workers at risk (Cyprus 45C+) || Spotify royalties: tiny usage events settled into automatic payouts"
A14,B14,C07,0,3,0,"EU Accessibility Act in force for SME digital services (28 Jun 2025) || Heatwaves: buildings overheat, elderly and workers at risk (Cyprus 45C+) || Carfax-style history report built from many third-party events"
A14,B14,C08,1,3,3,"EU Accessibility Act in force for SME digital services (28 Jun 2025) || Heatwaves: buildings overheat, elderly and workers at risk (Cyprus 45C+) || Ant colony / stigmergy: coordination through traces left in the environment"
A14,B14,C09,0,2,0,"EU Accessibility Act in force for SME digital services (28 Jun 2025) || Heatwaves: buildings overheat, elderly and workers at risk (Cyprus 45C+) || Clinical triage: route cases by urgency with a short standard question set"
A14,B14,C10,0,3,0,"EU Accessibility Act in force for SME digital services (28 Jun 2025) || Heatwaves: buildings overheat, elderly and workers at risk (Cyprus 45C+) || Futures market: sell next season's output today to lock a price"
A14,B14,C11,0,3,0,"EU Accessibility Act in force for SME digital services (28 Jun 2025) || Heatwaves: buildings overheat, elderly and workers at risk (Cyprus 45C+) || Container shipping standard (TEU): one box fits every ship, truck, crane"
A14,B14,C12,1,3,3,"EU Accessibility Act in force for SME digital services (28 Jun 2025) || Heatwaves: buildings overheat, elderly and workers at risk (Cyprus 45C+) || Speedrun/leaderboard gaming: public live competition drives behaviour"
A14,B14,C13,0,3,0,"EU Accessibility Act in force for SME digital services (28 Jun 2025) || Heatwaves: buildings overheat, elderly and workers at risk (Cyprus 45C+) || Tontine / rotating savings club (ROSCA): members fund each other in turn"
A14,B14,C14,0,3,0,"EU Accessibility Act in force for SME digital services (28 Jun 2025) || Heatwaves: buildings overheat, elderly and workers at risk (Cyprus 45C+) || Prediction market: price aggregates dispersed knowledge into a probability"
A14,B14,C15,0,2,0,"EU Accessibility Act in force for SME digital services (28 Jun 2025) || Heatwaves: buildings overheat, elderly and workers at risk (Cyprus 45C+) || Pharmacovigilance: tiny signals from many reports detect rare problems early"
A14,B15,C01,0,3,0,EU Accessibility Act in force for SME digital services (28 Jun 2025) || Property and utility disputes between landlords and tenants over shared costs || Airline yield management: price changes by demand minute to minute
A14,B15,C02,1,3,3,"EU Accessibility Act in force for SME digital services (28 Jun 2025) || Property and utility disputes between landlords and tenants over shared costs || Chess/Elo rating: ranking from pairwise outcomes, no absolute measure needed"
A14,B15,C03,0,3,0,EU Accessibility Act in force for SME digital services (28 Jun 2025) || Property and utility disputes between landlords and tenants over shared costs || Blood-bank / organ matching: time-critical allocation of scarce perishable supply
A14,B15,C04,0,3,0,EU Accessibility Act in force for SME digital services (28 Jun 2025) || Property and utility disputes between landlords and tenants over shared costs || Reinsurance: pooling many small risks and selling slices to big capital
A14,B15,C05,0,3,0,EU Accessibility Act in force for SME digital services (28 Jun 2025) || Property and utility disputes between landlords and tenants over shared costs || Air-traffic control: live deconfliction of many actors in shared space
A14,B15,C06,0,3,0,EU Accessibility Act in force for SME digital services (28 Jun 2025) || Property and utility disputes between landlords and tenants over shared costs || Spotify royalties: tiny usage events settled into automatic payouts
A14,B15,C07,0,3,0,EU Accessibility Act in force for SME digital services (28 Jun 2025) || Property and utility disputes between landlords and tenants over shared costs || Carfax-style history report built from many third-party events
A14,B15,C08,0,3,0,EU Accessibility Act in force for SME digital services (28 Jun 2025) || Property and utility disputes between landlords and tenants over shared costs || Ant colony / stigmergy: coordination through traces left in the environment
A14,B15,C09,0,3,0,EU Accessibility Act in force for SME digital services (28 Jun 2025) || Property and utility disputes between landlords and tenants over shared costs || Clinical triage: route cases by urgency with a short standard question set
A14,B15,C10,1,3,3,EU Accessibility Act in force for SME digital services (28 Jun 2025) || Property and utility disputes between landlords and tenants over shared costs || Futures market: sell next season's output today to lock a price
A14,B15,C11,0,3,0,"EU Accessibility Act in force for SME digital services (28 Jun 2025) || Property and utility disputes between landlords and tenants over shared costs || Container shipping standard (TEU): one box fits every ship, truck, crane"
A14,B15,C12,1,3,3,EU Accessibility Act in force for SME digital services (28 Jun 2025) || Property and utility disputes between landlords and tenants over shared costs || Speedrun/leaderboard gaming: public live competition drives behaviour
A14,B15,C13,1,3,3,EU Accessibility Act in force for SME digital services (28 Jun 2025) || Property and utility disputes between landlords and tenants over shared costs || Tontine / rotating savings club (ROSCA): members fund each other in turn
A14,B15,C14,0,3,0,EU Accessibility Act in force for SME digital services (28 Jun 2025) || Property and utility disputes between landlords and tenants over shared costs || Prediction market: price aggregates dispersed knowledge into a probability
A14,B15,C15,0,3,0,EU Accessibility Act in force for SME digital services (28 Jun 2025) || Property and utility disputes between landlords and tenants over shared costs || Pharmacovigilance: tiny signals from many reports detect rare problems early
A15,B01,C01,2,3,6,Parametric triggers from public weather/sensor feeds priced automatically || SMEs answer many differently-worded sustainability requests from banks/customers || Airline yield management: price changes by demand minute to minute
A15,B01,C02,3,3,9,"Parametric triggers from public weather/sensor feeds priced automatically || SMEs answer many differently-worded sustainability requests from banks/customers || Chess/Elo rating: ranking from pairwise outcomes, no absolute measure needed"
A15,B01,C03,2,3,6,Parametric triggers from public weather/sensor feeds priced automatically || SMEs answer many differently-worded sustainability requests from banks/customers || Blood-bank / organ matching: time-critical allocation of scarce perishable supply
A15,B01,C04,3,2,6,Parametric triggers from public weather/sensor feeds priced automatically || SMEs answer many differently-worded sustainability requests from banks/customers || Reinsurance: pooling many small risks and selling slices to big capital
A15,B01,C05,2,3,6,Parametric triggers from public weather/sensor feeds priced automatically || SMEs answer many differently-worded sustainability requests from banks/customers || Air-traffic control: live deconfliction of many actors in shared space
A15,B01,C06,3,3,9,Parametric triggers from public weather/sensor feeds priced automatically || SMEs answer many differently-worded sustainability requests from banks/customers || Spotify royalties: tiny usage events settled into automatic payouts
A15,B01,C07,3,3,9,Parametric triggers from public weather/sensor feeds priced automatically || SMEs answer many differently-worded sustainability requests from banks/customers || Carfax-style history report built from many third-party events
A15,B01,C08,2,3,6,Parametric triggers from public weather/sensor feeds priced automatically || SMEs answer many differently-worded sustainability requests from banks/customers || Ant colony / stigmergy: coordination through traces left in the environment
A15,B01,C09,2,3,6,Parametric triggers from public weather/sensor feeds priced automatically || SMEs answer many differently-worded sustainability requests from banks/customers || Clinical triage: route cases by urgency with a short standard question set
A15,B01,C10,1,2,2,Parametric triggers from public weather/sensor feeds priced automatically || SMEs answer many differently-worded sustainability requests from banks/customers || Futures market: sell next season's output today to lock a price
A15,B01,C11,4,3,12,"Parametric triggers from public weather/sensor feeds priced automatically || SMEs answer many differently-worded sustainability requests from banks/customers || Container shipping standard (TEU): one box fits every ship, truck, crane"
A15,B01,C12,2,3,6,Parametric triggers from public weather/sensor feeds priced automatically || SMEs answer many differently-worded sustainability requests from banks/customers || Speedrun/leaderboard gaming: public live competition drives behaviour
A15,B01,C13,2,2,4,Parametric triggers from public weather/sensor feeds priced automatically || SMEs answer many differently-worded sustainability requests from banks/customers || Tontine / rotating savings club (ROSCA): members fund each other in turn
A15,B01,C14,3,2,6,Parametric triggers from public weather/sensor feeds priced automatically || SMEs answer many differently-worded sustainability requests from banks/customers || Prediction market: price aggregates dispersed knowledge into a probability
A15,B01,C15,3,3,9,Parametric triggers from public weather/sensor feeds priced automatically || SMEs answer many differently-worded sustainability requests from banks/customers || Pharmacovigilance: tiny signals from many reports detect rare problems early
A15,B02,C01,2,3,6,Parametric triggers from public weather/sensor feeds priced automatically || Energy cost is a major barrier for ~50% of EU firms; SMEs under-invest in efficiency || Airline yield management: price changes by demand minute to minute
A15,B02,C02,1,3,3,"Parametric triggers from public weather/sensor feeds priced automatically || Energy cost is a major barrier for ~50% of EU firms; SMEs under-invest in efficiency || Chess/Elo rating: ranking from pairwise outcomes, no absolute measure needed"
A15,B02,C03,1,3,3,Parametric triggers from public weather/sensor feeds priced automatically || Energy cost is a major barrier for ~50% of EU firms; SMEs under-invest in efficiency || Blood-bank / organ matching: time-critical allocation of scarce perishable supply
A15,B02,C04,2,2,4,Parametric triggers from public weather/sensor feeds priced automatically || Energy cost is a major barrier for ~50% of EU firms; SMEs under-invest in efficiency || Reinsurance: pooling many small risks and selling slices to big capital
A15,B02,C05,1,3,3,Parametric triggers from public weather/sensor feeds priced automatically || Energy cost is a major barrier for ~50% of EU firms; SMEs under-invest in efficiency || Air-traffic control: live deconfliction of many actors in shared space
A15,B02,C06,2,3,6,Parametric triggers from public weather/sensor feeds priced automatically || Energy cost is a major barrier for ~50% of EU firms; SMEs under-invest in efficiency || Spotify royalties: tiny usage events settled into automatic payouts
A15,B02,C07,1,3,3,Parametric triggers from public weather/sensor feeds priced automatically || Energy cost is a major barrier for ~50% of EU firms; SMEs under-invest in efficiency || Carfax-style history report built from many third-party events
A15,B02,C08,1,3,3,Parametric triggers from public weather/sensor feeds priced automatically || Energy cost is a major barrier for ~50% of EU firms; SMEs under-invest in efficiency || Ant colony / stigmergy: coordination through traces left in the environment
A15,B02,C09,0,3,0,Parametric triggers from public weather/sensor feeds priced automatically || Energy cost is a major barrier for ~50% of EU firms; SMEs under-invest in efficiency || Clinical triage: route cases by urgency with a short standard question set
A15,B02,C10,1,2,2,Parametric triggers from public weather/sensor feeds priced automatically || Energy cost is a major barrier for ~50% of EU firms; SMEs under-invest in efficiency || Futures market: sell next season's output today to lock a price
A15,B02,C11,1,3,3,"Parametric triggers from public weather/sensor feeds priced automatically || Energy cost is a major barrier for ~50% of EU firms; SMEs under-invest in efficiency || Container shipping standard (TEU): one box fits every ship, truck, crane"
A15,B02,C12,1,3,3,Parametric triggers from public weather/sensor feeds priced automatically || Energy cost is a major barrier for ~50% of EU firms; SMEs under-invest in efficiency || Speedrun/leaderboard gaming: public live competition drives behaviour
A15,B02,C13,2,2,4,Parametric triggers from public weather/sensor feeds priced automatically || Energy cost is a major barrier for ~50% of EU firms; SMEs under-invest in efficiency || Tontine / rotating savings club (ROSCA): members fund each other in turn
A15,B02,C14,2,2,4,Parametric triggers from public weather/sensor feeds priced automatically || Energy cost is a major barrier for ~50% of EU firms; SMEs under-invest in efficiency || Prediction market: price aggregates dispersed knowledge into a probability
A15,B02,C15,1,3,3,Parametric triggers from public weather/sensor feeds priced automatically || Energy cost is a major barrier for ~50% of EU firms; SMEs under-invest in efficiency || Pharmacovigilance: tiny signals from many reports detect rare problems early
A15,B03,C01,2,2,4,Parametric triggers from public weather/sensor feeds priced automatically || Late payment: ~50% of EU invoices paid late; SMEs hit hardest || Airline yield management: price changes by demand minute to minute
A15,B03,C02,1,2,2,"Parametric triggers from public weather/sensor feeds priced automatically || Late payment: ~50% of EU invoices paid late; SMEs hit hardest || Chess/Elo rating: ranking from pairwise outcomes, no absolute measure needed"
A15,B03,C03,1,2,2,Parametric triggers from public weather/sensor feeds priced automatically || Late payment: ~50% of EU invoices paid late; SMEs hit hardest || Blood-bank / organ matching: time-critical allocation of scarce perishable supply
A15,B03,C04,2,0,0,Parametric triggers from public weather/sensor feeds priced automatically || Late payment: ~50% of EU invoices paid late; SMEs hit hardest || Reinsurance: pooling many small risks and selling slices to big capital
A15,B03,C05,1,2,2,Parametric triggers from public weather/sensor feeds priced automatically || Late payment: ~50% of EU invoices paid late; SMEs hit hardest || Air-traffic control: live deconfliction of many actors in shared space
A15,B03,C06,2,2,4,Parametric triggers from public weather/sensor feeds priced automatically || Late payment: ~50% of EU invoices paid late; SMEs hit hardest || Spotify royalties: tiny usage events settled into automatic payouts
A15,B03,C07,1,2,2,Parametric triggers from public weather/sensor feeds priced automatically || Late payment: ~50% of EU invoices paid late; SMEs hit hardest || Carfax-style history report built from many third-party events
A15,B03,C08,1,2,2,Parametric triggers from public weather/sensor feeds priced automatically || Late payment: ~50% of EU invoices paid late; SMEs hit hardest || Ant colony / stigmergy: coordination through traces left in the environment
A15,B03,C09,0,2,0,Parametric triggers from public weather/sensor feeds priced automatically || Late payment: ~50% of EU invoices paid late; SMEs hit hardest || Clinical triage: route cases by urgency with a short standard question set
A15,B03,C10,1,0,0,Parametric triggers from public weather/sensor feeds priced automatically || Late payment: ~50% of EU invoices paid late; SMEs hit hardest || Futures market: sell next season's output today to lock a price
A15,B03,C11,1,2,2,"Parametric triggers from public weather/sensor feeds priced automatically || Late payment: ~50% of EU invoices paid late; SMEs hit hardest || Container shipping standard (TEU): one box fits every ship, truck, crane"
A15,B03,C12,1,2,2,Parametric triggers from public weather/sensor feeds priced automatically || Late payment: ~50% of EU invoices paid late; SMEs hit hardest || Speedrun/leaderboard gaming: public live competition drives behaviour
A15,B03,C13,2,0,0,Parametric triggers from public weather/sensor feeds priced automatically || Late payment: ~50% of EU invoices paid late; SMEs hit hardest || Tontine / rotating savings club (ROSCA): members fund each other in turn
A15,B03,C14,2,0,0,Parametric triggers from public weather/sensor feeds priced automatically || Late payment: ~50% of EU invoices paid late; SMEs hit hardest || Prediction market: price aggregates dispersed knowledge into a probability
A15,B03,C15,1,2,2,Parametric triggers from public weather/sensor feeds priced automatically || Late payment: ~50% of EU invoices paid late; SMEs hit hardest || Pharmacovigilance: tiny signals from many reports detect rare problems early
A15,B04,C01,1,3,3,"Parametric triggers from public weather/sensor feeds priced automatically || Cyprus water scarcity: desalination dependence, reservoirs below 20% (2025) || Airline yield management: price changes by demand minute to minute"
A15,B04,C02,1,3,3,"Parametric triggers from public weather/sensor feeds priced automatically || Cyprus water scarcity: desalination dependence, reservoirs below 20% (2025) || Chess/Elo rating: ranking from pairwise outcomes, no absolute measure needed"
A15,B04,C03,1,3,3,"Parametric triggers from public weather/sensor feeds priced automatically || Cyprus water scarcity: desalination dependence, reservoirs below 20% (2025) || Blood-bank / organ matching: time-critical allocation of scarce perishable supply"
A15,B04,C04,1,2,2,"Parametric triggers from public weather/sensor feeds priced automatically || Cyprus water scarcity: desalination dependence, reservoirs below 20% (2025) || Reinsurance: pooling many small risks and selling slices to big capital"
A15,B04,C05,2,3,6,"Parametric triggers from public weather/sensor feeds priced automatically || Cyprus water scarcity: desalination dependence, reservoirs below 20% (2025) || Air-traffic control: live deconfliction of many actors in shared space"
A15,B04,C06,1,3,3,"Parametric triggers from public weather/sensor feeds priced automatically || Cyprus water scarcity: desalination dependence, reservoirs below 20% (2025) || Spotify royalties: tiny usage events settled into automatic payouts"
A15,B04,C07,1,3,3,"Parametric triggers from public weather/sensor feeds priced automatically || Cyprus water scarcity: desalination dependence, reservoirs below 20% (2025) || Carfax-style history report built from many third-party events"
A15,B04,C08,2,3,6,"Parametric triggers from public weather/sensor feeds priced automatically || Cyprus water scarcity: desalination dependence, reservoirs below 20% (2025) || Ant colony / stigmergy: coordination through traces left in the environment"
A15,B04,C09,0,3,0,"Parametric triggers from public weather/sensor feeds priced automatically || Cyprus water scarcity: desalination dependence, reservoirs below 20% (2025) || Clinical triage: route cases by urgency with a short standard question set"
A15,B04,C10,1,2,2,"Parametric triggers from public weather/sensor feeds priced automatically || Cyprus water scarcity: desalination dependence, reservoirs below 20% (2025) || Futures market: sell next season's output today to lock a price"
A15,B04,C11,1,3,3,"Parametric triggers from public weather/sensor feeds priced automatically || Cyprus water scarcity: desalination dependence, reservoirs below 20% (2025) || Container shipping standard (TEU): one box fits every ship, truck, crane"
A15,B04,C12,1,3,3,"Parametric triggers from public weather/sensor feeds priced automatically || Cyprus water scarcity: desalination dependence, reservoirs below 20% (2025) || Speedrun/leaderboard gaming: public live competition drives behaviour"
A15,B04,C13,0,2,0,"Parametric triggers from public weather/sensor feeds priced automatically || Cyprus water scarcity: desalination dependence, reservoirs below 20% (2025) || Tontine / rotating savings club (ROSCA): members fund each other in turn"
A15,B04,C14,1,2,2,"Parametric triggers from public weather/sensor feeds priced automatically || Cyprus water scarcity: desalination dependence, reservoirs below 20% (2025) || Prediction market: price aggregates dispersed knowledge into a probability"
A15,B04,C15,1,3,3,"Parametric triggers from public weather/sensor feeds priced automatically || Cyprus water scarcity: desalination dependence, reservoirs below 20% (2025) || Pharmacovigilance: tiny signals from many reports detect rare problems early"
A15,B05,C01,4,3,12,Parametric triggers from public weather/sensor feeds priced automatically || Tourism seasonality: Cyprus hotels/staff idle half the year || Airline yield management: price changes by demand minute to minute
A15,B05,C02,2,3,6,"Parametric triggers from public weather/sensor feeds priced automatically || Tourism seasonality: Cyprus hotels/staff idle half the year || Chess/Elo rating: ranking from pairwise outcomes, no absolute measure needed"
A15,B05,C03,3,3,9,Parametric triggers from public weather/sensor feeds priced automatically || Tourism seasonality: Cyprus hotels/staff idle half the year || Blood-bank / organ matching: time-critical allocation of scarce perishable supply
A15,B05,C04,2,2,4,Parametric triggers from public weather/sensor feeds priced automatically || Tourism seasonality: Cyprus hotels/staff idle half the year || Reinsurance: pooling many small risks and selling slices to big capital
A15,B05,C05,3,3,9,Parametric triggers from public weather/sensor feeds priced automatically || Tourism seasonality: Cyprus hotels/staff idle half the year || Air-traffic control: live deconfliction of many actors in shared space
A15,B05,C06,3,3,9,Parametric triggers from public weather/sensor feeds priced automatically || Tourism seasonality: Cyprus hotels/staff idle half the year || Spotify royalties: tiny usage events settled into automatic payouts
A15,B05,C07,2,3,6,Parametric triggers from public weather/sensor feeds priced automatically || Tourism seasonality: Cyprus hotels/staff idle half the year || Carfax-style history report built from many third-party events
A15,B05,C08,3,3,9,Parametric triggers from public weather/sensor feeds priced automatically || Tourism seasonality: Cyprus hotels/staff idle half the year || Ant colony / stigmergy: coordination through traces left in the environment
A15,B05,C09,1,3,3,Parametric triggers from public weather/sensor feeds priced automatically || Tourism seasonality: Cyprus hotels/staff idle half the year || Clinical triage: route cases by urgency with a short standard question set
A15,B05,C10,2,2,4,Parametric triggers from public weather/sensor feeds priced automatically || Tourism seasonality: Cyprus hotels/staff idle half the year || Futures market: sell next season's output today to lock a price
A15,B05,C11,2,3,6,"Parametric triggers from public weather/sensor feeds priced automatically || Tourism seasonality: Cyprus hotels/staff idle half the year || Container shipping standard (TEU): one box fits every ship, truck, crane"
A15,B05,C12,4,3,12,Parametric triggers from public weather/sensor feeds priced automatically || Tourism seasonality: Cyprus hotels/staff idle half the year || Speedrun/leaderboard gaming: public live competition drives behaviour
A15,B05,C13,2,2,4,Parametric triggers from public weather/sensor feeds priced automatically || Tourism seasonality: Cyprus hotels/staff idle half the year || Tontine / rotating savings club (ROSCA): members fund each other in turn
A15,B05,C14,3,2,6,Parametric triggers from public weather/sensor feeds priced automatically || Tourism seasonality: Cyprus hotels/staff idle half the year || Prediction market: price aggregates dispersed knowledge into a probability
A15,B05,C15,2,3,6,Parametric triggers from public weather/sensor feeds priced automatically || Tourism seasonality: Cyprus hotels/staff idle half the year || Pharmacovigilance: tiny signals from many reports detect rare problems early
A15,B06,C01,1,3,3,Parametric triggers from public weather/sensor feeds priced automatically || Red tape: EU SMEs cite administrative burden as top obstacle (Eurobarometer 2023) || Airline yield management: price changes by demand minute to minute
A15,B06,C02,1,3,3,"Parametric triggers from public weather/sensor feeds priced automatically || Red tape: EU SMEs cite administrative burden as top obstacle (Eurobarometer 2023) || Chess/Elo rating: ranking from pairwise outcomes, no absolute measure needed"
A15,B06,C03,1,3,3,Parametric triggers from public weather/sensor feeds priced automatically || Red tape: EU SMEs cite administrative burden as top obstacle (Eurobarometer 2023) || Blood-bank / organ matching: time-critical allocation of scarce perishable supply
A15,B06,C04,1,2,2,Parametric triggers from public weather/sensor feeds priced automatically || Red tape: EU SMEs cite administrative burden as top obstacle (Eurobarometer 2023) || Reinsurance: pooling many small risks and selling slices to big capital
A15,B06,C05,1,3,3,Parametric triggers from public weather/sensor feeds priced automatically || Red tape: EU SMEs cite administrative burden as top obstacle (Eurobarometer 2023) || Air-traffic control: live deconfliction of many actors in shared space
A15,B06,C06,1,3,3,Parametric triggers from public weather/sensor feeds priced automatically || Red tape: EU SMEs cite administrative burden as top obstacle (Eurobarometer 2023) || Spotify royalties: tiny usage events settled into automatic payouts
A15,B06,C07,1,3,3,Parametric triggers from public weather/sensor feeds priced automatically || Red tape: EU SMEs cite administrative burden as top obstacle (Eurobarometer 2023) || Carfax-style history report built from many third-party events
A15,B06,C08,1,3,3,Parametric triggers from public weather/sensor feeds priced automatically || Red tape: EU SMEs cite administrative burden as top obstacle (Eurobarometer 2023) || Ant colony / stigmergy: coordination through traces left in the environment
A15,B06,C09,1,3,3,Parametric triggers from public weather/sensor feeds priced automatically || Red tape: EU SMEs cite administrative burden as top obstacle (Eurobarometer 2023) || Clinical triage: route cases by urgency with a short standard question set
A15,B06,C10,0,2,0,Parametric triggers from public weather/sensor feeds priced automatically || Red tape: EU SMEs cite administrative burden as top obstacle (Eurobarometer 2023) || Futures market: sell next season's output today to lock a price
A15,B06,C11,2,3,6,"Parametric triggers from public weather/sensor feeds priced automatically || Red tape: EU SMEs cite administrative burden as top obstacle (Eurobarometer 2023) || Container shipping standard (TEU): one box fits every ship, truck, crane"
A15,B06,C12,1,3,3,Parametric triggers from public weather/sensor feeds priced automatically || Red tape: EU SMEs cite administrative burden as top obstacle (Eurobarometer 2023) || Speedrun/leaderboard gaming: public live competition drives behaviour
A15,B06,C13,0,2,0,Parametric triggers from public weather/sensor feeds priced automatically || Red tape: EU SMEs cite administrative burden as top obstacle (Eurobarometer 2023) || Tontine / rotating savings club (ROSCA): members fund each other in turn
A15,B06,C14,1,2,2,Parametric triggers from public weather/sensor feeds priced automatically || Red tape: EU SMEs cite administrative burden as top obstacle (Eurobarometer 2023) || Prediction market: price aggregates dispersed knowledge into a probability
A15,B06,C15,1,3,3,Parametric triggers from public weather/sensor feeds priced automatically || Red tape: EU SMEs cite administrative burden as top obstacle (Eurobarometer 2023) || Pharmacovigilance: tiny signals from many reports detect rare problems early
A15,B07,C01,2,3,6,Parametric triggers from public weather/sensor feeds priced automatically || Farmers lose crops to heat/drought with slow or no insurance payout || Airline yield management: price changes by demand minute to minute
A15,B07,C02,2,3,6,"Parametric triggers from public weather/sensor feeds priced automatically || Farmers lose crops to heat/drought with slow or no insurance payout || Chess/Elo rating: ranking from pairwise outcomes, no absolute measure needed"
A15,B07,C03,2,3,6,Parametric triggers from public weather/sensor feeds priced automatically || Farmers lose crops to heat/drought with slow or no insurance payout || Blood-bank / organ matching: time-critical allocation of scarce perishable supply
A15,B07,C04,3,2,6,Parametric triggers from public weather/sensor feeds priced automatically || Farmers lose crops to heat/drought with slow or no insurance payout || Reinsurance: pooling many small risks and selling slices to big capital
A15,B07,C05,2,3,6,Parametric triggers from public weather/sensor feeds priced automatically || Farmers lose crops to heat/drought with slow or no insurance payout || Air-traffic control: live deconfliction of many actors in shared space
A15,B07,C06,2,3,6,Parametric triggers from public weather/sensor feeds priced automatically || Farmers lose crops to heat/drought with slow or no insurance payout || Spotify royalties: tiny usage events settled into automatic payouts
A15,B07,C07,2,3,6,Parametric triggers from public weather/sensor feeds priced automatically || Farmers lose crops to heat/drought with slow or no insurance payout || Carfax-style history report built from many third-party events
A15,B07,C08,2,2,4,Parametric triggers from public weather/sensor feeds priced automatically || Farmers lose crops to heat/drought with slow or no insurance payout || Ant colony / stigmergy: coordination through traces left in the environment
A15,B07,C09,1,3,3,Parametric triggers from public weather/sensor feeds priced automatically || Farmers lose crops to heat/drought with slow or no insurance payout || Clinical triage: route cases by urgency with a short standard question set
A15,B07,C10,2,2,4,Parametric triggers from public weather/sensor feeds priced automatically || Farmers lose crops to heat/drought with slow or no insurance payout || Futures market: sell next season's output today to lock a price
A15,B07,C11,2,3,6,"Parametric triggers from public weather/sensor feeds priced automatically || Farmers lose crops to heat/drought with slow or no insurance payout || Container shipping standard (TEU): one box fits every ship, truck, crane"
A15,B07,C12,2,3,6,Parametric triggers from public weather/sensor feeds priced automatically || Farmers lose crops to heat/drought with slow or no insurance payout || Speedrun/leaderboard gaming: public live competition drives behaviour
A15,B07,C13,1,2,2,Parametric triggers from public weather/sensor feeds priced automatically || Farmers lose crops to heat/drought with slow or no insurance payout || Tontine / rotating savings club (ROSCA): members fund each other in turn
A15,B07,C14,2,2,4,Parametric triggers from public weather/sensor feeds priced automatically || Farmers lose crops to heat/drought with slow or no insurance payout || Prediction market: price aggregates dispersed knowledge into a probability
A15,B07,C15,2,3,6,Parametric triggers from public weather/sensor feeds priced automatically || Farmers lose crops to heat/drought with slow or no insurance payout || Pharmacovigilance: tiny signals from many reports detect rare problems early
A15,B08,C01,1,3,3,"Parametric triggers from public weather/sensor feeds priced automatically || Food waste: ~130 kg per EU citizen/year, retail+hospitality large share || Airline yield management: price changes by demand minute to minute"
A15,B08,C02,1,3,3,"Parametric triggers from public weather/sensor feeds priced automatically || Food waste: ~130 kg per EU citizen/year, retail+hospitality large share || Chess/Elo rating: ranking from pairwise outcomes, no absolute measure needed"
A15,B08,C03,2,3,6,"Parametric triggers from public weather/sensor feeds priced automatically || Food waste: ~130 kg per EU citizen/year, retail+hospitality large share || Blood-bank / organ matching: time-critical allocation of scarce perishable supply"
A15,B08,C04,1,2,2,"Parametric triggers from public weather/sensor feeds priced automatically || Food waste: ~130 kg per EU citizen/year, retail+hospitality large share || Reinsurance: pooling many small risks and selling slices to big capital"
A15,B08,C05,1,3,3,"Parametric triggers from public weather/sensor feeds priced automatically || Food waste: ~130 kg per EU citizen/year, retail+hospitality large share || Air-traffic control: live deconfliction of many actors in shared space"
A15,B08,C06,1,3,3,"Parametric triggers from public weather/sensor feeds priced automatically || Food waste: ~130 kg per EU citizen/year, retail+hospitality large share || Spotify royalties: tiny usage events settled into automatic payouts"
A15,B08,C07,2,3,6,"Parametric triggers from public weather/sensor feeds priced automatically || Food waste: ~130 kg per EU citizen/year, retail+hospitality large share || Carfax-style history report built from many third-party events"
A15,B08,C08,1,3,3,"Parametric triggers from public weather/sensor feeds priced automatically || Food waste: ~130 kg per EU citizen/year, retail+hospitality large share || Ant colony / stigmergy: coordination through traces left in the environment"
A15,B08,C09,0,3,0,"Parametric triggers from public weather/sensor feeds priced automatically || Food waste: ~130 kg per EU citizen/year, retail+hospitality large share || Clinical triage: route cases by urgency with a short standard question set"
A15,B08,C10,0,2,0,"Parametric triggers from public weather/sensor feeds priced automatically || Food waste: ~130 kg per EU citizen/year, retail+hospitality large share || Futures market: sell next season's output today to lock a price"
A15,B08,C11,1,3,3,"Parametric triggers from public weather/sensor feeds priced automatically || Food waste: ~130 kg per EU citizen/year, retail+hospitality large share || Container shipping standard (TEU): one box fits every ship, truck, crane"
A15,B08,C12,2,3,6,"Parametric triggers from public weather/sensor feeds priced automatically || Food waste: ~130 kg per EU citizen/year, retail+hospitality large share || Speedrun/leaderboard gaming: public live competition drives behaviour"
A15,B08,C13,0,2,0,"Parametric triggers from public weather/sensor feeds priced automatically || Food waste: ~130 kg per EU citizen/year, retail+hospitality large share || Tontine / rotating savings club (ROSCA): members fund each other in turn"
A15,B08,C14,1,2,2,"Parametric triggers from public weather/sensor feeds priced automatically || Food waste: ~130 kg per EU citizen/year, retail+hospitality large share || Prediction market: price aggregates dispersed knowledge into a probability"
A15,B08,C15,1,3,3,"Parametric triggers from public weather/sensor feeds priced automatically || Food waste: ~130 kg per EU citizen/year, retail+hospitality large share || Pharmacovigilance: tiny signals from many reports detect rare problems early"
A15,B09,C01,3,3,9,Parametric triggers from public weather/sensor feeds priced automatically || Island grid curtailment: Cyprus wastes solar output at midday (no interconnector) || Airline yield management: price changes by demand minute to minute
A15,B09,C02,2,3,6,"Parametric triggers from public weather/sensor feeds priced automatically || Island grid curtailment: Cyprus wastes solar output at midday (no interconnector) || Chess/Elo rating: ranking from pairwise outcomes, no absolute measure needed"
A15,B09,C03,3,3,9,Parametric triggers from public weather/sensor feeds priced automatically || Island grid curtailment: Cyprus wastes solar output at midday (no interconnector) || Blood-bank / organ matching: time-critical allocation of scarce perishable supply
A15,B09,C04,2,2,4,Parametric triggers from public weather/sensor feeds priced automatically || Island grid curtailment: Cyprus wastes solar output at midday (no interconnector) || Reinsurance: pooling many small risks and selling slices to big capital
A15,B09,C05,4,3,12,Parametric triggers from public weather/sensor feeds priced automatically || Island grid curtailment: Cyprus wastes solar output at midday (no interconnector) || Air-traffic control: live deconfliction of many actors in shared space
A15,B09,C06,2,3,6,Parametric triggers from public weather/sensor feeds priced automatically || Island grid curtailment: Cyprus wastes solar output at midday (no interconnector) || Spotify royalties: tiny usage events settled into automatic payouts
A15,B09,C07,2,3,6,Parametric triggers from public weather/sensor feeds priced automatically || Island grid curtailment: Cyprus wastes solar output at midday (no interconnector) || Carfax-style history report built from many third-party events
A15,B09,C08,4,3,12,Parametric triggers from public weather/sensor feeds priced automatically || Island grid curtailment: Cyprus wastes solar output at midday (no interconnector) || Ant colony / stigmergy: coordination through traces left in the environment
A15,B09,C09,1,3,3,Parametric triggers from public weather/sensor feeds priced automatically || Island grid curtailment: Cyprus wastes solar output at midday (no interconnector) || Clinical triage: route cases by urgency with a short standard question set
A15,B09,C10,1,2,2,Parametric triggers from public weather/sensor feeds priced automatically || Island grid curtailment: Cyprus wastes solar output at midday (no interconnector) || Futures market: sell next season's output today to lock a price
A15,B09,C11,2,3,6,"Parametric triggers from public weather/sensor feeds priced automatically || Island grid curtailment: Cyprus wastes solar output at midday (no interconnector) || Container shipping standard (TEU): one box fits every ship, truck, crane"
A15,B09,C12,3,3,9,Parametric triggers from public weather/sensor feeds priced automatically || Island grid curtailment: Cyprus wastes solar output at midday (no interconnector) || Speedrun/leaderboard gaming: public live competition drives behaviour
A15,B09,C13,1,2,2,Parametric triggers from public weather/sensor feeds priced automatically || Island grid curtailment: Cyprus wastes solar output at midday (no interconnector) || Tontine / rotating savings club (ROSCA): members fund each other in turn
A15,B09,C14,2,2,4,Parametric triggers from public weather/sensor feeds priced automatically || Island grid curtailment: Cyprus wastes solar output at midday (no interconnector) || Prediction market: price aggregates dispersed knowledge into a probability
A15,B09,C15,2,3,6,Parametric triggers from public weather/sensor feeds priced automatically || Island grid curtailment: Cyprus wastes solar output at midday (no interconnector) || Pharmacovigilance: tiny signals from many reports detect rare problems early
A15,B10,C01,2,2,4,"Parametric triggers from public weather/sensor feeds priced automatically || SMEs can't get credit: thin files, no collateral (SAFE survey) || Airline yield management: price changes by demand minute to minute"
A15,B10,C02,4,2,8,"Parametric triggers from public weather/sensor feeds priced automatically || SMEs can't get credit: thin files, no collateral (SAFE survey) || Chess/Elo rating: ranking from pairwise outcomes, no absolute measure needed"
A15,B10,C03,2,2,4,"Parametric triggers from public weather/sensor feeds priced automatically || SMEs can't get credit: thin files, no collateral (SAFE survey) || Blood-bank / organ matching: time-critical allocation of scarce perishable supply"
A15,B10,C04,3,0,0,"Parametric triggers from public weather/sensor feeds priced automatically || SMEs can't get credit: thin files, no collateral (SAFE survey) || Reinsurance: pooling many small risks and selling slices to big capital"
A15,B10,C05,2,2,4,"Parametric triggers from public weather/sensor feeds priced automatically || SMEs can't get credit: thin files, no collateral (SAFE survey) || Air-traffic control: live deconfliction of many actors in shared space"
A15,B10,C06,3,2,6,"Parametric triggers from public weather/sensor feeds priced automatically || SMEs can't get credit: thin files, no collateral (SAFE survey) || Spotify royalties: tiny usage events settled into automatic payouts"
A15,B10,C07,3,2,6,"Parametric triggers from public weather/sensor feeds priced automatically || SMEs can't get credit: thin files, no collateral (SAFE survey) || Carfax-style history report built from many third-party events"
A15,B10,C08,2,2,4,"Parametric triggers from public weather/sensor feeds priced automatically || SMEs can't get credit: thin files, no collateral (SAFE survey) || Ant colony / stigmergy: coordination through traces left in the environment"
A15,B10,C09,1,2,2,"Parametric triggers from public weather/sensor feeds priced automatically || SMEs can't get credit: thin files, no collateral (SAFE survey) || Clinical triage: route cases by urgency with a short standard question set"
A15,B10,C10,1,0,0,"Parametric triggers from public weather/sensor feeds priced automatically || SMEs can't get credit: thin files, no collateral (SAFE survey) || Futures market: sell next season's output today to lock a price"
A15,B10,C11,3,2,6,"Parametric triggers from public weather/sensor feeds priced automatically || SMEs can't get credit: thin files, no collateral (SAFE survey) || Container shipping standard (TEU): one box fits every ship, truck, crane"
A15,B10,C12,2,2,4,"Parametric triggers from public weather/sensor feeds priced automatically || SMEs can't get credit: thin files, no collateral (SAFE survey) || Speedrun/leaderboard gaming: public live competition drives behaviour"
A15,B10,C13,2,0,0,"Parametric triggers from public weather/sensor feeds priced automatically || SMEs can't get credit: thin files, no collateral (SAFE survey) || Tontine / rotating savings club (ROSCA): members fund each other in turn"
A15,B10,C14,3,0,0,"Parametric triggers from public weather/sensor feeds priced automatically || SMEs can't get credit: thin files, no collateral (SAFE survey) || Prediction market: price aggregates dispersed knowledge into a probability"
A15,B10,C15,3,2,6,"Parametric triggers from public weather/sensor feeds priced automatically || SMEs can't get credit: thin files, no collateral (SAFE survey) || Pharmacovigilance: tiny signals from many reports detect rare problems early"
A15,B11,C01,2,3,6,"Parametric triggers from public weather/sensor feeds priced automatically || Used goods and repairs lack trusted history, so resale value collapses || Airline yield management: price changes by demand minute to minute"
A15,B11,C02,3,3,9,"Parametric triggers from public weather/sensor feeds priced automatically || Used goods and repairs lack trusted history, so resale value collapses || Chess/Elo rating: ranking from pairwise outcomes, no absolute measure needed"
A15,B11,C03,3,3,9,"Parametric triggers from public weather/sensor feeds priced automatically || Used goods and repairs lack trusted history, so resale value collapses || Blood-bank / organ matching: time-critical allocation of scarce perishable supply"
A15,B11,C04,2,2,4,"Parametric triggers from public weather/sensor feeds priced automatically || Used goods and repairs lack trusted history, so resale value collapses || Reinsurance: pooling many small risks and selling slices to big capital"
A15,B11,C05,2,3,6,"Parametric triggers from public weather/sensor feeds priced automatically || Used goods and repairs lack trusted history, so resale value collapses || Air-traffic control: live deconfliction of many actors in shared space"
A15,B11,C06,3,3,9,"Parametric triggers from public weather/sensor feeds priced automatically || Used goods and repairs lack trusted history, so resale value collapses || Spotify royalties: tiny usage events settled into automatic payouts"
A15,B11,C07,4,3,12,"Parametric triggers from public weather/sensor feeds priced automatically || Used goods and repairs lack trusted history, so resale value collapses || Carfax-style history report built from many third-party events"
A15,B11,C08,2,3,6,"Parametric triggers from public weather/sensor feeds priced automatically || Used goods and repairs lack trusted history, so resale value collapses || Ant colony / stigmergy: coordination through traces left in the environment"
A15,B11,C09,1,3,3,"Parametric triggers from public weather/sensor feeds priced automatically || Used goods and repairs lack trusted history, so resale value collapses || Clinical triage: route cases by urgency with a short standard question set"
A15,B11,C10,1,2,2,"Parametric triggers from public weather/sensor feeds priced automatically || Used goods and repairs lack trusted history, so resale value collapses || Futures market: sell next season's output today to lock a price"
A15,B11,C11,4,3,12,"Parametric triggers from public weather/sensor feeds priced automatically || Used goods and repairs lack trusted history, so resale value collapses || Container shipping standard (TEU): one box fits every ship, truck, crane"
A15,B11,C12,2,3,6,"Parametric triggers from public weather/sensor feeds priced automatically || Used goods and repairs lack trusted history, so resale value collapses || Speedrun/leaderboard gaming: public live competition drives behaviour"
A15,B11,C13,1,2,2,"Parametric triggers from public weather/sensor feeds priced automatically || Used goods and repairs lack trusted history, so resale value collapses || Tontine / rotating savings club (ROSCA): members fund each other in turn"
A15,B11,C14,3,2,6,"Parametric triggers from public weather/sensor feeds priced automatically || Used goods and repairs lack trusted history, so resale value collapses || Prediction market: price aggregates dispersed knowledge into a probability"
A15,B11,C15,3,3,9,"Parametric triggers from public weather/sensor feeds priced automatically || Used goods and repairs lack trusted history, so resale value collapses || Pharmacovigilance: tiny signals from many reports detect rare problems early"
A15,B12,C01,4,3,12,"Parametric triggers from public weather/sensor feeds priced automatically || Staff shortages in hospitality/care; workers paid late, shifts unfilled || Airline yield management: price changes by demand minute to minute"
A15,B12,C02,2,3,6,"Parametric triggers from public weather/sensor feeds priced automatically || Staff shortages in hospitality/care; workers paid late, shifts unfilled || Chess/Elo rating: ranking from pairwise outcomes, no absolute measure needed"
A15,B12,C03,3,3,9,"Parametric triggers from public weather/sensor feeds priced automatically || Staff shortages in hospitality/care; workers paid late, shifts unfilled || Blood-bank / organ matching: time-critical allocation of scarce perishable supply"
A15,B12,C04,2,2,4,"Parametric triggers from public weather/sensor feeds priced automatically || Staff shortages in hospitality/care; workers paid late, shifts unfilled || Reinsurance: pooling many small risks and selling slices to big capital"
A15,B12,C05,3,3,9,"Parametric triggers from public weather/sensor feeds priced automatically || Staff shortages in hospitality/care; workers paid late, shifts unfilled || Air-traffic control: live deconfliction of many actors in shared space"
A15,B12,C06,3,3,9,"Parametric triggers from public weather/sensor feeds priced automatically || Staff shortages in hospitality/care; workers paid late, shifts unfilled || Spotify royalties: tiny usage events settled into automatic payouts"
A15,B12,C07,2,3,6,"Parametric triggers from public weather/sensor feeds priced automatically || Staff shortages in hospitality/care; workers paid late, shifts unfilled || Carfax-style history report built from many third-party events"
A15,B12,C08,3,3,9,"Parametric triggers from public weather/sensor feeds priced automatically || Staff shortages in hospitality/care; workers paid late, shifts unfilled || Ant colony / stigmergy: coordination through traces left in the environment"
A15,B12,C09,2,3,6,"Parametric triggers from public weather/sensor feeds priced automatically || Staff shortages in hospitality/care; workers paid late, shifts unfilled || Clinical triage: route cases by urgency with a short standard question set"
A15,B12,C10,2,2,4,"Parametric triggers from public weather/sensor feeds priced automatically || Staff shortages in hospitality/care; workers paid late, shifts unfilled || Futures market: sell next season's output today to lock a price"
A15,B12,C11,2,3,6,"Parametric triggers from public weather/sensor feeds priced automatically || Staff shortages in hospitality/care; workers paid late, shifts unfilled || Container shipping standard (TEU): one box fits every ship, truck, crane"
A15,B12,C12,3,3,9,"Parametric triggers from public weather/sensor feeds priced automatically || Staff shortages in hospitality/care; workers paid late, shifts unfilled || Speedrun/leaderboard gaming: public live competition drives behaviour"
A15,B12,C13,2,2,4,"Parametric triggers from public weather/sensor feeds priced automatically || Staff shortages in hospitality/care; workers paid late, shifts unfilled || Tontine / rotating savings club (ROSCA): members fund each other in turn"
A15,B12,C14,3,2,6,"Parametric triggers from public weather/sensor feeds priced automatically || Staff shortages in hospitality/care; workers paid late, shifts unfilled || Prediction market: price aggregates dispersed knowledge into a probability"
A15,B12,C15,3,3,9,"Parametric triggers from public weather/sensor feeds priced automatically || Staff shortages in hospitality/care; workers paid late, shifts unfilled || Pharmacovigilance: tiny signals from many reports detect rare problems early"
A15,B13,C01,1,3,3,Parametric triggers from public weather/sensor feeds priced automatically || Grant and subsidy money goes unclaimed; SMEs don't know or can't apply || Airline yield management: price changes by demand minute to minute
A15,B13,C02,2,3,6,"Parametric triggers from public weather/sensor feeds priced automatically || Grant and subsidy money goes unclaimed; SMEs don't know or can't apply || Chess/Elo rating: ranking from pairwise outcomes, no absolute measure needed"
A15,B13,C03,1,3,3,Parametric triggers from public weather/sensor feeds priced automatically || Grant and subsidy money goes unclaimed; SMEs don't know or can't apply || Blood-bank / organ matching: time-critical allocation of scarce perishable supply
A15,B13,C04,1,2,2,Parametric triggers from public weather/sensor feeds priced automatically || Grant and subsidy money goes unclaimed; SMEs don't know or can't apply || Reinsurance: pooling many small risks and selling slices to big capital
A15,B13,C05,1,3,3,Parametric triggers from public weather/sensor feeds priced automatically || Grant and subsidy money goes unclaimed; SMEs don't know or can't apply || Air-traffic control: live deconfliction of many actors in shared space
A15,B13,C06,1,3,3,Parametric triggers from public weather/sensor feeds priced automatically || Grant and subsidy money goes unclaimed; SMEs don't know or can't apply || Spotify royalties: tiny usage events settled into automatic payouts
A15,B13,C07,1,3,3,Parametric triggers from public weather/sensor feeds priced automatically || Grant and subsidy money goes unclaimed; SMEs don't know or can't apply || Carfax-style history report built from many third-party events
A15,B13,C08,1,3,3,Parametric triggers from public weather/sensor feeds priced automatically || Grant and subsidy money goes unclaimed; SMEs don't know or can't apply || Ant colony / stigmergy: coordination through traces left in the environment
A15,B13,C09,1,3,3,Parametric triggers from public weather/sensor feeds priced automatically || Grant and subsidy money goes unclaimed; SMEs don't know or can't apply || Clinical triage: route cases by urgency with a short standard question set
A15,B13,C10,0,2,0,Parametric triggers from public weather/sensor feeds priced automatically || Grant and subsidy money goes unclaimed; SMEs don't know or can't apply || Futures market: sell next season's output today to lock a price
A15,B13,C11,2,3,6,"Parametric triggers from public weather/sensor feeds priced automatically || Grant and subsidy money goes unclaimed; SMEs don't know or can't apply || Container shipping standard (TEU): one box fits every ship, truck, crane"
A15,B13,C12,1,3,3,Parametric triggers from public weather/sensor feeds priced automatically || Grant and subsidy money goes unclaimed; SMEs don't know or can't apply || Speedrun/leaderboard gaming: public live competition drives behaviour
A15,B13,C13,0,2,0,Parametric triggers from public weather/sensor feeds priced automatically || Grant and subsidy money goes unclaimed; SMEs don't know or can't apply || Tontine / rotating savings club (ROSCA): members fund each other in turn
A15,B13,C14,1,2,2,Parametric triggers from public weather/sensor feeds priced automatically || Grant and subsidy money goes unclaimed; SMEs don't know or can't apply || Prediction market: price aggregates dispersed knowledge into a probability
A15,B13,C15,1,3,3,Parametric triggers from public weather/sensor feeds priced automatically || Grant and subsidy money goes unclaimed; SMEs don't know or can't apply || Pharmacovigilance: tiny signals from many reports detect rare problems early
A15,B14,C01,2,3,6,"Parametric triggers from public weather/sensor feeds priced automatically || Heatwaves: buildings overheat, elderly and workers at risk (Cyprus 45C+) || Airline yield management: price changes by demand minute to minute"
A15,B14,C02,2,3,6,"Parametric triggers from public weather/sensor feeds priced automatically || Heatwaves: buildings overheat, elderly and workers at risk (Cyprus 45C+) || Chess/Elo rating: ranking from pairwise outcomes, no absolute measure needed"
A15,B14,C03,2,2,4,"Parametric triggers from public weather/sensor feeds priced automatically || Heatwaves: buildings overheat, elderly and workers at risk (Cyprus 45C+) || Blood-bank / organ matching: time-critical allocation of scarce perishable supply"
A15,B14,C04,3,2,6,"Parametric triggers from public weather/sensor feeds priced automatically || Heatwaves: buildings overheat, elderly and workers at risk (Cyprus 45C+) || Reinsurance: pooling many small risks and selling slices to big capital"
A15,B14,C05,3,3,9,"Parametric triggers from public weather/sensor feeds priced automatically || Heatwaves: buildings overheat, elderly and workers at risk (Cyprus 45C+) || Air-traffic control: live deconfliction of many actors in shared space"
A15,B14,C06,2,3,6,"Parametric triggers from public weather/sensor feeds priced automatically || Heatwaves: buildings overheat, elderly and workers at risk (Cyprus 45C+) || Spotify royalties: tiny usage events settled into automatic payouts"
A15,B14,C07,2,3,6,"Parametric triggers from public weather/sensor feeds priced automatically || Heatwaves: buildings overheat, elderly and workers at risk (Cyprus 45C+) || Carfax-style history report built from many third-party events"
A15,B14,C08,3,3,9,"Parametric triggers from public weather/sensor feeds priced automatically || Heatwaves: buildings overheat, elderly and workers at risk (Cyprus 45C+) || Ant colony / stigmergy: coordination through traces left in the environment"
A15,B14,C09,1,2,2,"Parametric triggers from public weather/sensor feeds priced automatically || Heatwaves: buildings overheat, elderly and workers at risk (Cyprus 45C+) || Clinical triage: route cases by urgency with a short standard question set"
A15,B14,C10,1,2,2,"Parametric triggers from public weather/sensor feeds priced automatically || Heatwaves: buildings overheat, elderly and workers at risk (Cyprus 45C+) || Futures market: sell next season's output today to lock a price"
A15,B14,C11,2,3,6,"Parametric triggers from public weather/sensor feeds priced automatically || Heatwaves: buildings overheat, elderly and workers at risk (Cyprus 45C+) || Container shipping standard (TEU): one box fits every ship, truck, crane"
A15,B14,C12,2,3,6,"Parametric triggers from public weather/sensor feeds priced automatically || Heatwaves: buildings overheat, elderly and workers at risk (Cyprus 45C+) || Speedrun/leaderboard gaming: public live competition drives behaviour"
A15,B14,C13,1,2,2,"Parametric triggers from public weather/sensor feeds priced automatically || Heatwaves: buildings overheat, elderly and workers at risk (Cyprus 45C+) || Tontine / rotating savings club (ROSCA): members fund each other in turn"
A15,B14,C14,2,2,4,"Parametric triggers from public weather/sensor feeds priced automatically || Heatwaves: buildings overheat, elderly and workers at risk (Cyprus 45C+) || Prediction market: price aggregates dispersed knowledge into a probability"
A15,B14,C15,2,2,4,"Parametric triggers from public weather/sensor feeds priced automatically || Heatwaves: buildings overheat, elderly and workers at risk (Cyprus 45C+) || Pharmacovigilance: tiny signals from many reports detect rare problems early"
A15,B15,C01,1,3,3,Parametric triggers from public weather/sensor feeds priced automatically || Property and utility disputes between landlords and tenants over shared costs || Airline yield management: price changes by demand minute to minute
A15,B15,C02,1,3,3,"Parametric triggers from public weather/sensor feeds priced automatically || Property and utility disputes between landlords and tenants over shared costs || Chess/Elo rating: ranking from pairwise outcomes, no absolute measure needed"
A15,B15,C03,1,3,3,Parametric triggers from public weather/sensor feeds priced automatically || Property and utility disputes between landlords and tenants over shared costs || Blood-bank / organ matching: time-critical allocation of scarce perishable supply
A15,B15,C04,1,2,2,Parametric triggers from public weather/sensor feeds priced automatically || Property and utility disputes between landlords and tenants over shared costs || Reinsurance: pooling many small risks and selling slices to big capital
A15,B15,C05,1,3,3,Parametric triggers from public weather/sensor feeds priced automatically || Property and utility disputes between landlords and tenants over shared costs || Air-traffic control: live deconfliction of many actors in shared space
A15,B15,C06,1,3,3,Parametric triggers from public weather/sensor feeds priced automatically || Property and utility disputes between landlords and tenants over shared costs || Spotify royalties: tiny usage events settled into automatic payouts
A15,B15,C07,1,3,3,Parametric triggers from public weather/sensor feeds priced automatically || Property and utility disputes between landlords and tenants over shared costs || Carfax-style history report built from many third-party events
A15,B15,C08,1,3,3,Parametric triggers from public weather/sensor feeds priced automatically || Property and utility disputes between landlords and tenants over shared costs || Ant colony / stigmergy: coordination through traces left in the environment
A15,B15,C09,0,3,0,Parametric triggers from public weather/sensor feeds priced automatically || Property and utility disputes between landlords and tenants over shared costs || Clinical triage: route cases by urgency with a short standard question set
A15,B15,C10,1,2,2,Parametric triggers from public weather/sensor feeds priced automatically || Property and utility disputes between landlords and tenants over shared costs || Futures market: sell next season's output today to lock a price
A15,B15,C11,1,3,3,"Parametric triggers from public weather/sensor feeds priced automatically || Property and utility disputes between landlords and tenants over shared costs || Container shipping standard (TEU): one box fits every ship, truck, crane"
A15,B15,C12,1,3,3,Parametric triggers from public weather/sensor feeds priced automatically || Property and utility disputes between landlords and tenants over shared costs || Speedrun/leaderboard gaming: public live competition drives behaviour
A15,B15,C13,1,2,2,Parametric triggers from public weather/sensor feeds priced automatically || Property and utility disputes between landlords and tenants over shared costs || Tontine / rotating savings club (ROSCA): members fund each other in turn
A15,B15,C14,1,2,2,Parametric triggers from public weather/sensor feeds priced automatically || Property and utility disputes between landlords and tenants over shared costs || Prediction market: price aggregates dispersed knowledge into a probability
A15,B15,C15,1,3,3,Parametric triggers from public weather/sensor feeds priced automatically || Property and utility disputes between landlords and tenants over shared costs || Pharmacovigilance: tiny signals from many reports detect rare problems early
